"","Id","When","NAICS","Alberta","BritishColumbia","Canada","Manitoba","NewBrunswick","NewfoundlandAndLabrador","NovaScotia","Ontario","PrinceEdwardIsland","Quebec","Saskatchewan","ModifiedDate"
"1",29379,"1/1/2001 12:00:00 AM","Industrial aggregate excluding unclassified businesses",670.2,660.6,658.19,579.7,584.29,594.04,571.06,698.71,535.55,625,597.61,"7/30/2020 10:20:44 AM"
"2",29380,"2/1/2001 12:00:00 AM","Industrial aggregate excluding unclassified businesses",670.17,659.57,655.97,581.39,584.64,591.96,569.88,693.82,531.83,624.13,596.22,"7/30/2020 10:20:44 AM"
"3",29381,"3/1/2001 12:00:00 AM","Industrial aggregate excluding unclassified businesses",668.09,654.25,656.08,579.45,583.66,593.39,570.68,697.28,534.5,623.14,590.48,"7/30/2020 10:20:44 AM"
"4",29382,"4/1/2001 12:00:00 AM","Industrial aggregate excluding unclassified businesses",671.36,657.42,654.27,577.11,580.49,591.88,568.74,693.86,522.23,619.3,590.65,"7/30/2020 10:20:44 AM"
"5",29383,"5/1/2001 12:00:00 AM","Industrial aggregate excluding unclassified businesses",664.07,653.5,650.19,572.57,577.97,588.13,567.82,688.39,522.08,619.09,588.62,"7/30/2020 10:20:44 AM"
"6",29384,"6/1/2001 12:00:00 AM","Industrial aggregate excluding unclassified businesses",675.37,661.73,658.22,589.39,582.33,591.86,576.29,697.5,529.27,623.66,599.07,"7/30/2020 10:20:44 AM"
"7",29385,"7/1/2001 12:00:00 AM","Industrial aggregate excluding unclassified businesses",672.62,655.98,655.54,587.14,580.1,590.93,576.08,696.76,509.32,620.14,591.67,"7/30/2020 10:20:44 AM"
"8",29386,"8/1/2001 12:00:00 AM","Industrial aggregate excluding unclassified businesses",673.25,653.93,655.69,593.39,602.47,593.54,579.58,691.2,534.38,625.14,599.62,"7/30/2020 10:20:44 AM"
"9",29387,"9/1/2001 12:00:00 AM","Industrial aggregate excluding unclassified businesses",691.89,659.53,660.64,588.41,594.09,600.97,576.88,699.54,531.65,622.27,602.19,"7/30/2020 10:20:44 AM"
"10",29388,"10/1/2001 12:00:00 AM","Industrial aggregate excluding unclassified businesses",692.9,664.57,661.23,588.02,595.43,596.53,583.04,697.17,534.92,623.91,604.9,"7/30/2020 10:20:44 AM"
"11",29389,"11/1/2001 12:00:00 AM","Industrial aggregate excluding unclassified businesses",675.47,655.05,659.75,587.29,597.68,585.31,583.09,701.16,535.46,625.98,591.72,"7/30/2020 10:20:44 AM"
"12",29390,"12/1/2001 12:00:00 AM","Industrial aggregate excluding unclassified businesses",673.61,658.81,661.5,593.64,601.87,594.03,594.14,697.74,559.63,631.26,606.78,"7/30/2020 10:20:44 AM"
"13",29391,"1/1/2002 12:00:00 AM","Industrial aggregate excluding unclassified businesses",682.66,655.47,664.31,590.14,598.85,599.17,592,698.89,562.44,639.13,605.21,"7/30/2020 10:20:44 AM"
"14",29392,"2/1/2002 12:00:00 AM","Industrial aggregate excluding unclassified businesses",687.96,665.24,662.79,595,595.63,590.41,586.77,699.36,550.8,625.68,600.9,"7/30/2020 10:20:44 AM"
"15",29393,"3/1/2002 12:00:00 AM","Industrial aggregate excluding unclassified businesses",692.41,676.96,667.07,596.94,600.94,600.11,590.2,703.93,565.18,625.19,606.11,"7/30/2020 10:20:44 AM"
"16",29394,"4/1/2002 12:00:00 AM","Industrial aggregate excluding unclassified businesses",695.71,679.55,674.72,601.17,603.62,604.82,595.42,712.07,558.45,638.92,613.09,"7/30/2020 10:20:44 AM"
"17",29395,"5/1/2002 12:00:00 AM","Industrial aggregate excluding unclassified businesses",680.48,666.65,669.9,598.2,602.7,611.03,598.48,706.6,560.1,643.86,599.2,"7/30/2020 10:20:44 AM"
"18",29396,"6/1/2002 12:00:00 AM","Industrial aggregate excluding unclassified businesses",693.05,667.15,671.89,602.77,603.58,607.09,601.49,711.54,562.46,637.31,605.13,"7/30/2020 10:20:44 AM"
"19",29397,"7/1/2002 12:00:00 AM","Industrial aggregate excluding unclassified businesses",694.42,671.09,675.63,608.27,604.15,607.57,604.5,716.33,540.52,640.49,611.71,"7/30/2020 10:20:44 AM"
"20",29398,"8/1/2002 12:00:00 AM","Industrial aggregate excluding unclassified businesses",683.92,661.43,668.49,604.01,597.75,604.02,593.04,707.79,540.68,638.18,603.54,"7/30/2020 10:20:44 AM"
"21",29399,"9/1/2002 12:00:00 AM","Industrial aggregate excluding unclassified businesses",696.43,676.76,674.95,604.8,602.06,612.72,591.73,716.05,549.39,635.2,615.9,"7/30/2020 10:20:44 AM"
"22",29400,"10/1/2002 12:00:00 AM","Industrial aggregate excluding unclassified businesses",694.16,666.84,679.5,605.02,613.36,618.28,598.88,719.08,557.26,653.45,612.25,"7/30/2020 10:20:44 AM"
"23",29401,"11/1/2002 12:00:00 AM","Industrial aggregate excluding unclassified businesses",702.52,682.92,680.31,620.69,609.24,622.07,598.41,720.12,564.84,638.68,621.36,"7/30/2020 10:20:44 AM"
"24",29402,"12/1/2002 12:00:00 AM","Industrial aggregate excluding unclassified businesses",704.21,687.74,686.38,624.95,610.9,629.78,610.07,722.28,578.37,652.3,629.87,"7/30/2020 10:20:44 AM"
"25",29403,"1/1/2003 12:00:00 AM","Industrial aggregate excluding unclassified businesses",702.83,680.16,681.62,617.85,611.91,624.97,607.11,716.63,575.47,648.05,623.52,"7/30/2020 10:20:44 AM"
"26",29404,"2/1/2003 12:00:00 AM","Industrial aggregate excluding unclassified businesses",720.6,690.72,690.69,619.34,613.68,636.77,607.3,728.2,575.5,651.49,633.65,"7/30/2020 10:20:44 AM"
"27",29405,"3/1/2003 12:00:00 AM","Industrial aggregate excluding unclassified businesses",708.24,679.46,683.07,614.06,610.29,629.32,605.42,721.43,563.81,645.36,624.97,"7/30/2020 10:20:44 AM"
"28",29406,"4/1/2003 12:00:00 AM","Industrial aggregate excluding unclassified businesses",715.49,686.06,687.13,614.45,613.67,636.17,611.02,723.15,564.83,650.62,632.68,"7/30/2020 10:20:44 AM"
"29",29407,"5/1/2003 12:00:00 AM","Industrial aggregate excluding unclassified businesses",697.06,675.91,683.76,609.89,611.28,641.9,613.42,721.54,569.29,655.39,622.84,"7/30/2020 10:20:44 AM"
"30",29408,"6/1/2003 12:00:00 AM","Industrial aggregate excluding unclassified businesses",716.75,690.25,692.73,619.97,616.88,648.51,614.8,730.98,571.16,657.19,641.37,"7/30/2020 10:20:44 AM"
"31",29409,"7/1/2003 12:00:00 AM","Industrial aggregate excluding unclassified businesses",711.39,672.75,689.14,613.15,619.4,652.1,610.24,725.98,550.41,665.34,626.53,"7/30/2020 10:20:44 AM"
"32",29410,"8/1/2003 12:00:00 AM","Industrial aggregate excluding unclassified businesses",720.43,687.54,690.43,622.91,619.46,650.08,611.36,730.04,558.15,648.48,638.7,"7/30/2020 10:20:44 AM"
"33",29411,"9/1/2003 12:00:00 AM","Industrial aggregate excluding unclassified businesses",733.39,694.53,698.35,626.79,626.21,642.95,609.97,736.66,575.31,658.91,648.92,"7/30/2020 10:20:44 AM"
"34",29412,"10/1/2003 12:00:00 AM","Industrial aggregate excluding unclassified businesses",716.52,687.61,696.77,624.67,625.33,629.41,609.52,735.84,573.03,667.7,637.47,"7/30/2020 10:20:44 AM"
"35",29413,"11/1/2003 12:00:00 AM","Industrial aggregate excluding unclassified businesses",731.4,698.21,700.03,624.81,630.12,643.68,610.54,736.48,580.4,664.41,644.62,"7/30/2020 10:20:44 AM"
"36",29414,"12/1/2003 12:00:00 AM","Industrial aggregate excluding unclassified businesses",722.4,687.29,699.61,631.87,623.09,639.7,618.8,736.94,584.82,669.83,647.56,"7/30/2020 10:20:44 AM"
"37",29415,"1/1/2004 12:00:00 AM","Industrial aggregate excluding unclassified businesses",729.88,692.68,702.88,634.07,630.55,646.13,614.88,745.67,589.85,661.97,643.49,"7/30/2020 10:20:44 AM"
"38",29416,"2/1/2004 12:00:00 AM","Industrial aggregate excluding unclassified businesses",740.06,700.09,706.05,633.59,625.79,654.01,610.82,747.7,575.97,663.42,645.17,"7/30/2020 10:20:44 AM"
"39",29417,"3/1/2004 12:00:00 AM","Industrial aggregate excluding unclassified businesses",746.21,697.3,705.89,630.17,621.91,656.37,617.88,745.43,580.09,664.24,648.8,"7/30/2020 10:20:44 AM"
"40",29418,"4/1/2004 12:00:00 AM","Industrial aggregate excluding unclassified businesses",725.9,689.88,705.01,628.83,620.12,642.1,619.83,748.37,585.81,671.79,636.99,"7/30/2020 10:20:44 AM"
"41",29419,"5/1/2004 12:00:00 AM","Industrial aggregate excluding unclassified businesses",735.43,694.1,709.35,633.69,628.44,671.64,630.81,751.13,605.82,672.53,657.25,"7/30/2020 10:20:44 AM"
"42",29420,"6/1/2004 12:00:00 AM","Industrial aggregate excluding unclassified businesses",731.06,689.8,707.38,633.4,624.87,658.02,627.45,748.35,588.46,676.6,650.5,"7/30/2020 10:20:44 AM"
"43",29421,"7/1/2004 12:00:00 AM","Industrial aggregate excluding unclassified businesses",730.97,692.8,706.28,632.11,622.5,660.94,627.26,747.81,570.05,671.77,654.43,"7/30/2020 10:20:44 AM"
"44",29422,"8/1/2004 12:00:00 AM","Industrial aggregate excluding unclassified businesses",746.35,699.4,707.64,636.68,620.67,651.47,627.14,745.46,562.96,669.41,658.82,"7/30/2020 10:20:44 AM"
"45",29423,"9/1/2004 12:00:00 AM","Industrial aggregate excluding unclassified businesses",743.42,691.77,711.82,635.63,627.85,649.74,627.1,744.7,577.21,693.73,653.48,"7/30/2020 10:20:44 AM"
"46",29424,"10/1/2004 12:00:00 AM","Industrial aggregate excluding unclassified businesses",746.44,706.02,711.7,652.04,630.76,659.97,630.14,750.34,584.01,669.3,664.03,"7/30/2020 10:20:44 AM"
"47",29425,"11/1/2004 12:00:00 AM","Industrial aggregate excluding unclassified businesses",760.92,709.48,716.38,649.16,632.91,656.21,627.07,753.32,592.52,674.24,671.47,"7/30/2020 10:20:44 AM"
"48",29426,"12/1/2004 12:00:00 AM","Industrial aggregate excluding unclassified businesses",746.74,705.73,720.62,648.4,642.28,659.29,643.86,759.1,606.49,688.58,668.46,"7/30/2020 10:20:44 AM"
"49",29427,"1/1/2005 12:00:00 AM","Industrial aggregate excluding unclassified businesses",764.2,715.78,725.99,659.17,651.09,672.42,647.81,764.82,603.22,681.41,683.24,"7/30/2020 10:20:44 AM"
"50",29428,"2/1/2005 12:00:00 AM","Industrial aggregate excluding unclassified businesses",785.27,726.02,736.72,659.81,652.88,677.05,654.31,776.41,608.28,691.07,682.49,"7/30/2020 10:20:44 AM"
"51",29429,"3/1/2005 12:00:00 AM","Industrial aggregate excluding unclassified businesses",753.08,700.86,725.58,658.24,648.88,664.53,646.93,763.87,600.69,699.2,662.71,"7/30/2020 10:20:44 AM"
"52",29430,"4/1/2005 12:00:00 AM","Industrial aggregate excluding unclassified businesses",767.92,723.08,730.24,658.66,649.12,676.21,646.42,773.31,602.78,682.37,671.44,"7/30/2020 10:20:44 AM"
"53",29431,"5/1/2005 12:00:00 AM","Industrial aggregate excluding unclassified businesses",777.39,724.46,732.73,661.05,647.34,681.48,654.73,772.88,599.23,686.03,680.83,"7/30/2020 10:20:44 AM"
"54",29432,"6/1/2005 12:00:00 AM","Industrial aggregate excluding unclassified businesses",769.15,717.6,737.11,669.67,650.07,681.84,658.01,780.23,595.66,700.51,675.08,"7/30/2020 10:20:44 AM"
"55",29433,"7/1/2005 12:00:00 AM","Industrial aggregate excluding unclassified businesses",773.45,717.68,732.86,666.26,649.34,687.86,654.92,771.66,593.63,694.5,677.11,"7/30/2020 10:20:44 AM"
"56",29434,"8/1/2005 12:00:00 AM","Industrial aggregate excluding unclassified businesses",788.1,721.72,737.38,669.25,649.14,684.15,658.19,775.26,588.6,696.03,686.72,"7/30/2020 10:20:44 AM"
"57",29435,"9/1/2005 12:00:00 AM","Industrial aggregate excluding unclassified businesses",796.83,733.03,750.31,677.74,661.81,687.48,667.76,789.63,602.19,712.88,687.01,"7/30/2020 10:20:44 AM"
"58",29436,"10/1/2005 12:00:00 AM","Industrial aggregate excluding unclassified businesses",805.94,726.85,745.09,673.83,663.53,694.49,665.02,784.17,605.01,697.59,695.21,"7/30/2020 10:20:44 AM"
"59",29437,"11/1/2005 12:00:00 AM","Industrial aggregate excluding unclassified businesses",812.83,734.35,744.2,670.7,662.61,689.04,664.06,780.34,610.57,693.16,693.11,"7/30/2020 10:20:44 AM"
"60",29438,"12/1/2005 12:00:00 AM","Industrial aggregate excluding unclassified businesses",795.1,730.74,745,672.55,662.67,689.01,665.27,782.19,624.88,703.64,689.44,"7/30/2020 10:20:44 AM"
"61",29439,"1/1/2006 12:00:00 AM","Industrial aggregate excluding unclassified businesses",808.57,737.13,746.04,676.11,666.94,696.36,670.71,784.75,623.79,688.64,704.97,"7/30/2020 10:20:44 AM"
"62",29440,"2/1/2006 12:00:00 AM","Industrial aggregate excluding unclassified businesses",819.96,745.53,750.96,676.95,666.42,696.93,668.27,787.97,614.73,695.13,698.64,"7/30/2020 10:20:44 AM"
"63",29441,"3/1/2006 12:00:00 AM","Industrial aggregate excluding unclassified businesses",809.89,732.93,750.64,678.51,665.48,697.15,669.38,785.7,619.08,709.48,696.03,"7/30/2020 10:20:44 AM"
"64",29442,"4/1/2006 12:00:00 AM","Industrial aggregate excluding unclassified businesses",820.3,744.03,750.63,676.21,667.5,706.22,667.45,783.64,621.06,700.1,707.23,"7/30/2020 10:20:44 AM"
"65",29443,"5/1/2006 12:00:00 AM","Industrial aggregate excluding unclassified businesses",823.99,748.45,750.41,672.22,665.58,706.87,662.4,782.28,627.36,699.27,704.11,"7/30/2020 10:20:44 AM"
"66",29444,"6/1/2006 12:00:00 AM","Industrial aggregate excluding unclassified businesses",808.28,741.94,753.8,692.18,670.93,702.85,678.43,784.91,626.96,715.77,708.63,"7/30/2020 10:20:44 AM"
"67",29445,"7/1/2006 12:00:00 AM","Industrial aggregate excluding unclassified businesses",816.75,739.12,751.05,681.51,665.97,703.24,675.19,782.7,607.63,707.52,708.72,"7/30/2020 10:20:44 AM"
"68",29446,"8/1/2006 12:00:00 AM","Industrial aggregate excluding unclassified businesses",816.46,733.47,754.29,679.07,665.68,701.87,676.86,784.14,606.7,723.04,702.7,"7/30/2020 10:20:44 AM"
"69",29447,"9/1/2006 12:00:00 AM","Industrial aggregate excluding unclassified businesses",826.54,747.94,757.22,696.07,679.18,713.49,675.67,793.72,624.85,700.53,711.59,"7/30/2020 10:20:44 AM"
"70",29448,"10/1/2006 12:00:00 AM","Industrial aggregate excluding unclassified businesses",841.89,751.11,761.72,693.42,680.02,713.88,671.58,796.47,622.32,705.29,718.86,"7/30/2020 10:20:44 AM"
"71",29449,"11/1/2006 12:00:00 AM","Industrial aggregate excluding unclassified businesses",821.64,736.29,760.49,690.85,686.55,706.35,677.19,791.97,629.58,726.74,707.29,"7/30/2020 10:20:44 AM"
"72",29450,"12/1/2006 12:00:00 AM","Industrial aggregate excluding unclassified businesses",844.61,766.36,773.46,717.98,697.28,726.7,686.52,806.61,646.62,717.84,727.86,"7/30/2020 10:20:44 AM"
"73",29451,"1/1/2007 12:00:00 AM","Industrial aggregate excluding unclassified businesses",854.18,762.39,773.73,709.09,695.69,729.24,681.61,807.8,641.73,714.57,734.42,"7/30/2020 10:20:44 AM"
"74",29452,"2/1/2007 12:00:00 AM","Industrial aggregate excluding unclassified businesses",853.03,758.57,776.6,715.65,699.62,721.51,685.64,809.98,645.05,724.77,734.12,"7/30/2020 10:20:44 AM"
"75",29453,"3/1/2007 12:00:00 AM","Industrial aggregate excluding unclassified businesses",849.94,759.11,784.1,725.35,708.07,731.56,702.76,816.48,661.24,741.78,740.55,"7/30/2020 10:20:44 AM"
"76",29454,"4/1/2007 12:00:00 AM","Industrial aggregate excluding unclassified businesses",856.96,766.03,781.58,719.78,703.21,738.95,689.41,815.39,647.41,728.53,734.91,"7/30/2020 10:20:44 AM"
"77",29455,"5/1/2007 12:00:00 AM","Industrial aggregate excluding unclassified businesses",849.03,757.68,784.85,712.19,708.61,728.32,701.02,815.14,644.35,752.97,736.73,"7/30/2020 10:20:44 AM"
"78",29456,"6/1/2007 12:00:00 AM","Industrial aggregate excluding unclassified businesses",874.07,781.39,792.84,735.65,708.76,740.62,705.82,827.74,644.02,733.66,756.06,"7/30/2020 10:20:44 AM"
"79",29457,"7/1/2007 12:00:00 AM","Industrial aggregate excluding unclassified businesses",877.94,770.58,788.22,724.3,698.64,737.78,693.64,819.14,624.72,737.78,747.64,"7/30/2020 10:20:44 AM"
"80",29458,"8/1/2007 12:00:00 AM","Industrial aggregate excluding unclassified businesses",862.48,761.83,784.16,724.23,700.48,727.67,697.4,814.55,627.15,741.42,740.44,"7/30/2020 10:20:44 AM"
"81",29459,"9/1/2007 12:00:00 AM","Industrial aggregate excluding unclassified businesses",888.69,773.27,790.88,726.84,705.56,740.16,688.5,820.18,636.43,737.35,762.61,"7/30/2020 10:20:44 AM"
"82",29460,"10/1/2007 12:00:00 AM","Industrial aggregate excluding unclassified businesses",897.66,777.89,793.62,733.66,712.9,743.74,685.81,823.4,639.69,734.55,759.02,"7/30/2020 10:20:44 AM"
"83",29461,"11/1/2007 12:00:00 AM","Industrial aggregate excluding unclassified businesses",886.03,778.43,799.17,740.63,719.2,741.55,699.03,830.73,656.41,748.62,758.2,"7/30/2020 10:20:44 AM"
"84",29462,"12/1/2007 12:00:00 AM","Industrial aggregate excluding unclassified businesses",890.19,782.48,799.5,736.88,723,741.37,702.15,828.47,664.16,746.49,770.68,"7/30/2020 10:20:44 AM"
"85",29463,"1/1/2008 12:00:00 AM","Industrial aggregate excluding unclassified businesses",884.25,768.55,797.54,727.43,717.16,741.58,701.74,830.06,655.36,749.74,760.19,"7/30/2020 10:20:44 AM"
"86",29464,"2/1/2008 12:00:00 AM","Industrial aggregate excluding unclassified businesses",922.13,794.54,809.55,752.37,724.19,751.25,702.78,844.49,660.85,734.99,777.76,"7/30/2020 10:20:44 AM"
"87",29465,"3/1/2008 12:00:00 AM","Industrial aggregate excluding unclassified businesses",918.38,787.88,808.35,742.99,721.4,757.39,703.31,836.72,656.18,749.78,776.35,"7/30/2020 10:20:44 AM"
"88",29466,"4/1/2008 12:00:00 AM","Industrial aggregate excluding unclassified businesses",916.06,791.56,810.38,745.92,722.25,762.51,707.24,837.36,663.15,755.11,783.5,"7/30/2020 10:20:44 AM"
"89",29467,"5/1/2008 12:00:00 AM","Industrial aggregate excluding unclassified businesses",898.42,784.63,806.81,743.45,725.98,760.89,714.4,834.98,668.3,759.28,771.21,"7/30/2020 10:20:44 AM"
"90",29468,"6/1/2008 12:00:00 AM","Industrial aggregate excluding unclassified businesses",921.57,791.39,811.82,745.94,724.23,765.76,712.28,842.94,647.1,750.55,785.95,"7/30/2020 10:20:44 AM"
"91",29469,"7/1/2008 12:00:00 AM","Industrial aggregate excluding unclassified businesses",905.03,773.98,807.31,737.78,733.3,758.89,720.18,831.85,653.42,768.9,775.07,"7/30/2020 10:20:44 AM"
"92",29470,"8/1/2008 12:00:00 AM","Industrial aggregate excluding unclassified businesses",921.66,792.4,805.87,747.55,733.27,770.89,715.73,833.33,650.04,736.13,792.36,"7/30/2020 10:20:44 AM"
"93",29471,"9/1/2008 12:00:00 AM","Industrial aggregate excluding unclassified businesses",944.47,798.8,813.08,748.73,732.35,773.03,713.24,838.25,649.21,743.1,797.81,"7/30/2020 10:20:44 AM"
"94",29472,"10/1/2008 12:00:00 AM","Industrial aggregate excluding unclassified businesses",929.07,790.44,817.88,750.42,740.52,774.89,717.41,845.86,664.27,762.69,792.01,"7/30/2020 10:20:44 AM"
"95",29473,"11/1/2008 12:00:00 AM","Industrial aggregate excluding unclassified businesses",951.8,795.06,818.66,748.65,738.12,788.42,716.39,846.42,664.18,749.13,798.73,"7/30/2020 10:20:44 AM"
"96",29474,"12/1/2008 12:00:00 AM","Industrial aggregate excluding unclassified businesses",945.84,789.71,814.53,759.68,736.5,780.97,724.62,837.47,681.44,749.76,791.71,"7/30/2020 10:20:44 AM"
"97",29475,"1/1/2009 12:00:00 AM","Industrial aggregate excluding unclassified businesses",943.76,792.47,815.04,764.89,742.13,775.74,720.7,842.22,688.56,741.62,798.94,"7/30/2020 10:20:44 AM"
"98",29476,"2/1/2009 12:00:00 AM","Industrial aggregate excluding unclassified businesses",962.77,793.62,824.68,766.21,745.64,784.27,727.96,853.09,698,753.15,799.38,"7/30/2020 10:20:44 AM"
"99",29477,"3/1/2009 12:00:00 AM","Industrial aggregate excluding unclassified businesses",961.61,798.7,824.39,768.57,746.38,799.75,728.25,851.66,692.96,751.6,797.64,"7/30/2020 10:20:44 AM"
"100",29478,"4/1/2009 12:00:00 AM","Industrial aggregate excluding unclassified businesses",934.49,788.52,817.66,753.95,741.48,797.81,728.81,847.24,695.83,755.86,784.67,"7/30/2020 10:20:44 AM"
"101",29479,"5/1/2009 12:00:00 AM","Industrial aggregate excluding unclassified businesses",942.42,794.03,815.74,753.8,742.22,805.37,733.76,840.15,694.99,751.03,791.68,"7/30/2020 10:20:44 AM"
"102",29480,"6/1/2009 12:00:00 AM","Industrial aggregate excluding unclassified businesses",952.15,794.35,822.95,763.5,741.68,797.96,733.34,845.83,689.09,766.67,803.31,"7/30/2020 10:20:44 AM"
"103",29481,"7/1/2009 12:00:00 AM","Industrial aggregate excluding unclassified businesses",939.29,789.04,818.47,766.32,756.81,803.29,729.31,838.4,686.1,768.29,792.94,"7/30/2020 10:20:44 AM"
"104",29482,"8/1/2009 12:00:00 AM","Industrial aggregate excluding unclassified businesses",932.16,786.08,816.26,761.3,749.43,789.02,730.91,841.26,673.61,761.37,797.11,"7/30/2020 10:20:44 AM"
"105",29483,"9/1/2009 12:00:00 AM","Industrial aggregate excluding unclassified businesses",950.64,797.98,826.11,776.6,762.66,799.4,736,850.92,687.15,764.46,812.32,"7/30/2020 10:20:44 AM"
"106",29484,"10/1/2009 12:00:00 AM","Industrial aggregate excluding unclassified businesses",947.13,803.61,825.52,780.1,748.28,812.13,714.87,852.06,695.61,760.88,813.15,"7/30/2020 10:20:44 AM"
"107",29485,"11/1/2009 12:00:00 AM","Industrial aggregate excluding unclassified businesses",959.89,798.29,828.52,767.65,752.77,822.32,725.25,856.34,687.07,762.41,815.13,"7/30/2020 10:20:44 AM"
"108",29486,"12/1/2009 12:00:00 AM","Industrial aggregate excluding unclassified businesses",946.26,809.24,834.43,769.24,758.45,820.56,742.7,865.58,691.87,768.11,825.76,"7/30/2020 10:20:44 AM"
"109",29487,"1/1/2010 12:00:00 AM","Industrial aggregate excluding unclassified businesses",960.39,802.53,833.43,765.99,755.15,816,737.97,866.01,676.9,759.9,832.98,"7/30/2020 10:20:44 AM"
"110",29488,"2/1/2010 12:00:00 AM","Industrial aggregate excluding unclassified businesses",983.68,812.89,848.07,777.43,762.07,837.09,756.58,882.83,714.38,771.25,827.82,"7/30/2020 10:20:44 AM"
"111",29489,"3/1/2010 12:00:00 AM","Industrial aggregate excluding unclassified businesses",990.57,814.6,846.05,773.1,761.85,836.15,747.77,875.37,710.79,771.16,835.82,"7/30/2020 10:20:44 AM"
"112",29490,"4/1/2010 12:00:00 AM","Industrial aggregate excluding unclassified businesses",989.35,814.44,845.41,773.78,762.98,835.98,748.89,871.79,724.69,775.54,835.71,"7/30/2020 10:20:44 AM"
"113",29491,"5/1/2010 12:00:00 AM","Industrial aggregate excluding unclassified businesses",982.28,817.43,844.65,771.18,749.74,830.11,756.78,869.79,729.49,779.99,832.16,"7/30/2020 10:20:44 AM"
"114",29492,"6/1/2010 12:00:00 AM","Industrial aggregate excluding unclassified businesses",991.66,810.46,851.79,778.77,754.33,836.21,763.98,877.94,707.18,792.26,845.23,"7/30/2020 10:20:44 AM"
"115",29493,"7/1/2010 12:00:00 AM","Industrial aggregate excluding unclassified businesses",982.84,818.55,849.47,781.23,753.37,826.91,767.01,877.19,682.81,785.05,835.33,"7/30/2020 10:20:44 AM"
"116",29494,"8/1/2010 12:00:00 AM","Industrial aggregate excluding unclassified businesses",996.44,817.08,853.14,780.47,750.12,834.39,757.57,882.31,679.29,785.33,848.32,"7/30/2020 10:20:44 AM"
"117",29495,"9/1/2010 12:00:00 AM","Industrial aggregate excluding unclassified businesses",993.47,819.76,862.7,788.12,763.12,844.39,763.31,898.28,691.95,796.35,847.09,"7/30/2020 10:20:44 AM"
"118",29496,"10/1/2010 12:00:00 AM","Industrial aggregate excluding unclassified businesses",1006.36,830.02,860.33,796.8,765.73,835.96,759.61,885.94,712.73,789.88,863.26,"7/30/2020 10:20:44 AM"
"119",29497,"11/1/2010 12:00:00 AM","Industrial aggregate excluding unclassified businesses",1010.93,824.73,864.31,789.91,769.44,849,757.8,891.84,718.04,798.03,860.13,"7/30/2020 10:20:44 AM"
"120",29498,"12/1/2010 12:00:00 AM","Industrial aggregate excluding unclassified businesses",994.52,835.5,868.35,802.34,778.69,856,779.46,895.91,731.9,804.39,861.8,"7/30/2020 10:20:44 AM"
"121",29499,"1/1/2011 12:00:00 AM","Industrial aggregate excluding unclassified businesses",1030.06,835.03,871.46,797.25,784.85,864.01,755.81,900.18,716.69,791.71,882.55,"7/30/2020 10:20:44 AM"
"122",29500,"2/1/2011 12:00:00 AM","Industrial aggregate excluding unclassified businesses",1042.11,843.25,877.66,800.51,785.33,882.68,761.31,904.04,717.61,800.89,861.33,"7/30/2020 10:20:44 AM"
"123",29501,"3/1/2011 12:00:00 AM","Industrial aggregate excluding unclassified businesses",1027.09,832.1,873.88,797.68,787.94,879.9,765.27,900.95,732.68,803.34,864.03,"7/30/2020 10:20:44 AM"
"124",29502,"4/1/2011 12:00:00 AM","Industrial aggregate excluding unclassified businesses",1032.57,843.12,869.69,799.87,791.1,873.16,762.38,889.84,723.28,793.8,873.91,"7/30/2020 10:20:44 AM"
"125",29503,"5/1/2011 12:00:00 AM","Industrial aggregate excluding unclassified businesses",1031.53,845.48,869.36,800.23,782.46,869.85,761.89,889.53,728.11,796.8,850.58,"7/30/2020 10:20:44 AM"
"126",29504,"6/1/2011 12:00:00 AM","Industrial aggregate excluding unclassified businesses",1023.36,837.71,871.5,802.28,776.79,861.83,773.57,892.31,714.13,809.72,852.35,"7/30/2020 10:20:44 AM"
"127",29505,"7/1/2011 12:00:00 AM","Industrial aggregate excluding unclassified businesses",1016.07,829.39,865.12,799.54,780.92,872.48,768.9,882.4,693.64,804.45,865.62,"7/30/2020 10:20:44 AM"
"128",29506,"8/1/2011 12:00:00 AM","Industrial aggregate excluding unclassified businesses",1039.82,836.89,867.89,805.51,779.77,870.06,766.15,883.08,695.79,794.25,883.81,"7/30/2020 10:20:44 AM"
"129",29507,"9/1/2011 12:00:00 AM","Industrial aggregate excluding unclassified businesses",1025.81,840.91,869.92,804.83,789.32,884.28,756.22,883.95,722.29,804.98,897.53,"7/30/2020 10:20:44 AM"
"130",29508,"10/1/2011 12:00:00 AM","Industrial aggregate excluding unclassified businesses",1050.61,848.43,882.2,805.12,795.35,899.19,760.8,900.26,718.65,811.96,892.43,"7/30/2020 10:20:44 AM"
"131",29509,"11/1/2011 12:00:00 AM","Industrial aggregate excluding unclassified businesses",1049.25,848.36,880.59,801.83,800,891.22,774.51,893.84,738.69,814.14,895.15,"7/30/2020 10:20:44 AM"
"132",29510,"12/1/2011 12:00:00 AM","Industrial aggregate excluding unclassified businesses",1035.96,855.27,884.12,805.87,794.47,899.65,781.17,900.59,735.1,818.96,891.44,"7/30/2020 10:20:44 AM"
"133",29511,"1/1/2012 12:00:00 AM","Industrial aggregate excluding unclassified businesses",1052.02,859.02,883.58,816.73,792.89,905.45,772.11,900.93,726.14,800.92,909.48,"7/30/2020 10:20:44 AM"
"134",29512,"2/1/2012 12:00:00 AM","Industrial aggregate excluding unclassified businesses",1066.5,862.47,887.84,805.98,800.86,912.46,769.59,901.07,733.67,810.04,906.4,"7/30/2020 10:20:44 AM"
"135",29513,"3/1/2012 12:00:00 AM","Industrial aggregate excluding unclassified businesses",1057.95,863.64,890.22,821.19,807.69,920.14,778.18,900.71,755.94,819.06,912.78,"7/30/2020 10:20:44 AM"
"136",29514,"4/1/2012 12:00:00 AM","Industrial aggregate excluding unclassified businesses",1060.55,862.72,889.1,812.87,806.97,927.81,776.79,903.01,734.42,812.76,902.99,"7/30/2020 10:20:44 AM"
"137",29515,"5/1/2012 12:00:00 AM","Industrial aggregate excluding unclassified businesses",1040.32,852.59,888.14,810.41,806.62,915.93,789.99,899.34,755.71,831.71,896.85,"7/30/2020 10:20:44 AM"
"138",29516,"6/1/2012 12:00:00 AM","Industrial aggregate excluding unclassified businesses",1062.75,872.12,895,828.4,810.25,920.45,793.21,912.49,753.31,810.74,914.75,"7/30/2020 10:20:44 AM"
"139",29517,"7/1/2012 12:00:00 AM","Industrial aggregate excluding unclassified businesses",1072.88,869.82,897.37,825.9,805.46,934.68,790.51,908.62,724.13,821.16,928.38,"7/30/2020 10:20:44 AM"
"140",29518,"8/1/2012 12:00:00 AM","Industrial aggregate excluding unclassified businesses",1079.85,861.13,899.75,833.24,808.88,940.62,793.03,903.78,719.8,836.4,933.34,"7/30/2020 10:20:44 AM"
"141",29519,"9/1/2012 12:00:00 AM","Industrial aggregate excluding unclassified businesses",1080.84,865.72,898.85,834.47,805.09,937.21,793.92,904.64,728.41,829.79,928.26,"7/30/2020 10:20:44 AM"
"142",29520,"10/1/2012 12:00:00 AM","Industrial aggregate excluding unclassified businesses",1095.46,872.73,903.51,831.88,813.16,935.87,789.98,908.81,726.47,830.76,932.23,"7/30/2020 10:20:44 AM"
"143",29521,"11/1/2012 12:00:00 AM","Industrial aggregate excluding unclassified businesses",1079.39,874.08,904.02,825.96,810.42,931.98,805.28,910.59,750.24,838.09,923.65,"7/30/2020 10:20:44 AM"
"144",29522,"12/1/2012 12:00:00 AM","Industrial aggregate excluding unclassified businesses",1083.7,881.76,908.25,836.49,810.79,933.58,807.71,918.08,752.7,832.96,934.06,"7/30/2020 10:20:44 AM"
"145",29523,"1/1/2013 12:00:00 AM","Industrial aggregate excluding unclassified businesses",1068.47,863.02,898.77,823.49,801.98,934.5,784.42,914.12,738.12,824,925.04,"7/30/2020 10:20:44 AM"
"146",29524,"2/1/2013 12:00:00 AM","Industrial aggregate excluding unclassified businesses",1112.1,883.15,912.08,817.36,800.41,952.1,786.92,922.52,743.67,826.78,953.6,"7/30/2020 10:20:44 AM"
"147",29525,"3/1/2013 12:00:00 AM","Industrial aggregate excluding unclassified businesses",1104.96,873.16,905.38,829,794.12,945.24,786.44,919.43,761.56,810.8,954.51,"7/30/2020 10:20:44 AM"
"148",29526,"4/1/2013 12:00:00 AM","Industrial aggregate excluding unclassified businesses",1102.94,875.08,905.57,821.37,799.92,946.41,787.03,914.22,756.23,825.03,936.48,"7/30/2020 10:20:44 AM"
"149",29527,"5/1/2013 12:00:00 AM","Industrial aggregate excluding unclassified businesses",1097.56,877.83,910.76,815.11,807.87,940.22,800.75,918.32,769.53,841.93,935.18,"7/30/2020 10:20:44 AM"
"150",29528,"6/1/2013 12:00:00 AM","Industrial aggregate excluding unclassified businesses",1097.22,868.88,911.85,829.18,809.67,940.35,803.85,923.3,755.14,839.04,948.92,"7/30/2020 10:20:44 AM"
"151",29529,"7/1/2013 12:00:00 AM","Industrial aggregate excluding unclassified businesses",1098.63,866.19,907.09,824,800.06,948.76,808.62,913.96,738.37,834.2,946.79,"7/30/2020 10:20:44 AM"
"152",29530,"8/1/2013 12:00:00 AM","Industrial aggregate excluding unclassified businesses",1092.4,865.39,907.23,825.04,801.52,952.05,803.15,917.84,736.03,832.75,943.69,"7/30/2020 10:20:44 AM"
"153",29531,"9/1/2013 12:00:00 AM","Industrial aggregate excluding unclassified businesses",1113.73,870.62,908.05,823.02,789.7,955.12,795.21,912.23,746.11,832.77,942.21,"7/30/2020 10:20:44 AM"
"154",29532,"10/1/2013 12:00:00 AM","Industrial aggregate excluding unclassified businesses",1117.82,869.16,916.3,823.04,805.07,967.03,797.81,920.15,750.65,851.63,944.42,"7/30/2020 10:20:44 AM"
"155",29533,"11/1/2013 12:00:00 AM","Industrial aggregate excluding unclassified businesses",1136.3,897.4,922.56,843.79,824.82,973.39,806.84,929.02,756.85,827.44,958.24,"7/30/2020 10:20:44 AM"
"156",29534,"12/1/2013 12:00:00 AM","Industrial aggregate excluding unclassified businesses",1143.4,899.73,930.65,865.31,819.24,972.95,808.13,933.3,777.05,844.31,965.01,"7/30/2020 10:20:44 AM"
"157",29535,"1/1/2014 12:00:00 AM","Industrial aggregate excluding unclassified businesses",1115.36,886.85,920.48,843.13,807.3,958.88,801.72,932.34,770.63,834.69,941.78,"7/30/2020 10:20:44 AM"
"158",29536,"2/1/2014 12:00:00 AM","Industrial aggregate excluding unclassified businesses",1147.73,899.86,933.46,852.68,823.18,979.52,814.36,941.9,769.91,838.59,970.52,"7/30/2020 10:20:44 AM"
"159",29537,"3/1/2014 12:00:00 AM","Industrial aggregate excluding unclassified businesses",1155.15,899.95,930.99,856.62,812.74,984.74,809.72,934.31,774.53,836.51,966.47,"7/30/2020 10:20:44 AM"
"160",29538,"4/1/2014 12:00:00 AM","Industrial aggregate excluding unclassified businesses",1147.48,897.29,931.37,858.53,831.66,991.16,817.61,932.52,779.61,843.29,975.02,"7/30/2020 10:20:44 AM"
"161",29539,"5/1/2014 12:00:00 AM","Industrial aggregate excluding unclassified businesses",1134.06,898.35,932.84,852.97,834.5,993.17,827.39,934.82,773.38,856.51,958.11,"7/30/2020 10:20:44 AM"
"162",29540,"6/1/2014 12:00:00 AM","Industrial aggregate excluding unclassified businesses",1150.84,889.89,938.76,868.85,834.57,998.2,830.24,943.23,783.65,857.36,979.28,"7/30/2020 10:20:44 AM"
"163",29541,"7/1/2014 12:00:00 AM","Industrial aggregate excluding unclassified businesses",1138.11,881.09,939.55,861.13,842.48,998.51,830.65,942.07,757.78,874.95,977.55,"7/30/2020 10:20:44 AM"
"164",29542,"8/1/2014 12:00:00 AM","Industrial aggregate excluding unclassified businesses",1155.78,899.52,935.49,875.64,826.44,989.41,822.5,935.88,759.29,843.88,983.69,"7/30/2020 10:20:44 AM"
"165",29543,"9/1/2014 12:00:00 AM","Industrial aggregate excluding unclassified businesses",1159.98,898.02,935.07,869.91,836.19,1001.9,811.4,935.2,757.67,843.13,978.8,"7/30/2020 10:20:44 AM"
"166",29544,"10/1/2014 12:00:00 AM","Industrial aggregate excluding unclassified businesses",1163.83,903.26,940.87,873.07,838.43,1007.62,820.09,936.54,774.08,858.9,982.95,"7/30/2020 10:20:44 AM"
"167",29545,"11/1/2014 12:00:00 AM","Industrial aggregate excluding unclassified businesses",1160.7,904.64,938.08,863.22,838.37,1013.71,816.5,938.43,782.28,844.76,990.04,"7/30/2020 10:20:44 AM"
"168",29546,"12/1/2014 12:00:00 AM","Industrial aggregate excluding unclassified businesses",1159.05,905.48,948.27,882.46,855.76,1013.5,836.4,950.18,803.54,862.19,988.91,"7/30/2020 10:20:44 AM"
"169",29547,"1/1/2015 12:00:00 AM","Industrial aggregate excluding unclassified businesses",1157.91,912.97,944.91,875.85,841.57,1009.59,830.77,950.7,793.69,847,979.82,"7/30/2020 10:20:44 AM"
"170",29548,"2/1/2015 12:00:00 AM","Industrial aggregate excluding unclassified businesses",1176,920.78,956.66,874,854.88,1018.09,823.54,966.03,791.61,857.76,988.42,"7/30/2020 10:20:44 AM"
"171",29549,"3/1/2015 12:00:00 AM","Industrial aggregate excluding unclassified businesses",1172.75,913.49,956.76,866.43,847.82,1024.54,823.18,968.93,799.59,861.3,986.01,"7/30/2020 10:20:44 AM"
"172",29550,"4/1/2015 12:00:00 AM","Industrial aggregate excluding unclassified businesses",1144.39,896.58,954.16,860.64,856.75,1023.64,836.02,963.52,815.75,888.31,968.84,"7/30/2020 10:20:44 AM"
"173",29551,"5/1/2015 12:00:00 AM","Industrial aggregate excluding unclassified businesses",1145.52,911,944.77,876.93,848.28,1034.33,832.9,951.96,820.47,853.95,976.19,"7/30/2020 10:20:44 AM"
"174",29552,"6/1/2015 12:00:00 AM","Industrial aggregate excluding unclassified businesses",1152.28,911.93,956.2,890.14,855.45,1022.24,847.1,966.04,820.12,874.96,975.79,"7/30/2020 10:20:44 AM"
"175",29553,"7/1/2015 12:00:00 AM","Industrial aggregate excluding unclassified businesses",1118.34,906.1,953.27,887.82,860.18,1017.12,843.01,967.47,774.73,883.95,967.06,"7/30/2020 10:20:44 AM"
"176",29554,"8/1/2015 12:00:00 AM","Industrial aggregate excluding unclassified businesses",1125.8,900.24,940.5,879.68,844.67,994.96,831.92,951.76,766.86,857.82,971.95,"7/30/2020 10:20:44 AM"
"177",29555,"9/1/2015 12:00:00 AM","Industrial aggregate excluding unclassified businesses",1139.04,905.96,948.68,876.68,853.49,1012.66,832.24,957.3,788.56,871,981.82,"7/30/2020 10:20:44 AM"
"178",29556,"10/1/2015 12:00:00 AM","Industrial aggregate excluding unclassified businesses",1135.57,913.09,953.36,890.53,866.01,1025.69,835.15,961.11,806.5,878.09,988.71,"7/30/2020 10:20:44 AM"
"179",29557,"11/1/2015 12:00:00 AM","Industrial aggregate excluding unclassified businesses",1138.9,911.7,950.7,877.66,861.03,1028.63,832.3,965.76,802.53,860.35,980.52,"7/30/2020 10:20:44 AM"
"180",29558,"12/1/2015 12:00:00 AM","Industrial aggregate excluding unclassified businesses",1138.02,926.77,964.56,903.78,871.56,1038.37,852.39,981.81,821.84,875.66,991.14,"7/30/2020 10:20:44 AM"
"181",29559,"1/1/2016 12:00:00 AM","Industrial aggregate excluding unclassified businesses",1109.64,910.34,946.01,881.06,856.99,1008.84,834.04,962.9,805.33,862.39,988.64,"7/30/2020 10:20:44 AM"
"182",29560,"2/1/2016 12:00:00 AM","Industrial aggregate excluding unclassified businesses",1141.36,926.41,960.74,890.08,868.84,1008.28,851.61,974.37,813.3,875.71,995.23,"7/30/2020 10:20:44 AM"
"183",29561,"3/1/2016 12:00:00 AM","Industrial aggregate excluding unclassified businesses",1131.81,911.84,960.37,881.53,879.93,1014.09,867.87,974.86,829.97,887.8,979.7,"7/30/2020 10:20:44 AM"
"184",29562,"4/1/2016 12:00:00 AM","Industrial aggregate excluding unclassified businesses",1123.24,927.71,954.49,887.08,876.12,1008.88,853.69,971.37,819.51,864.33,984.35,"7/30/2020 10:20:44 AM"
"185",29563,"5/1/2016 12:00:00 AM","Industrial aggregate excluding unclassified businesses",1097.95,919.22,950.65,880.35,878.1,1017.91,835.56,969.62,828.78,875.08,977.94,"7/30/2020 10:20:44 AM"
"186",29564,"6/1/2016 12:00:00 AM","Industrial aggregate excluding unclassified businesses",1102.94,919.88,960.13,892.08,881.37,1023.35,846.81,984.85,835.05,884.54,981.15,"7/30/2020 10:20:44 AM"
"187",29565,"7/1/2016 12:00:00 AM","Industrial aggregate excluding unclassified businesses",1115.87,908.72,951.39,888.81,869.31,1016.78,851.87,968.31,793.33,873.99,984.77,"7/30/2020 10:20:44 AM"
"188",29566,"8/1/2016 12:00:00 AM","Industrial aggregate excluding unclassified businesses",1122.58,913.43,953.99,889.69,861.95,1002.66,848.59,971.24,795.78,876.18,982.73,"7/30/2020 10:20:44 AM"
"189",29567,"9/1/2016 12:00:00 AM","Industrial aggregate excluding unclassified businesses",1105.98,913.62,950.36,883.48,868.24,1010.67,846.82,961.47,816.55,886.65,982.14,"7/30/2020 10:20:44 AM"
"190",29568,"10/1/2016 12:00:00 AM","Industrial aggregate excluding unclassified businesses",1113.99,916.24,952.22,880.74,886.46,1029.84,835.1,966.14,811.17,878.78,992.78,"7/30/2020 10:20:44 AM"
"191",29569,"11/1/2016 12:00:00 AM","Industrial aggregate excluding unclassified businesses",1123.52,927.68,959.27,893.44,878.31,1035.95,839.41,976.46,817.6,877.83,988.56,"7/30/2020 10:20:44 AM"
"192",29570,"12/1/2016 12:00:00 AM","Industrial aggregate excluding unclassified businesses",1129.33,947.95,979.25,910.84,891.14,1028.93,863.2,1001.79,846.5,897.36,1009.66,"7/30/2020 10:20:44 AM"
"193",29571,"1/1/2017 12:00:00 AM","Industrial aggregate excluding unclassified businesses",1107.78,933.08,963.44,899.88,879.12,1022.97,848.42,985.71,823.99,879.45,1014.95,"7/30/2020 10:20:44 AM"
"194",29572,"2/1/2017 12:00:00 AM","Industrial aggregate excluding unclassified businesses",1122.52,939.85,970.5,909.97,873.83,1045.47,844.56,993.06,815.7,885.84,1003.73,"7/30/2020 10:20:44 AM"
"195",29573,"3/1/2017 12:00:00 AM","Industrial aggregate excluding unclassified businesses",1123.53,936.94,973.54,908.68,881.39,1044.8,863.76,990.19,838.31,901.38,1017.19,"7/30/2020 10:20:44 AM"
"196",29574,"4/1/2017 12:00:00 AM","Industrial aggregate excluding unclassified businesses",1126.47,936.69,970.96,916.82,882.01,1039.77,865.33,987.07,828.24,894.2,1008.39,"7/30/2020 10:20:44 AM"
"197",29575,"5/1/2017 12:00:00 AM","Industrial aggregate excluding unclassified businesses",1108.09,942.11,966.15,902.78,885.42,1032.99,849.93,982.15,831.51,895.98,987.09,"7/30/2020 10:20:44 AM"
"198",29576,"6/1/2017 12:00:00 AM","Industrial aggregate excluding unclassified businesses",1126.88,948.34,975.59,903.29,874.93,1033.48,872.24,993.06,829.36,901.95,1000.71,"7/30/2020 10:20:44 AM"
"199",29577,"7/1/2017 12:00:00 AM","Industrial aggregate excluding unclassified businesses",1118.83,925.93,962.67,900.73,865.15,1011.27,866.79,974.55,786.17,898.44,994.75,"7/30/2020 10:20:44 AM"
"200",29578,"8/1/2017 12:00:00 AM","Industrial aggregate excluding unclassified businesses",1119.98,924.22,972.35,911.5,883.17,1016.61,871.23,984,790.02,920.36,1000.51,"7/30/2020 10:20:44 AM"
"201",29579,"9/1/2017 12:00:00 AM","Industrial aggregate excluding unclassified businesses",1148.15,953.31,980.64,918.21,895.79,1038.06,866.5,993.83,800.36,901.94,1012.48,"7/30/2020 10:20:44 AM"
"202",29580,"10/1/2017 12:00:00 AM","Industrial aggregate excluding unclassified businesses",1155.11,952.92,980.37,904.94,902.61,1041.47,849.42,991.76,807.92,905.33,1008.57,"7/30/2020 10:20:44 AM"
"203",29581,"11/1/2017 12:00:00 AM","Industrial aggregate excluding unclassified businesses",1142.01,945.54,990.42,908.06,911.34,1053.32,866.42,1007.24,837.1,930.94,1008.01,"7/30/2020 10:20:44 AM"
"204",29582,"12/1/2017 12:00:00 AM","Industrial aggregate excluding unclassified businesses",1156.67,980.22,1003.87,939.86,906.21,1038.18,870.91,1025.41,870.91,918.7,1050.12,"7/30/2020 10:20:44 AM"
"205",29583,"1/1/2018 12:00:00 AM","Industrial aggregate excluding unclassified businesses",1137.35,957.66,988.94,920.92,898.74,1025.18,847.91,1010.93,836.51,912.77,1021.98,"7/30/2020 10:20:44 AM"
"206",29584,"2/1/2018 12:00:00 AM","Industrial aggregate excluding unclassified businesses",1169.49,968.08,1004.84,932.63,912.38,1041.82,864.38,1026.47,847.02,927.24,1023.2,"7/30/2020 10:20:44 AM"
"207",29585,"3/1/2018 12:00:00 AM","Industrial aggregate excluding unclassified businesses",1162.62,968.4,1003.49,935.27,906.18,1033.97,871.94,1019.57,861.27,937.76,1014.38,"7/30/2020 10:20:44 AM"
"208",29586,"4/1/2018 12:00:00 AM","Industrial aggregate excluding unclassified businesses",1157.1,951.74,994.82,932.83,906.68,1034.13,858.04,1014.01,849.05,925.49,1003.5,"7/30/2020 10:20:44 AM"
"209",29587,"5/1/2018 12:00:00 AM","Industrial aggregate excluding unclassified businesses",1123.98,949.53,991.82,927.94,910.77,1047.86,865.98,1009.62,841.16,940,995.28,"7/30/2020 10:20:44 AM"
"210",29588,"6/1/2018 12:00:00 AM","Industrial aggregate excluding unclassified businesses",1151.38,975.99,1004.96,955.05,897.6,1055.59,872.75,1025.43,829.73,932.18,1028.38,"7/30/2020 10:20:44 AM"
"211",29589,"7/1/2018 12:00:00 AM","Industrial aggregate excluding unclassified businesses",1145.24,960.87,991.09,935.29,904.88,1019.44,880.8,1005.73,799.98,924.29,1003.97,"7/30/2020 10:20:44 AM"
"212",29590,"8/1/2018 12:00:00 AM","Industrial aggregate excluding unclassified businesses",1148.84,969.64,1001.53,946.69,914.4,1011.55,879.75,1017.24,823.57,941.06,997.04,"7/30/2020 10:20:44 AM"
"213",29591,"9/1/2018 12:00:00 AM","Industrial aggregate excluding unclassified businesses",1135.1,969.4,996.02,929.46,909.93,1036.98,868.53,1018.43,826.19,923.34,1010.05,"7/30/2020 10:20:44 AM"
"214",29592,"10/1/2018 12:00:00 AM","Industrial aggregate excluding unclassified businesses",1151.56,980.93,1004.29,934.58,920.9,1046.48,867.28,1022.65,853.84,931.63,1029.92,"7/30/2020 10:20:44 AM"
"215",29593,"11/1/2018 12:00:00 AM","Industrial aggregate excluding unclassified businesses",1149.62,981.65,1011.13,941.06,933.03,1043.75,883.26,1035.37,858.94,937.78,1024.54,"7/30/2020 10:20:44 AM"
"216",29594,"12/1/2018 12:00:00 AM","Industrial aggregate excluding unclassified businesses",1151.4,992.64,1021.37,949.2,928.38,1057.49,899.53,1049.53,874.8,948.3,1016.26,"7/30/2020 10:20:44 AM"
"217",29595,"1/1/2019 12:00:00 AM","Industrial aggregate excluding unclassified businesses",1128.05,965.66,1008.07,948.32,921.68,1033.08,888.9,1028.35,856.32,957.46,1025.67,"7/30/2020 10:20:44 AM"
"218",29596,"2/1/2019 12:00:00 AM","Industrial aggregate excluding unclassified businesses",1151.94,978.46,1015.1,958.24,919.39,1040.3,883.04,1038.24,848.36,949.01,1030.09,"7/30/2020 10:20:44 AM"
"219",29597,"3/1/2019 12:00:00 AM","Industrial aggregate excluding unclassified businesses",1177.07,996.14,1022.75,967.51,933.01,1066.85,897.26,1044.47,870.78,940.76,1041.09,"7/30/2020 10:20:44 AM"
"220",29598,"4/1/2019 12:00:00 AM","Industrial aggregate excluding unclassified businesses",1148.88,990.69,1017.78,942.75,936.18,1070.87,893.9,1038.38,861.97,951.05,1043.95,"7/30/2020 10:20:44 AM"
"221",29599,"5/1/2019 12:00:00 AM","Industrial aggregate excluding unclassified businesses",1162.21,1000.17,1028.73,946.15,949.89,1055.26,901.61,1049.37,873.24,966.19,1051.47,"7/30/2020 10:20:44 AM"
"222",29600,"6/1/2019 12:00:00 AM","Industrial aggregate excluding unclassified businesses",1163.45,992.91,1024.76,950.16,927.42,1073.42,905.1,1041.88,867.6,968.35,1035.36,"7/30/2020 10:20:44 AM"
"223",29601,"7/1/2019 12:00:00 AM","Industrial aggregate excluding unclassified businesses",1154.69,981.93,1018.6,945.9,929.3,1050.75,906.74,1038.64,846.97,960.57,1026.42,"7/30/2020 10:20:44 AM"
"224",29602,"8/1/2019 12:00:00 AM","Industrial aggregate excluding unclassified businesses",1155.63,995.11,1027.84,950.22,934.16,1056.36,910.46,1051.17,846.49,970.19,1015.59,"7/30/2020 10:20:44 AM"
"225",29603,"9/1/2019 12:00:00 AM","Industrial aggregate excluding unclassified businesses",1174.75,1005.44,1034.23,957.09,943.27,1053.61,906.23,1057.12,859.98,967.7,1040.61,"7/30/2020 10:20:44 AM"
"226",29604,"10/1/2019 12:00:00 AM","Industrial aggregate excluding unclassified businesses",1193.19,1011.37,1043.14,955.34,968.36,1080.97,911.75,1057.91,883.26,986.19,1053.14,"7/30/2020 10:20:44 AM"
"227",29605,"11/1/2019 12:00:00 AM","Industrial aggregate excluding unclassified businesses",1180.15,1020.21,1042.29,961.12,965.58,1065.16,922.7,1064.14,890.24,969.82,1068.08,"7/30/2020 10:20:44 AM"
"228",29606,"12/1/2019 12:00:00 AM","Industrial aggregate excluding unclassified businesses",1184.75,1032.16,1056.8,962.88,968.75,1072.61,929.98,1082.54,897.95,991.17,1058.89,"7/30/2020 10:20:44 AM"
"229",29607,"1/1/2020 12:00:00 AM","Industrial aggregate excluding unclassified businesses",1168.85,1024.73,1047.1,953,958.74,1061.35,928.57,1064.03,884.85,998.29,1046.72,"7/30/2020 10:20:44 AM"
"230",29608,"2/1/2020 12:00:00 AM","Industrial aggregate excluding unclassified businesses",1191.13,1027.99,1051.11,962.56,962.13,1059.58,924.41,1072,890.55,985.21,1065.99,"7/30/2020 10:20:44 AM"
"231",29609,"3/1/2020 12:00:00 AM","Industrial aggregate excluding unclassified businesses",1190.11,1038.64,1054.74,946.82,973.75,1094.15,935.01,1070.56,916.92,993.65,1073.74,"7/30/2020 10:20:44 AM"
"232",29610,"4/1/2020 12:00:00 AM","Industrial aggregate excluding unclassified businesses",1231.36,1095.11,1114.63,1025.3,1040.03,1130.51,995.92,1129.52,976.6,1065.94,1122.1,"7/30/2020 10:20:44 AM"
"233",29611,"5/1/2020 12:00:00 AM","Industrial aggregate excluding unclassified businesses",1246.12,1128.98,1135.72,1043.76,1015.82,1150.73,1010.68,1164.3,991.17,1068.67,1148.03,"7/30/2020 10:20:44 AM"
