"","Id","When","Alberta","BritishColumbia","Canada","Manitoba","NewBrunswick","NewfoundlandAndLabrador","NovaScotia","Ontario","PrinceEdwardIsland","Quebec","Saskatchewan","ModifiedDate","Type"
"1",27249,"12/1/2010 12:00:00 AM",44,13,359,4,2,3,15,118,0,152,8,"8/5/2020 8:48:21 AM","Corporate"
"2",27250,"12/1/2010 12:00:00 AM",519,754,6699,161,231,163,299,2462,46,1944,107,"8/5/2020 8:48:21 AM","Personal"
"3",27251,"1/1/2011 12:00:00 AM",578,650,5864,114,161,144,272,1757,48,2016,117,"8/5/2020 8:48:21 AM","Personal"
"4",27252,"1/1/2011 12:00:00 AM",30,22,284,4,1,1,9,91,0,116,10,"8/5/2020 8:48:21 AM","Corporate"
"5",27253,"2/1/2011 12:00:00 AM",22,8,287,3,3,3,11,89,1,139,8,"8/5/2020 8:48:21 AM","Corporate"
"6",27254,"2/1/2011 12:00:00 AM",636,741,6487,128,221,144,310,1932,39,2245,88,"8/5/2020 8:48:21 AM","Personal"
"7",27255,"3/1/2011 12:00:00 AM",680,813,7675,164,255,241,396,2539,75,2386,139,"8/5/2020 8:48:21 AM","Personal"
"8",27256,"3/1/2011 12:00:00 AM",26,15,399,7,3,6,16,159,2,155,10,"8/5/2020 8:48:21 AM","Corporate"
"9",27257,"4/1/2011 12:00:00 AM",17,18,318,5,5,4,6,103,1,151,8,"8/5/2020 8:48:21 AM","Corporate"
"10",27258,"4/1/2011 12:00:00 AM",640,718,7087,111,284,220,344,2343,50,2285,123,"8/5/2020 8:48:21 AM","Personal"
"11",27259,"5/1/2011 12:00:00 AM",617,681,6797,136,229,196,275,2236,38,2275,112,"8/5/2020 8:48:21 AM","Personal"
"12",27260,"5/1/2011 12:00:00 AM",22,14,427,0,9,0,11,100,0,150,9,"8/5/2020 8:48:21 AM","Corporate"
"13",27265,"8/1/2011 12:00:00 AM",26,14,297,4,3,1,5,113,1,116,14,"8/5/2020 8:48:21 AM","Corporate"
"14",27266,"8/1/2011 12:00:00 AM",595,705,6472,136,216,169,290,2035,50,2166,105,"8/5/2020 8:48:21 AM","Personal"
"15",27267,"9/1/2011 12:00:00 AM",525,645,6510,116,244,153,309,2176,34,2198,105,"8/5/2020 8:48:21 AM","Personal"
"16",27268,"9/1/2011 12:00:00 AM",23,18,300,6,10,3,5,99,2,123,11,"8/5/2020 8:48:21 AM","Corporate"
"17",27269,"10/1/2011 12:00:00 AM",30,20,301,9,1,2,7,84,4,138,6,"8/5/2020 8:48:21 AM","Corporate"
"18",27270,"10/1/2011 12:00:00 AM",515,584,6259,129,265,171,271,2045,40,2140,97,"8/5/2020 8:48:21 AM","Personal"
"19",27271,"11/1/2011 12:00:00 AM",577,641,6629,112,222,156,262,2277,35,2261,83,"8/5/2020 8:48:21 AM","Personal"
"20",27272,"11/1/2011 12:00:00 AM",19,8,308,8,4,0,3,102,2,153,9,"8/5/2020 8:48:21 AM","Corporate"
"21",27273,"12/1/2011 12:00:00 AM",18,20,291,7,0,0,8,120,0,115,3,"8/5/2020 8:48:21 AM","Corporate"
"22",27279,"3/1/2012 12:00:00 AM",568,680,6551,108,286,152,306,2078,35,2229,103,"8/5/2020 8:48:21 AM","Personal"
"23",27280,"3/1/2012 12:00:00 AM",19,19,304,4,2,4,6,119,3,119,9,"8/5/2020 8:48:21 AM","Corporate"
"24",27281,"4/1/2012 12:00:00 AM",20,21,276,0,4,1,5,85,0,130,10,"8/5/2020 8:48:21 AM","Corporate"
"25",27282,"4/1/2012 12:00:00 AM",523,731,6398,119,236,147,318,2079,38,2122,81,"8/5/2020 8:48:21 AM","Personal"
"26",27283,"5/1/2012 12:00:00 AM",515,695,6709,112,296,157,325,2186,38,2295,89,"8/5/2020 8:48:21 AM","Personal"
"27",27284,"5/1/2012 12:00:00 AM",28,16,284,4,6,0,8,78,0,135,8,"8/5/2020 8:48:21 AM","Corporate"
"28",27285,"6/1/2012 12:00:00 AM",22,8,263,1,3,0,9,84,2,128,6,"8/5/2020 8:48:21 AM","Corporate"
"29",27286,"6/1/2012 12:00:00 AM",484,644,5980,106,268,146,275,2010,38,1911,94,"8/5/2020 8:48:21 AM","Personal"
"30",27287,"7/1/2012 12:00:00 AM",489,624,5625,99,209,125,259,1878,44,1807,87,"8/5/2020 8:48:21 AM","Personal"
"31",27288,"7/1/2012 12:00:00 AM",16,21,247,4,4,1,7,77,1,113,2,"8/5/2020 8:48:21 AM","Corporate"
"32",27289,"8/1/2012 12:00:00 AM",10,17,244,2,3,1,4,84,1,112,10,"8/5/2020 8:48:21 AM","Corporate"
"33",27290,"8/1/2012 12:00:00 AM",454,610,5893,101,263,154,251,1888,36,2044,90,"8/5/2020 8:48:21 AM","Personal"
"34",27291,"9/1/2012 12:00:00 AM",421,577,5538,122,237,111,237,1840,31,1875,85,"8/5/2020 8:48:21 AM","Personal"
"35",27292,"9/1/2012 12:00:00 AM",21,11,263,2,2,2,5,79,1,136,4,"8/5/2020 8:48:21 AM","Corporate"
"36",27293,"10/1/2012 12:00:00 AM",18,8,241,4,8,2,12,85,0,99,5,"8/5/2020 8:48:21 AM","Corporate"
"37",27294,"10/1/2012 12:00:00 AM",489,641,6455,99,215,170,280,2075,57,2347,72,"8/5/2020 8:48:21 AM","Personal"
"38",27295,"11/1/2012 12:00:00 AM",420,590,6063,126,245,111,267,1983,41,2204,69,"8/5/2020 8:48:21 AM","Personal"
"39",27296,"11/1/2012 12:00:00 AM",15,16,280,4,3,1,10,95,0,130,6,"8/5/2020 8:48:21 AM","Corporate"
"40",27297,"12/1/2012 12:00:00 AM",16,18,255,4,4,0,5,75,1,132,0,"8/5/2020 8:48:21 AM","Corporate"
"41",27298,"12/1/2012 12:00:00 AM",346,513,4599,87,185,92,177,1638,37,1451,69,"8/5/2020 8:48:21 AM","Personal"
"42",27299,"1/1/2013 12:00:00 AM",446,589,5465,82,222,131,216,1613,39,2046,80,"8/5/2020 8:48:21 AM","Personal"
"43",27300,"1/1/2013 12:00:00 AM",10,16,240,5,4,3,9,78,3,109,3,"8/5/2020 8:48:21 AM","Corporate"
"44",27301,"2/1/2013 12:00:00 AM",14,19,278,6,5,1,8,65,3,151,4,"8/5/2020 8:48:21 AM","Corporate"
"45",27302,"2/1/2013 12:00:00 AM",412,582,5374,70,228,135,224,1556,32,2058,73,"8/5/2020 8:48:21 AM","Personal"
"46",27303,"3/1/2013 12:00:00 AM",429,597,5796,107,207,136,283,1885,29,2030,90,"8/5/2020 8:48:21 AM","Personal"
"47",27304,"3/1/2013 12:00:00 AM",12,22,288,3,2,0,6,93,0,137,13,"8/5/2020 8:48:21 AM","Corporate"
"48",27305,"4/1/2013 12:00:00 AM",15,13,300,6,5,2,7,112,1,133,6,"8/5/2020 8:48:21 AM","Corporate"
"49",27306,"4/1/2013 12:00:00 AM",464,676,6634,109,253,138,327,2136,40,2384,104,"8/5/2020 8:48:21 AM","Personal"
"50",27307,"5/1/2013 12:00:00 AM",434,678,6576,117,272,159,319,2085,34,2384,91,"8/5/2020 8:48:21 AM","Personal"
"51",27308,"5/1/2013 12:00:00 AM",11,22,287,1,5,4,6,78,0,153,7,"8/5/2020 8:48:21 AM","Corporate"
"52",27309,"6/1/2013 12:00:00 AM",9,17,230,3,7,1,8,65,0,112,8,"8/5/2020 8:48:21 AM","Corporate"
"53",27310,"6/1/2013 12:00:00 AM",375,578,5602,104,234,135,265,1803,36,2000,65,"8/5/2020 8:48:21 AM","Personal"
"54",27311,"7/1/2013 12:00:00 AM",385,586,5802,104,262,140,259,1835,53,2081,89,"8/5/2020 8:48:21 AM","Personal"
"55",27312,"7/1/2013 12:00:00 AM",9,8,247,3,5,0,5,71,0,138,8,"8/5/2020 8:48:21 AM","Corporate"
"56",27313,"8/1/2013 12:00:00 AM",7,11,256,10,4,4,11,85,2,118,4,"8/5/2020 8:48:21 AM","Corporate"
"57",27314,"8/1/2013 12:00:00 AM",379,519,5654,99,265,109,283,1761,44,2097,94,"8/5/2020 8:48:21 AM","Personal"
"58",27315,"9/1/2013 12:00:00 AM",375,573,5651,95,213,115,300,1727,24,2127,101,"8/5/2020 8:48:21 AM","Personal"
"59",27316,"9/1/2013 12:00:00 AM",13,18,254,5,4,0,6,74,4,126,4,"8/5/2020 8:48:21 AM","Corporate"
"60",27430,"6/1/2018 12:00:00 AM",445,352,4679,159,183,140,328,1265,56,1666,99,"8/5/2020 8:48:21 AM","Personal"
"61",27431,"7/1/2018 12:00:00 AM",427,298,4437,109,214,115,291,1222,36,1607,117,"8/5/2020 8:48:21 AM","Personal"
"62",27432,"7/1/2018 12:00:00 AM",13,6,190,3,1,0,2,54,0,110,1,"8/5/2020 8:48:21 AM","Corporate"
"63",27433,"8/1/2018 12:00:00 AM",23,6,209,1,1,1,4,46,0,125,2,"8/5/2020 8:48:21 AM","Corporate"
"64",27434,"8/1/2018 12:00:00 AM",423,331,4635,107,199,119,293,1202,31,1803,124,"8/5/2020 8:48:21 AM","Personal"
"65",27435,"9/1/2018 12:00:00 AM",348,347,4477,109,198,217,293,1166,25,1753,113,"8/5/2020 8:48:21 AM","Personal"
"66",27436,"9/1/2018 12:00:00 AM",4,4,210,4,3,5,3,54,1,125,7,"8/5/2020 8:48:21 AM","Corporate"
"67",27437,"10/1/2018 12:00:00 AM",13,7,240,2,4,2,2,65,0,136,9,"8/5/2020 8:48:21 AM","Corporate"
"68",27438,"10/1/2018 12:00:00 AM",447,351,5083,152,200,109,310,1292,34,2071,116,"8/5/2020 8:48:21 AM","Personal"
"69",27439,"11/1/2018 12:00:00 AM",440,325,4650,136,214,126,295,1212,35,1754,107,"8/5/2020 8:48:21 AM","Personal"
"70",27440,"11/1/2018 12:00:00 AM",16,5,237,2,2,3,4,64,0,135,6,"8/5/2020 8:48:21 AM","Corporate"
"71",27441,"12/1/2018 12:00:00 AM",21,5,235,1,1,3,1,48,0,153,3,"8/5/2020 8:48:21 AM","Corporate"
"72",27442,"12/1/2018 12:00:00 AM",342,273,3852,89,178,101,240,1083,34,1401,105,"8/5/2020 8:48:21 AM","Personal"
"73",27443,"1/1/2019 12:00:00 AM",450,340,4032,81,152,82,263,1004,35,1511,113,"8/5/2020 8:48:21 AM","Personal"
"74",27444,"1/1/2019 12:00:00 AM",9,10,227,5,4,2,3,60,0,128,6,"8/5/2020 8:48:21 AM","Corporate"
"75",27445,"2/1/2019 12:00:00 AM",17,3,245,1,1,5,5,43,0,165,5,"8/5/2020 8:48:21 AM","Corporate"
"76",27446,"2/1/2019 12:00:00 AM",462,302,4099,93,151,119,214,1026,27,1605,98,"8/5/2020 8:48:21 AM","Personal"
"77",27447,"3/1/2019 12:00:00 AM",473,343,4645,121,217,115,299,1234,30,1700,111,"8/5/2020 8:48:21 AM","Personal"
"78",27448,"3/1/2019 12:00:00 AM",18,8,281,1,4,3,3,73,0,170,1,"8/5/2020 8:48:21 AM","Corporate"
"79",27449,"4/1/2019 12:00:00 AM",7,11,278,5,2,3,9,71,3,165,2,"8/5/2020 8:48:21 AM","Corporate"
"80",27450,"4/1/2019 12:00:00 AM",517,335,4863,142,214,164,290,1287,37,1777,100,"8/5/2020 8:48:21 AM","Personal"
"81",27451,"5/1/2019 12:00:00 AM",482,375,5163,133,228,126,294,1456,35,1920,111,"8/5/2020 8:48:21 AM","Personal"
"82",27452,"5/1/2019 12:00:00 AM",11,7,236,3,3,4,4,68,2,126,8,"8/5/2020 8:48:21 AM","Corporate"
"83",27453,"6/1/2019 12:00:00 AM",12,7,212,3,7,4,5,45,0,129,0,"8/5/2020 8:48:21 AM","Corporate"
"84",27454,"6/1/2019 12:00:00 AM",440,333,4322,124,198,137,304,1220,28,1438,100,"8/5/2020 8:48:21 AM","Personal"
"85",27455,"7/1/2019 12:00:00 AM",476,378,4552,126,201,137,249,1255,39,1593,95,"8/5/2020 8:48:21 AM","Personal"
"86",27456,"7/1/2019 12:00:00 AM",20,16,250,1,5,2,5,54,0,141,6,"8/5/2020 8:48:21 AM","Corporate"
"87",27457,"8/1/2019 12:00:00 AM",13,5,177,4,0,7,1,50,0,93,4,"8/5/2020 8:48:21 AM","Corporate"
"88",27458,"8/1/2019 12:00:00 AM",459,344,4492,101,208,106,295,1227,31,1620,99,"8/5/2020 8:48:21 AM","Personal"
"89",27459,"9/1/2019 12:00:00 AM",461,345,4713,120,205,125,239,1256,21,1848,91,"8/5/2020 8:48:21 AM","Personal"
"90",27460,"9/1/2019 12:00:00 AM",10,7,190,3,4,0,2,50,1,106,6,"8/5/2020 8:48:21 AM","Corporate"
"91",27461,"10/1/2019 12:00:00 AM",15,5,218,2,2,0,3,47,0,132,12,"8/5/2020 8:48:21 AM","Corporate"
"92",27462,"10/1/2019 12:00:00 AM",486,390,5127,118,225,313,298,1308,34,1983,154,"8/5/2020 8:48:21 AM","Personal"
"93",27463,"11/1/2019 12:00:00 AM",480,338,4484,99,197,132,226,1158,37,1680,133,"8/5/2020 8:48:21 AM","Personal"
"94",27464,"11/1/2019 12:00:00 AM",10,7,218,1,2,2,6,53,1,127,7,"8/5/2020 8:48:21 AM","Corporate"
"95",27465,"12/1/2019 12:00:00 AM",13,4,214,4,0,3,5,38,2,138,7,"8/5/2020 8:48:21 AM","Corporate"
"96",27466,"12/1/2019 12:00:00 AM",403,311,3917,86,147,92,222,1146,32,1363,112,"8/5/2020 8:48:21 AM","Personal"
"97",27467,"1/1/2020 12:00:00 AM",424,282,3840,85,145,72,202,1063,30,1436,98,"8/5/2020 8:48:21 AM","Personal"
"98",27468,"1/1/2020 12:00:00 AM",16,7,222,1,1,0,6,46,1,137,7,"8/5/2020 8:48:21 AM","Corporate"
"99",27469,"2/1/2020 12:00:00 AM",13,3,233,1,2,2,2,55,0,144,11,"8/5/2020 8:48:21 AM","Corporate"
"100",27470,"2/1/2020 12:00:00 AM",385,338,3867,68,135,97,207,1011,27,1494,104,"8/5/2020 8:48:21 AM","Personal"
"101",27471,"3/1/2020 12:00:00 AM",397,326,3741,77,173,99,174,1061,23,1312,96,"8/5/2020 8:48:21 AM","Personal"
"102",27472,"3/1/2020 12:00:00 AM",13,5,175,2,0,0,2,44,0,104,5,"8/5/2020 8:48:21 AM","Corporate"
"103",27473,"4/1/2020 12:00:00 AM",6,3,108,4,0,0,0,37,0,58,0,"8/5/2020 8:48:21 AM","Corporate"
"104",27474,"4/1/2020 12:00:00 AM",260,197,2181,57,102,51,112,637,16,690,59,"8/5/2020 8:48:21 AM","Personal"
"105",27475,"5/1/2020 12:00:00 AM",231,176,2047,54,87,68,96,592,12,662,65,"8/5/2020 8:48:21 AM","Personal"
"106",27476,"5/1/2020 12:00:00 AM",6,10,152,2,0,0,1,55,0,77,1,"8/5/2020 8:48:21 AM","Corporate"
"107",27477,"6/1/2020 12:00:00 AM",10,8,191,5,3,1,1,42,0,118,3,"8/5/2020 8:48:21 AM","Corporate"
"108",27478,"6/1/2020 12:00:00 AM",250,166,2185,59,88,50,101,654,12,740,61,"8/5/2020 8:48:21 AM","Personal"
"109",27388,"9/1/2016 12:00:00 AM",10,10,224,3,4,2,3,69,2,116,5,"8/5/2020 8:48:21 AM","Corporate"
"110",27389,"10/1/2016 12:00:00 AM",22,6,231,1,4,1,4,64,0,122,7,"8/5/2020 8:48:21 AM","Corporate"
"111",27390,"10/1/2016 12:00:00 AM",440,340,5273,134,262,102,358,1380,48,2093,112,"8/5/2020 8:48:21 AM","Personal"
"112",27391,"11/1/2016 12:00:00 AM",465,358,5470,137,242,157,397,1490,49,2049,121,"8/5/2020 8:48:21 AM","Personal"
"113",27392,"11/1/2016 12:00:00 AM",12,8,229,2,4,6,5,42,0,144,6,"8/5/2020 8:48:21 AM","Corporate"
"114",27393,"12/1/2016 12:00:00 AM",10,20,243,4,3,2,4,57,0,134,9,"8/5/2020 8:48:21 AM","Corporate"
"115",27394,"12/1/2016 12:00:00 AM",401,324,4442,93,226,94,267,1153,28,1729,121,"8/5/2020 8:48:21 AM","Personal"
"116",27395,"1/1/2017 12:00:00 AM",391,336,4221,83,140,119,277,1065,19,1663,117,"8/5/2020 8:48:21 AM","Personal"
"117",27396,"1/1/2017 12:00:00 AM",8,15,177,3,2,0,3,40,1,99,6,"8/5/2020 8:48:21 AM","Corporate"
"118",27397,"2/1/2017 12:00:00 AM",9,16,229,3,1,2,1,56,1,133,7,"8/5/2020 8:48:21 AM","Corporate"
"119",27398,"2/1/2017 12:00:00 AM",426,326,4473,99,158,82,239,1166,28,1857,90,"8/5/2020 8:48:21 AM","Personal"
"120",27399,"3/1/2017 12:00:00 AM",504,448,5632,120,256,134,374,1540,41,2099,113,"8/5/2020 8:48:21 AM","Personal"
"121",27400,"3/1/2017 12:00:00 AM",10,13,276,6,5,2,5,61,4,165,5,"8/5/2020 8:48:21 AM","Corporate"
"122",27401,"4/1/2017 12:00:00 AM",14,10,239,2,7,4,2,57,0,133,10,"8/5/2020 8:48:21 AM","Corporate"
"123",27402,"4/1/2017 12:00:00 AM",407,356,5078,102,243,130,385,1353,38,1936,121,"8/5/2020 8:48:21 AM","Personal"
"124",27403,"5/1/2017 12:00:00 AM",460,416,5615,118,246,120,365,1501,33,2208,143,"8/5/2020 8:48:21 AM","Personal"
"125",27404,"5/1/2017 12:00:00 AM",15,12,284,5,5,1,4,63,0,163,15,"8/5/2020 8:48:21 AM","Corporate"
"126",27405,"6/1/2017 12:00:00 AM",12,9,226,2,6,3,6,38,2,141,7,"8/5/2020 8:48:21 AM","Corporate"
"127",27406,"6/1/2017 12:00:00 AM",435,387,5068,117,217,123,342,1364,40,1916,123,"8/5/2020 8:48:21 AM","Personal"
"128",27407,"7/1/2017 12:00:00 AM",328,307,4331,122,193,88,338,1120,29,1710,92,"8/5/2020 8:48:21 AM","Personal"
"129",27408,"7/1/2017 12:00:00 AM",5,11,197,0,4,4,6,63,0,99,5,"8/5/2020 8:48:21 AM","Corporate"
"130",27409,"8/1/2017 12:00:00 AM",18,2,208,4,2,0,5,55,1,112,9,"8/5/2020 8:48:21 AM","Corporate"
"131",27410,"8/1/2017 12:00:00 AM",450,312,4737,99,242,104,307,1212,35,1852,118,"8/5/2020 8:48:21 AM","Personal"
"132",27411,"9/1/2017 12:00:00 AM",404,320,4862,120,191,116,335,1294,34,1933,104,"8/5/2020 8:48:21 AM","Personal"
"133",27412,"9/1/2017 12:00:00 AM",5,9,180,0,0,2,3,39,1,117,4,"8/5/2020 8:48:21 AM","Corporate"
"134",27413,"10/1/2017 12:00:00 AM",11,4,250,1,5,0,3,67,0,145,14,"8/5/2020 8:48:21 AM","Corporate"
"135",27414,"10/1/2017 12:00:00 AM",450,294,4994,154,190,127,306,1327,28,1978,129,"8/5/2020 8:48:21 AM","Personal"
"136",27415,"11/1/2017 12:00:00 AM",403,352,4826,127,192,130,280,1261,41,1928,103,"8/5/2020 8:48:21 AM","Personal"
"137",27416,"11/1/2017 12:00:00 AM",15,9,222,4,3,5,3,46,0,124,13,"8/5/2020 8:48:21 AM","Corporate"
"138",27417,"12/1/2017 12:00:00 AM",9,7,212,3,3,0,2,47,0,132,9,"8/5/2020 8:48:21 AM","Corporate"
"139",27418,"12/1/2017 12:00:00 AM",350,292,4142,114,189,94,259,1133,21,1567,115,"8/5/2020 8:48:21 AM","Personal"
"140",27419,"1/1/2018 12:00:00 AM",383,362,3981,71,130,107,224,992,24,1592,94,"8/5/2020 8:48:21 AM","Personal"
"141",27420,"1/1/2018 12:00:00 AM",5,4,191,5,2,1,5,53,1,113,2,"8/5/2020 8:48:21 AM","Corporate"
"142",27421,"2/1/2018 12:00:00 AM",10,11,255,2,3,1,5,54,0,163,6,"8/5/2020 8:48:21 AM","Corporate"
"143",27422,"2/1/2018 12:00:00 AM",384,336,4348,83,123,83,281,1098,48,1826,81,"8/5/2020 8:48:21 AM","Personal"
"144",27423,"3/1/2018 12:00:00 AM",429,344,4834,107,200,121,282,1368,40,1824,113,"8/5/2020 8:48:21 AM","Personal"
"145",27424,"3/1/2018 12:00:00 AM",16,7,254,1,0,2,2,73,0,146,7,"8/5/2020 8:48:21 AM","Corporate"
"146",27425,"4/1/2018 12:00:00 AM",19,11,239,2,7,1,1,61,0,131,6,"8/5/2020 8:48:21 AM","Corporate"
"147",27426,"4/1/2018 12:00:00 AM",405,357,4853,133,212,113,297,1338,42,1840,108,"8/5/2020 8:48:21 AM","Personal"
"148",27427,"5/1/2018 12:00:00 AM",452,396,5262,109,211,123,349,1422,44,2051,103,"8/5/2020 8:48:21 AM","Personal"
"149",27428,"5/1/2018 12:00:00 AM",10,6,221,2,3,1,3,64,0,126,6,"8/5/2020 8:48:21 AM","Corporate"
"150",27429,"6/1/2018 12:00:00 AM",12,3,196,1,5,1,1,52,1,116,4,"8/5/2020 8:48:21 AM","Corporate"
"151",27274,"12/1/2011 12:00:00 AM",483,569,5772,112,217,102,272,2083,27,1809,89,"8/5/2020 8:48:21 AM","Personal"
"152",27275,"1/1/2012 12:00:00 AM",517,555,5420,95,229,104,238,1643,37,1919,81,"8/5/2020 8:48:21 AM","Personal"
"153",27276,"1/1/2012 12:00:00 AM",20,13,275,3,7,2,4,91,0,121,14,"8/5/2020 8:48:21 AM","Corporate"
"154",27277,"2/1/2012 12:00:00 AM",25,24,403,4,7,1,11,90,4,133,5,"8/5/2020 8:48:21 AM","Corporate"
"155",27278,"2/1/2012 12:00:00 AM",533,702,6264,102,237,142,288,1938,40,2195,81,"8/5/2020 8:48:21 AM","Personal"
"156",27261,"6/1/2011 12:00:00 AM",16,20,324,4,2,3,10,138,1,122,8,"8/5/2020 8:48:21 AM","Corporate"
"157",27262,"6/1/2011 12:00:00 AM",649,658,6812,153,301,158,328,2260,51,2143,104,"8/5/2020 8:48:21 AM","Personal"
"158",27263,"7/1/2011 12:00:00 AM",534,635,5629,103,233,165,258,1846,33,1703,110,"8/5/2020 8:48:21 AM","Personal"
"159",27264,"7/1/2011 12:00:00 AM",15,15,219,3,2,1,4,78,1,91,8,"8/5/2020 8:48:21 AM","Corporate"
"160",27203,"1/1/2009 12:00:00 AM",696,767,7944,164,195,155,306,2952,25,2561,118,"8/5/2020 8:48:21 AM","Personal"
"161",27204,"1/1/2009 12:00:00 AM",39,25,448,5,11,1,9,166,1,183,8,"8/5/2020 8:48:21 AM","Corporate"
"162",27205,"2/1/2009 12:00:00 AM",44,48,475,2,4,2,11,168,2,180,14,"8/5/2020 8:48:21 AM","Corporate"
"163",27206,"2/1/2009 12:00:00 AM",706,889,9020,185,207,221,312,3404,44,2895,153,"8/5/2020 8:48:21 AM","Personal"
"164",27207,"3/1/2009 12:00:00 AM",951,960,10578,232,271,255,385,4233,37,3107,143,"8/5/2020 8:48:21 AM","Personal"
"165",27208,"3/1/2009 12:00:00 AM",31,35,507,4,9,3,14,215,1,179,16,"8/5/2020 8:48:21 AM","Corporate"
"166",27209,"4/1/2009 12:00:00 AM",24,42,529,7,11,1,21,239,4,163,17,"8/5/2020 8:48:21 AM","Corporate"
"167",27210,"4/1/2009 12:00:00 AM",838,968,10936,236,326,269,425,4450,57,3186,170,"8/5/2020 8:48:21 AM","Personal"
"168",27211,"5/1/2009 12:00:00 AM",847,869,9900,214,248,223,366,4067,33,2876,152,"8/5/2020 8:48:21 AM","Personal"
"169",27212,"5/1/2009 12:00:00 AM",34,35,464,14,11,8,10,171,0,160,21,"8/5/2020 8:48:21 AM","Corporate"
"170",27213,"6/1/2009 12:00:00 AM",33,47,515,9,8,5,23,198,5,171,16,"8/5/2020 8:48:21 AM","Corporate"
"171",27214,"6/1/2009 12:00:00 AM",1021,947,10823,224,312,246,417,4345,58,3046,197,"8/5/2020 8:48:21 AM","Personal"
"172",27215,"7/1/2009 12:00:00 AM",872,985,10294,223,324,204,465,4125,40,2902,148,"8/5/2020 8:48:21 AM","Personal"
"173",27216,"7/1/2009 12:00:00 AM",35,28,432,3,7,0,8,182,2,153,14,"8/5/2020 8:48:21 AM","Corporate"
"174",27217,"8/1/2009 12:00:00 AM",33,24,370,2,6,1,9,152,3,126,14,"8/5/2020 8:48:21 AM","Corporate"
"175",27218,"8/1/2009 12:00:00 AM",882,832,9539,213,322,199,363,3872,31,2675,142,"8/5/2020 8:48:21 AM","Personal"
"176",27219,"9/1/2009 12:00:00 AM",1163,1109,12305,207,378,228,464,5007,37,3497,197,"8/5/2020 8:48:21 AM","Personal"
"177",27220,"9/1/2009 12:00:00 AM",35,30,487,5,7,2,7,235,5,144,17,"8/5/2020 8:48:21 AM","Corporate"
"178",27221,"10/1/2009 12:00:00 AM",33,27,429,3,13,7,5,187,0,150,4,"8/5/2020 8:48:21 AM","Corporate"
"179",27222,"10/1/2009 12:00:00 AM",690,808,8816,182,244,211,415,3437,58,2635,129,"8/5/2020 8:48:21 AM","Personal"
"180",27223,"11/1/2009 12:00:00 AM",686,792,8482,180,240,183,344,3393,42,2499,119,"8/5/2020 8:48:21 AM","Personal"
"181",27224,"11/1/2009 12:00:00 AM",32,19,396,5,11,1,17,147,3,154,7,"8/5/2020 8:48:21 AM","Corporate"
"182",27225,"12/1/2009 12:00:00 AM",32,20,368,6,3,2,12,148,1,131,13,"8/5/2020 8:48:21 AM","Corporate"
"183",27226,"12/1/2009 12:00:00 AM",634,713,7744,183,220,148,317,3236,51,2110,126,"8/5/2020 8:48:21 AM","Personal"
"184",27227,"1/1/2010 12:00:00 AM",684,694,6998,140,219,182,304,2443,38,2156,135,"8/5/2020 8:48:21 AM","Personal"
"185",27228,"1/1/2010 12:00:00 AM",27,28,354,7,8,0,8,143,1,120,12,"8/5/2020 8:48:21 AM","Corporate"
"186",27229,"2/1/2010 12:00:00 AM",30,18,346,9,6,4,6,130,2,132,9,"8/5/2020 8:48:21 AM","Corporate"
"187",27230,"2/1/2010 12:00:00 AM",637,810,7606,157,219,185,336,2695,29,2396,138,"8/5/2020 8:48:21 AM","Personal"
"188",27231,"3/1/2010 12:00:00 AM",776,948,8784,196,279,265,414,3188,46,2515,150,"8/5/2020 8:48:21 AM","Personal"
"189",27232,"3/1/2010 12:00:00 AM",48,26,403,9,4,1,8,151,2,142,12,"8/5/2020 8:48:21 AM","Corporate"
"190",27233,"4/1/2010 12:00:00 AM",37,31,435,9,15,2,22,151,1,162,5,"8/5/2020 8:48:21 AM","Corporate"
"191",27234,"4/1/2010 12:00:00 AM",744,880,8633,193,330,241,404,3175,43,2485,128,"8/5/2020 8:48:21 AM","Personal"
"192",27235,"5/1/2010 12:00:00 AM",672,829,7918,155,263,227,355,2850,37,2388,139,"8/5/2020 8:48:21 AM","Personal"
"193",27236,"5/1/2010 12:00:00 AM",35,11,318,3,2,2,9,137,0,108,11,"8/5/2020 8:48:21 AM","Corporate"
"194",27237,"6/1/2010 12:00:00 AM",23,18,353,4,5,3,13,150,2,129,6,"8/5/2020 8:48:21 AM","Corporate"
"195",27238,"6/1/2010 12:00:00 AM",778,862,8241,189,267,198,347,2963,55,2447,127,"8/5/2020 8:48:21 AM","Personal"
"196",27239,"7/1/2010 12:00:00 AM",626,725,7141,159,238,166,316,2579,35,2171,124,"8/5/2020 8:48:21 AM","Personal"
"197",27240,"7/1/2010 12:00:00 AM",27,14,294,2,7,0,9,107,2,123,3,"8/5/2020 8:48:21 AM","Corporate"
"198",27241,"8/1/2010 12:00:00 AM",30,23,289,2,2,3,9,112,1,101,6,"8/5/2020 8:48:21 AM","Corporate"
"199",27242,"8/1/2010 12:00:00 AM",615,663,7115,157,294,182,347,2496,46,2195,119,"8/5/2020 8:48:21 AM","Personal"
"200",27243,"9/1/2010 12:00:00 AM",732,821,7822,153,286,151,353,2783,46,2353,137,"8/5/2020 8:48:21 AM","Personal"
"201",27244,"9/1/2010 12:00:00 AM",34,13,294,6,5,0,14,114,0,97,11,"8/5/2020 8:48:21 AM","Corporate"
"202",27245,"10/1/2010 12:00:00 AM",24,12,292,7,8,1,12,100,4,116,8,"8/5/2020 8:48:21 AM","Corporate"
"203",27246,"10/1/2010 12:00:00 AM",700,872,7844,157,204,207,345,2685,42,2513,111,"8/5/2020 8:48:21 AM","Personal"
"204",27247,"11/1/2010 12:00:00 AM",667,816,7893,177,279,211,360,2681,49,2537,113,"8/5/2020 8:48:21 AM","Personal"
"205",27248,"11/1/2010 12:00:00 AM",19,22,335,6,6,2,13,120,1,138,8,"8/5/2020 8:48:21 AM","Corporate"
"206",27317,"10/1/2013 12:00:00 AM",15,11,282,5,3,2,7,82,2,151,4,"8/5/2020 8:48:21 AM","Corporate"
"207",27318,"10/1/2013 12:00:00 AM",383,672,6350,98,266,124,326,1989,33,2363,91,"8/5/2020 8:48:21 AM","Personal"
"208",27319,"11/1/2013 12:00:00 AM",323,568,5618,111,242,127,259,1818,44,2034,83,"8/5/2020 8:48:21 AM","Personal"
"209",27320,"11/1/2013 12:00:00 AM",8,19,245,2,12,1,6,69,1,120,7,"8/5/2020 8:48:21 AM","Corporate"
"210",27321,"12/1/2013 12:00:00 AM",14,13,280,6,8,3,5,86,2,143,0,"8/5/2020 8:48:21 AM","Corporate"
"211",27322,"12/1/2013 12:00:00 AM",284,512,4702,118,182,75,234,1565,32,1617,77,"8/5/2020 8:48:21 AM","Personal"
"212",27323,"1/1/2014 12:00:00 AM",336,486,4851,72,210,98,195,1342,48,1970,87,"8/5/2020 8:48:21 AM","Personal"
"213",27324,"1/1/2014 12:00:00 AM",7,13,247,4,5,3,3,73,0,127,12,"8/5/2020 8:48:21 AM","Corporate"
"214",27325,"2/1/2014 12:00:00 AM",11,17,247,5,3,1,3,55,0,149,3,"8/5/2020 8:48:21 AM","Corporate"
"215",27326,"2/1/2014 12:00:00 AM",302,524,5206,79,233,115,284,1511,29,2039,87,"8/5/2020 8:48:21 AM","Personal"
"216",27327,"3/1/2014 12:00:00 AM",365,586,5580,92,202,127,280,1797,39,1974,112,"8/5/2020 8:48:21 AM","Personal"
"217",27328,"3/1/2014 12:00:00 AM",6,18,281,6,12,3,2,65,1,153,15,"8/5/2020 8:48:21 AM","Corporate"
"218",27329,"4/1/2014 12:00:00 AM",9,14,297,9,4,1,5,69,0,180,6,"8/5/2020 8:48:21 AM","Corporate"
"219",27330,"4/1/2014 12:00:00 AM",367,611,6049,107,300,133,354,1777,43,2251,103,"8/5/2020 8:48:21 AM","Personal"
"220",27331,"5/1/2014 12:00:00 AM",369,634,6137,102,293,134,384,1808,47,2256,105,"8/5/2020 8:48:21 AM","Personal"
"221",27332,"5/1/2014 12:00:00 AM",13,21,274,3,5,2,10,75,1,137,7,"8/5/2020 8:48:21 AM","Corporate"
"222",27333,"6/1/2014 12:00:00 AM",3,25,234,5,7,2,2,59,4,120,7,"8/5/2020 8:48:21 AM","Corporate"
"223",27334,"6/1/2014 12:00:00 AM",329,568,5210,94,224,119,301,1532,40,1918,81,"8/5/2020 8:48:21 AM","Personal"
"224",27335,"7/1/2014 12:00:00 AM",296,559,5433,105,250,111,350,1644,51,1967,95,"8/5/2020 8:48:21 AM","Personal"
"225",27336,"7/1/2014 12:00:00 AM",7,22,245,2,4,0,6,70,2,128,4,"8/5/2020 8:48:21 AM","Corporate"
"226",27337,"8/1/2014 12:00:00 AM",11,16,227,1,1,2,4,74,0,114,4,"8/5/2020 8:48:21 AM","Corporate"
"227",27338,"8/1/2014 12:00:00 AM",289,438,4945,96,275,101,279,1413,61,1908,81,"8/5/2020 8:48:21 AM","Personal"
"228",27339,"9/1/2014 12:00:00 AM",313,505,5517,128,268,110,357,1636,42,2057,100,"8/5/2020 8:48:21 AM","Personal"
"229",27340,"9/1/2014 12:00:00 AM",5,14,250,2,7,1,3,70,1,143,4,"8/5/2020 8:48:21 AM","Corporate"
"230",27341,"10/1/2014 12:00:00 AM",14,10,310,2,9,8,4,94,0,164,4,"8/5/2020 8:48:21 AM","Corporate"
"231",27342,"10/1/2014 12:00:00 AM",339,498,5840,89,276,120,368,1671,44,2326,103,"8/5/2020 8:48:21 AM","Personal"
"232",27343,"11/1/2014 12:00:00 AM",292,466,5091,111,243,108,280,1458,33,2039,60,"8/5/2020 8:48:21 AM","Personal"
"233",27344,"11/1/2014 12:00:00 AM",10,12,263,6,4,2,5,73,2,146,3,"8/5/2020 8:48:21 AM","Corporate"
"234",27345,"12/1/2014 12:00:00 AM",9,18,241,3,7,2,5,58,2,129,8,"8/5/2020 8:48:21 AM","Corporate"
"235",27346,"12/1/2014 12:00:00 AM",262,470,4980,125,247,72,294,1645,25,1742,91,"8/5/2020 8:48:21 AM","Personal"
"236",27347,"1/1/2015 12:00:00 AM",278,510,4478,90,164,91,246,1209,33,1791,65,"8/5/2020 8:48:21 AM","Personal"
"237",27348,"1/1/2015 12:00:00 AM",9,11,229,0,3,1,5,64,0,130,6,"8/5/2020 8:48:21 AM","Corporate"
"238",27349,"2/1/2015 12:00:00 AM",4,10,257,0,3,2,2,87,1,144,4,"8/5/2020 8:48:21 AM","Corporate"
"239",27350,"2/1/2015 12:00:00 AM",332,514,4938,85,203,121,253,1380,41,1926,78,"8/5/2020 8:48:21 AM","Personal"
"240",27351,"3/1/2015 12:00:00 AM",387,484,5731,115,252,118,304,1726,45,2187,108,"8/5/2020 8:48:21 AM","Personal"
"241",27352,"3/1/2015 12:00:00 AM",7,6,309,3,6,1,2,88,1,192,3,"8/5/2020 8:48:21 AM","Corporate"
"242",27353,"4/1/2015 12:00:00 AM",8,12,283,3,2,2,7,88,3,151,7,"8/5/2020 8:48:21 AM","Corporate"
"243",27354,"4/1/2015 12:00:00 AM",368,510,5976,117,248,150,376,1724,47,2324,111,"8/5/2020 8:48:21 AM","Personal"
"244",27355,"5/1/2015 12:00:00 AM",338,480,5513,122,263,131,297,1575,49,2158,99,"8/5/2020 8:48:21 AM","Personal"
"245",27356,"5/1/2015 12:00:00 AM",10,7,235,0,7,1,9,73,2,123,3,"8/5/2020 8:48:21 AM","Corporate"
"246",27357,"6/1/2015 12:00:00 AM",16,19,268,3,1,3,10,67,0,141,8,"8/5/2020 8:48:21 AM","Corporate"
"247",27358,"6/1/2015 12:00:00 AM",393,517,5589,122,262,142,339,1590,38,2092,88,"8/5/2020 8:48:21 AM","Personal"
"248",27359,"7/1/2015 12:00:00 AM",353,476,5300,118,261,137,316,1469,54,2016,97,"8/5/2020 8:48:21 AM","Personal"
"249",27360,"7/1/2015 12:00:00 AM",5,12,241,1,7,0,6,80,1,121,8,"8/5/2020 8:48:21 AM","Corporate"
"250",27361,"8/1/2015 12:00:00 AM",4,11,200,5,3,2,3,58,0,104,10,"8/5/2020 8:48:21 AM","Corporate"
"251",27362,"8/1/2015 12:00:00 AM",333,438,4871,93,246,124,257,1376,39,1869,92,"8/5/2020 8:48:21 AM","Personal"
"252",27363,"9/1/2015 12:00:00 AM",381,461,5415,99,263,133,323,1438,31,2193,87,"8/5/2020 8:48:21 AM","Personal"
"253",27364,"9/1/2015 12:00:00 AM",9,19,272,2,7,4,9,77,1,131,13,"8/5/2020 8:48:21 AM","Corporate"
"254",27365,"10/1/2015 12:00:00 AM",7,17,240,3,6,1,3,58,2,136,7,"8/5/2020 8:48:21 AM","Corporate"
"255",27366,"10/1/2015 12:00:00 AM",380,423,5435,107,232,141,351,1496,49,2151,101,"8/5/2020 8:48:21 AM","Personal"
"256",27367,"11/1/2015 12:00:00 AM",362,467,5124,102,218,106,306,1418,57,1979,102,"8/5/2020 8:48:21 AM","Personal"
"257",27368,"11/1/2015 12:00:00 AM",8,15,283,2,3,4,7,75,1,156,12,"8/5/2020 8:48:21 AM","Corporate"
"258",27369,"12/1/2015 12:00:00 AM",8,15,272,4,11,0,6,69,0,155,4,"8/5/2020 8:48:21 AM","Corporate"
"259",27370,"12/1/2015 12:00:00 AM",375,403,5036,94,202,104,280,1557,36,1853,127,"8/5/2020 8:48:21 AM","Personal"
"260",27371,"1/1/2016 12:00:00 AM",390,374,4305,97,177,109,244,1087,31,1701,91,"8/5/2020 8:48:21 AM","Personal"
"261",27372,"1/1/2016 12:00:00 AM",5,18,279,4,1,1,6,42,0,131,9,"8/5/2020 8:48:21 AM","Corporate"
"262",27373,"2/1/2016 12:00:00 AM",8,11,273,0,5,1,3,58,0,182,5,"8/5/2020 8:48:21 AM","Corporate"
"263",27374,"2/1/2016 12:00:00 AM",483,458,5249,102,207,125,301,1379,47,2046,97,"8/5/2020 8:48:21 AM","Personal"
"264",27375,"3/1/2016 12:00:00 AM",515,486,5801,122,249,130,370,1642,45,2106,130,"8/5/2020 8:48:21 AM","Personal"
"265",27376,"3/1/2016 12:00:00 AM",8,11,293,1,6,1,4,68,1,179,14,"8/5/2020 8:48:21 AM","Corporate"
"266",27377,"4/1/2016 12:00:00 AM",6,11,247,6,3,2,6,54,2,150,6,"8/5/2020 8:48:21 AM","Corporate"
"267",27378,"4/1/2016 12:00:00 AM",500,427,6077,140,286,133,376,1624,50,2376,156,"8/5/2020 8:48:21 AM","Personal"
"268",27379,"5/1/2016 12:00:00 AM",480,444,5933,130,303,156,421,1596,37,2245,117,"8/5/2020 8:48:21 AM","Personal"
"269",27380,"5/1/2016 12:00:00 AM",7,16,248,3,6,2,6,71,0,130,7,"8/5/2020 8:48:21 AM","Corporate"
"270",27381,"6/1/2016 12:00:00 AM",16,18,261,4,2,1,8,68,1,136,7,"8/5/2020 8:48:21 AM","Corporate"
"271",27382,"6/1/2016 12:00:00 AM",475,413,5625,141,248,165,384,1542,34,2091,126,"8/5/2020 8:48:21 AM","Personal"
"272",27383,"7/1/2016 12:00:00 AM",381,404,4757,107,212,129,360,1258,34,1755,112,"8/5/2020 8:48:21 AM","Personal"
"273",27384,"7/1/2016 12:00:00 AM",7,10,197,3,4,1,7,49,1,108,7,"8/5/2020 8:48:21 AM","Corporate"
"274",27385,"8/1/2016 12:00:00 AM",10,10,221,3,3,2,7,49,0,128,9,"8/5/2020 8:48:21 AM","Corporate"
"275",27386,"8/1/2016 12:00:00 AM",439,342,5072,124,252,132,356,1329,50,1916,129,"8/5/2020 8:48:21 AM","Personal"
"276",27387,"9/1/2016 12:00:00 AM",458,349,5368,121,240,120,357,1424,47,2134,109,"8/5/2020 8:48:21 AM","Personal"
