"","Id","When","NAICS","Exp","Alberta","BritishColumbia","Canada","Manitoba","NewBrunswick","NewfoundlandAndLabrador","NovaScotia","Ontario","PrinceEdwardIsland","Quebec","Saskatchewan","ModifiedDate"
"1",6865,"1/1/2006 12:00:00 AM","Accommodation and food services","Capital expenditures",379800000,485900000,2209200000,44700000,38600000,NA,58300000,753100000,8700000,3.64e+08,3.4e+07,"2/27/2020 11:33:55 AM"
"2",6866,"1/1/2006 12:00:00 AM","Administrative and support, waste management and remediation services","Capital expenditures",2.96e+08,209300000,1432500000,20500000,2.2e+07,6700000,27100000,606300000,NA,1.97e+08,33299999,"2/27/2020 11:33:55 AM"
"3",6867,"1/1/2006 12:00:00 AM","Agriculture, forestry, fishing and hunting","Capital expenditures",667500000,309200000,3227300000,277700000,65599999,42300000,98400000,752600000,40400000,553700000,418300000,"2/27/2020 11:33:55 AM"
"4",6868,"1/1/2006 12:00:00 AM","All Industries","Capital expenditures",57082800000,22810400000,197547600000,5425600000,3946400000,2.655e+09,4192100000,59877800000,530200000,31574200000,7606200000,"2/27/2020 11:33:55 AM"
"5",6869,"1/1/2006 12:00:00 AM","Arts, entertainment and recreation","Capital expenditures",195400000,226800000,1309700000,49700000,NA,1400000,13400000,588900000,NA,1.7e+08,4.9e+07,"2/27/2020 11:33:55 AM"
"6",6870,"1/1/2006 12:00:00 AM","Construction","Capital expenditures",249300000,430800000,4223700000,192700000,99200000,4.6e+07,106900000,1963200000,19700000,1016500000,89100000,"2/27/2020 11:33:55 AM"
"7",6871,"1/1/2006 12:00:00 AM","Educational services","Capital expenditures",1071200000,1097300000,6708400000,176100000,95300000,48100000,1.81e+08,2277800000,42400000,1395100000,286200000,"2/27/2020 11:33:55 AM"
"8",6872,"1/1/2006 12:00:00 AM","Finance and insurance","Capital expenditures",2974200000,2043100000,2.3924e+10,780200000,404600000,250500000,615900000,9386200000,73200000,6835700000,535900000,"2/27/2020 11:33:55 AM"
"9",6873,"1/1/2006 12:00:00 AM","Health care and social assistance","Capital expenditures",830200000,1138900000,6731800000,236800000,237600000,54400000,112400000,2602100000,3100000,1333900000,144500000,"2/27/2020 11:33:55 AM"
"10",6874,"1/1/2006 12:00:00 AM","Information and cultural industries","Capital expenditures",950800000,859300000,7143100000,251400000,262399999,102300000,193300000,3444800000,11600000,768800000,254200000,"2/27/2020 11:33:55 AM"
"11",6875,"1/1/2006 12:00:00 AM","Management of companies and enterprises","Capital expenditures",17100000,23800000,1.38e+08,1300000,NA,8e+05,2700000,69800000,200000,18600000,1200000,"2/27/2020 11:33:55 AM"
"12",6876,"1/1/2006 12:00:00 AM","Manufacturing","Capital expenditures",2366400000,1464900000,17084800000,447500000,548400000,140500000,355800000,7851800000,46700000,3446500000,413600000,"2/27/2020 11:33:55 AM"
"13",6877,"1/1/2006 12:00:00 AM","Mining, quarrying, and oil and gas extraction","Capital expenditures",34945200000,4837200000,48121600000,381200000,155200000,1125600000,343900000,1161600000,NA,686500000,3293200000,"2/27/2020 11:33:55 AM"
"14",6878,"1/1/2006 12:00:00 AM","Other services (except public administration)","Capital expenditures",216300000,89500000,917300000,2.6e+07,14500000,7100000,16500000,308300000,4300000,202100000,31600000,"2/27/2020 11:33:55 AM"
"15",6879,"1/1/2006 12:00:00 AM","Professional, scientific and technical services","Capital expenditures",344600000,159800000,1.848e+09,29700000,12700000,NA,2.1e+07,764100000,NA,468900000,23300000,"2/27/2020 11:33:55 AM"
"16",6880,"1/1/2006 12:00:00 AM","Public administration","Capital expenditures",3191200000,2659800000,21759900000,782800000,513100000,317200000,7.84e+08,8271799999,105900000,4227100000,658600000,"2/27/2020 11:33:55 AM"
"17",6881,"1/1/2006 12:00:00 AM","Real estate and rental and leasing","Capital expenditures",2483900000,1771200000,14358900000,278200000,2.65e+08,87800000,475300000,6216200000,29000000,2478600000,228300000,"2/27/2020 11:33:55 AM"
"18",6882,"1/1/2006 12:00:00 AM","Retail trade","Capital expenditures",871300000,809900000,6171500000,202400000,233500000,113800000,243500000,2408200000,29800000,1099300000,137300000,"2/27/2020 11:33:55 AM"
"19",6883,"1/1/2006 12:00:00 AM","Transportation and warehousing","Capital expenditures",2762700000,2400500000,11910500000,450300000,328800000,1.13e+08,292900000,3.532e+09,13800000,1549400000,400600000,"2/27/2020 11:33:55 AM"
"20",6884,"1/1/2006 12:00:00 AM","Utilities","Capital expenditures",1674300000,1474800000,14966800000,681700000,606300000,136300000,202100000,5550400000,80600000,4093500000,411700000,"2/27/2020 11:33:55 AM"
"21",6885,"1/1/2006 12:00:00 AM","Wholesale trade","Capital expenditures",595400000,318600000,3360300000,114700000,35500000,24200000,4.8e+07,1368600000,3900000,668900000,162300000,"2/27/2020 11:33:55 AM"
"22",6886,"1/1/2007 12:00:00 AM","Accommodation and food services","Capital expenditures",405500000,584100000,2448100000,65300000,34100000,15800000,6e+07,794800000,7500000,421100000,40300000,"2/27/2020 11:33:55 AM"
"23",6887,"1/1/2007 12:00:00 AM","Administrative and support, waste management and remediation services","Capital expenditures",1.65e+08,171600000,1309500000,1.9e+07,21200000,9500000,71900000,457300000,3200000,3.53e+08,31400000,"2/27/2020 11:33:55 AM"
"24",6888,"1/1/2007 12:00:00 AM","Agriculture, forestry, fishing and hunting","Capital expenditures",965300000,347400000,4289899999,350600000,61200000,41200000,101500000,897300000,32700000,6.91e+08,800400000,"2/27/2020 11:33:55 AM"
"25",6889,"1/1/2007 12:00:00 AM","All Industries","Capital expenditures",62158600000,23331500000,209983700000,6033300000,4065600000,2623400000,4.218e+09,63050100000,620700000,33695400000,8259700000,"2/27/2020 11:33:55 AM"
"26",6890,"1/1/2007 12:00:00 AM","Arts, entertainment and recreation","Capital expenditures",282100000,384400000,1657800000,45700000,4800000,2800000,13400000,662400000,NA,190800000,6.8e+07,"2/27/2020 11:33:55 AM"
"27",6891,"1/1/2007 12:00:00 AM","Construction","Capital expenditures",1578600000,696400000,4829200000,123100000,82500000,85200000,113800000,1178300000,15100000,782800000,142700000,"2/27/2020 11:33:55 AM"
"28",6892,"1/1/2007 12:00:00 AM","Educational services","Capital expenditures",1330600000,1273100000,7017700000,2.11e+08,84400000,65700000,146800000,2179100000,36500000,1471700000,153900000,"2/27/2020 11:33:55 AM"
"29",6893,"1/1/2007 12:00:00 AM","Finance and insurance","Capital expenditures",2802600000,1990700000,24049300000,786700000,4.28e+08,258500000,604200000,9.859e+09,76100000,6703200000,512600000,"2/27/2020 11:33:55 AM"
"30",6894,"1/1/2007 12:00:00 AM","Health care and social assistance","Capital expenditures",1026800000,937300000,6543800000,178500000,143300000,101100000,109800000,2519100000,7800000,1358900000,106200000,"2/27/2020 11:33:55 AM"
"31",6895,"1/1/2007 12:00:00 AM","Information and cultural industries","Capital expenditures",711200000,6.77e+08,5884900000,173600000,8.7e+07,109700000,2.35e+08,2519500000,23600000,1111800000,187600000,"2/27/2020 11:33:55 AM"
"32",6896,"1/1/2007 12:00:00 AM","Management of companies and enterprises","Capital expenditures",22700000,9100000,84400000,5e+05,1e+05,5e+05,10100000,18600000,NA,12800000,9300000,"2/27/2020 11:33:55 AM"
"33",6897,"1/1/2007 12:00:00 AM","Manufacturing","Capital expenditures",2620700000,1309500000,17635100000,508500000,519100000,128199999,552900000,8428799999,NA,3190700000,333200000,"2/27/2020 11:33:55 AM"
"34",6898,"1/1/2007 12:00:00 AM","Mining, quarrying, and oil and gas extraction","Capital expenditures",36770700000,4044900000,50019500000,402700000,286700000,843500000,107400000,1.664e+09,NA,1003500000,3744800000,"2/27/2020 11:33:55 AM"
"35",6899,"1/1/2007 12:00:00 AM","Other services (except public administration)","Capital expenditures",213600000,118300000,9.16e+08,19600000,14400000,4800000,14100000,3.4e+08,4099999,156300000,28500000,"2/27/2020 11:33:55 AM"
"36",6900,"1/1/2007 12:00:00 AM","Professional, scientific and technical services","Capital expenditures",352400000,242500000,1861200000,41300000,17300000,3.4e+07,28500000,712900000,2900000,391900000,33200000,"2/27/2020 11:33:55 AM"
"37",6901,"1/1/2007 12:00:00 AM","Public administration","Capital expenditures",3801200000,2956600000,25624500000,1195600000,494100000,351700000,719800000,9600300000,88500000,5.509e+09,671500000,"2/27/2020 11:33:55 AM"
"38",6902,"1/1/2007 12:00:00 AM","Real estate and rental and leasing","Capital expenditures",2256900000,1513600000,13575200000,270300000,224600000,83400000,470600000,6449500000,40600000,1974100000,250200000,"2/27/2020 11:33:55 AM"
"39",6903,"1/1/2007 12:00:00 AM","Retail trade","Capital expenditures",940100000,1036700000,7342800000,236300000,244300000,116800000,272500000,2919800000,21900000,1366400000,1.65e+08,"2/27/2020 11:33:55 AM"
"40",6904,"1/1/2007 12:00:00 AM","Transportation and warehousing","Capital expenditures",3225100000,2821600000,14499500000,5.27e+08,399500000,225100000,3.11e+08,4440400000,27900000,1900100000,484500000,"2/27/2020 11:33:55 AM"
"41",6905,"1/1/2007 12:00:00 AM","Utilities","Capital expenditures",1981500000,1.941e+09,17188800000,789400000,893400000,128600000,205200000,6108100000,NA,4487900000,402300000,"2/27/2020 11:33:55 AM"
"42",6906,"1/1/2007 12:00:00 AM","Wholesale trade","Capital expenditures",7.06e+08,275100000,3.209e+09,88600000,25700000,17400000,69500000,1300600000,NA,618300000,94100000,"2/27/2020 11:33:55 AM"
"43",6907,"1/1/2008 12:00:00 AM","Accommodation and food services","Capital expenditures",485200000,7.03e+08,2850900000,66500000,39300000,13800000,57900000,874100000,6100000,515500000,73300000,"2/27/2020 11:33:55 AM"
"44",6908,"1/1/2008 12:00:00 AM","Administrative and support, waste management and remediation services","Capital expenditures",254400000,171900000,1627200000,22600000,27500000,8500000,41900000,660600000,3800000,395900000,35700000,"2/27/2020 11:33:55 AM"
"45",6909,"1/1/2008 12:00:00 AM","Agriculture, forestry, fishing and hunting","Capital expenditures",9.77e+08,360400000,4434700000,364600000,71300000,42100000,1.09e+08,918900000,33100000,7.43e+08,813900000,"2/27/2020 11:33:55 AM"
"46",6910,"1/1/2008 12:00:00 AM","All Industries","Capital expenditures",69969800000,26196600000,223454200000,6793900000,4453700000,3290800000,3697600000,60925200000,600000000,35650400000,10155400000,"2/27/2020 11:33:55 AM"
"47",6911,"1/1/2008 12:00:00 AM","Arts, entertainment and recreation","Capital expenditures",229700000,436700000,2.066e+09,55700000,6100000,NA,6800000,954600000,5000000,255600000,1.11e+08,"2/27/2020 11:33:55 AM"
"48",6912,"1/1/2008 12:00:00 AM","Construction","Capital expenditures",1580800000,835100000,5329100000,155700000,92800000,72300000,120800000,1408500000,13600000,801400000,1.95e+08,"2/27/2020 11:33:55 AM"
"49",6913,"1/1/2008 12:00:00 AM","Educational services","Capital expenditures",1552700000,1133200000,7328800000,188300000,94900000,76300000,167800000,1970200000,44100000,1559300000,464400000,"2/27/2020 11:33:55 AM"
"50",6914,"1/1/2008 12:00:00 AM","Finance and insurance","Capital expenditures",2275100000,1564100000,18726200000,620400000,318400000,181300000,463700000,7734900000,56900000,5080400000,411200000,"2/27/2020 11:33:55 AM"
"51",6915,"1/1/2008 12:00:00 AM","Health care and social assistance","Capital expenditures",1294800000,1282900000,7.623e+09,160300000,121200000,102700000,168900000,2693600000,16900000,1561800000,183900000,"2/27/2020 11:33:55 AM"
"52",6916,"1/1/2008 12:00:00 AM","Information and cultural industries","Capital expenditures",902600000,1026200000,6921200000,228900000,167900000,118200000,140400000,2618100000,29900000,1452800000,194200000,"2/27/2020 11:33:55 AM"
"53",6917,"1/1/2008 12:00:00 AM","Management of companies and enterprises","Capital expenditures",42200000,30300000,124600000,3100000,5100000,NA,6600000,26500000,400000,4200000,4900000,"2/27/2020 11:33:55 AM"
"54",6918,"1/1/2008 12:00:00 AM","Manufacturing","Capital expenditures",2844700000,1251600000,1.718e+10,477700000,5.12e+08,170600000,378800000,7582300000,NA,3420700000,440500000,"2/27/2020 11:33:55 AM"
"55",6919,"1/1/2008 12:00:00 AM","Mining, quarrying, and oil and gas extraction","Capital expenditures",40196200000,4868800000,54925600000,458500000,321900000,1434600000,110400000,1313100000,NA,1134400000,4150300000,"2/27/2020 11:33:55 AM"
"56",6920,"1/1/2008 12:00:00 AM","Other services (except public administration)","Capital expenditures",212600000,139300000,1000700000,21800000,10200000,13600000,9600000,374800000,4700000,180700000,26600000,"2/27/2020 11:33:55 AM"
"57",6921,"1/1/2008 12:00:00 AM","Professional, scientific and technical services","Capital expenditures",4.27e+08,233100000,2307500000,44100000,16800000,23800000,30200000,9.17e+08,NA,5.75e+08,33299999,"2/27/2020 11:33:55 AM"
"58",6922,"1/1/2008 12:00:00 AM","Public administration","Capital expenditures",5103200000,3237400000,30164700000,1359100000,643900000,512600000,717400000,9983400000,73100000,7338100000,923300000,"2/27/2020 11:33:55 AM"
"59",6923,"1/1/2008 12:00:00 AM","Real estate and rental and leasing","Capital expenditures",2573400000,2135800000,13929800000,272400000,213200000,60200000,359300000,6.39e+09,20000000,1656100000,2.17e+08,"2/27/2020 11:33:55 AM"
"60",6924,"1/1/2008 12:00:00 AM","Retail trade","Capital expenditures",1009400000,1131900000,7627500000,2.86e+08,2.17e+08,101100000,230600000,2878100000,19700000,1537300000,194500000,"2/27/2020 11:33:55 AM"
"61",6925,"1/1/2008 12:00:00 AM","Transportation and warehousing","Capital expenditures",5021700000,2893700000,16785800000,1027300000,537500000,189800000,259899999,3830500000,17900000,1891200000,1024400000,"2/27/2020 11:33:55 AM"
"62",6926,"1/1/2008 12:00:00 AM","Utilities","Capital expenditures",2383200000,2456700000,1.8749e+10,864900000,992100000,137400000,252100000,6096800000,NA,4776800000,555800000,"2/27/2020 11:33:55 AM"
"63",6927,"1/1/2008 12:00:00 AM","Wholesale trade","Capital expenditures",603900000,304600000,3.752e+09,1.16e+08,44500000,28600000,65700000,1.699e+09,5400000,769900000,102200000,"2/27/2020 11:33:55 AM"
"64",6928,"1/1/2009 12:00:00 AM","Accommodation and food services","Capital expenditures",726700000,724700000,3539100000,67600000,49900000,3.1e+07,5.4e+07,1169800000,10400000,629100000,63200000,"2/27/2020 11:33:55 AM"
"65",6929,"1/1/2009 12:00:00 AM","Administrative and support, waste management and remediation services","Capital expenditures",295200000,164700000,1467500000,3.3e+07,24600000,3700000,55600000,537300000,7500000,3.3e+08,12700000,"2/27/2020 11:33:55 AM"
"66",6930,"1/1/2009 12:00:00 AM","Agriculture, forestry, fishing and hunting","Capital expenditures",1101400000,307100000,5521200000,559400000,72800000,40600000,93200000,1016100000,47600000,747800000,1533400000,"2/27/2020 11:33:55 AM"
"67",6931,"1/1/2009 12:00:00 AM","All Industries","Capital expenditures",4.9516e+10,22322200000,192394700000,6645900000,3.923e+09,3187400000,4097600000,55045700000,576500000,34308199999,11351500000,"2/27/2020 11:33:55 AM"
"68",6932,"1/1/2009 12:00:00 AM","Arts, entertainment and recreation","Capital expenditures",310700000,216200000,1375700000,89800000,8800000,NA,3.5e+07,425800000,NA,241900000,34100000,"2/27/2020 11:33:55 AM"
"69",6933,"1/1/2009 12:00:00 AM","Construction","Capital expenditures",1655400000,598600000,4916200000,117900000,101400000,80800000,110100000,1177500000,22000000,844700000,182500000,"2/27/2020 11:33:55 AM"
"70",6934,"1/1/2009 12:00:00 AM","Educational services","Capital expenditures",1768400000,1124700000,7957500000,194600000,124300000,143900000,287800000,2334700000,61200000,1649800000,1.67e+08,"2/27/2020 11:33:55 AM"
"71",6935,"1/1/2009 12:00:00 AM","Finance and insurance","Capital expenditures",1339900000,903900000,11348500000,450100000,161800000,111600000,218900000,4.758e+09,NA,3119800000,221100000,"2/27/2020 11:33:55 AM"
"72",6936,"1/1/2009 12:00:00 AM","Health care and social assistance","Capital expenditures",1054900000,1069700000,8164500000,270800000,137600000,130500000,204800000,3281600000,38200000,1748400000,185400000,"2/27/2020 11:33:55 AM"
"73",6937,"1/1/2009 12:00:00 AM","Information and cultural industries","Capital expenditures",875900000,1120800000,7219300000,2.36e+08,260399999,47100000,93400000,2904600000,8800000,1388300000,276600000,"2/27/2020 11:33:55 AM"
"74",6938,"1/1/2009 12:00:00 AM","Management of companies and enterprises","Capital expenditures",33900000,66099999,154400000,2900000,2100000,NA,5500000,23800000,NA,5200000,11600000,"2/27/2020 11:33:55 AM"
"75",6939,"1/1/2009 12:00:00 AM","Manufacturing","Capital expenditures",1.364e+09,953400000,12013500000,326700000,425600000,220400000,321400000,5191100000,62300000,2453400000,693800000,"2/27/2020 11:33:55 AM"
"76",6940,"1/1/2009 12:00:00 AM","Mining, quarrying, and oil and gas extraction","Capital expenditures",21898600000,3640300000,35182100000,422400000,440900000,1215600000,610300000,1054300000,NA,1.197e+09,4079100000,"2/27/2020 11:33:55 AM"
"77",6941,"1/1/2009 12:00:00 AM","Other services (except public administration)","Capital expenditures",315300000,131400000,1308700000,4.5e+07,12700000,22800000,13500000,518600000,2200000,214600000,30700000,"2/27/2020 11:33:55 AM"
"78",6942,"1/1/2009 12:00:00 AM","Professional, scientific and technical services","Capital expenditures",399800000,180500000,1958200000,33600000,24600000,5800000,17900000,785300000,NA,451500000,50100000,"2/27/2020 11:33:55 AM"
"79",6943,"1/1/2009 12:00:00 AM","Public administration","Capital expenditures",5188200000,3.095e+09,31658800000,1282700000,741600000,5.94e+08,891800000,10106700000,155800000,8249799999,1018700000,"2/27/2020 11:33:55 AM"
"80",6944,"1/1/2009 12:00:00 AM","Real estate and rental and leasing","Capital expenditures",2471900000,1725800000,12152400000,199400000,189900000,53400000,249500000,5353100000,25000000,1686600000,174400000,"2/27/2020 11:33:55 AM"
"81",6945,"1/1/2009 12:00:00 AM","Retail trade","Capital expenditures",845600000,856200000,5935600000,206800000,194800000,76400000,232400000,2261300000,30500000,1.005e+09,200900000,"2/27/2020 11:33:55 AM"
"82",6946,"1/1/2009 12:00:00 AM","Transportation and warehousing","Capital expenditures",3.867e+09,1992900000,15078700000,1104300000,269600000,210400000,198900000,3518300000,12900000,2.316e+09,1485500000,"2/27/2020 11:33:55 AM"
"83",6947,"1/1/2009 12:00:00 AM","Utilities","Capital expenditures",3424700000,3193300000,21963600000,930200000,636200000,169500000,325300000,7061100000,NA,5330300000,778600000,"2/27/2020 11:33:55 AM"
"84",6948,"1/1/2009 12:00:00 AM","Wholesale trade","Capital expenditures",578500000,256800000,3479200000,72700000,43400000,21500000,78500000,1566700000,4900000,698800000,152100000,"2/27/2020 11:33:55 AM"
"85",6949,"1/1/2010 12:00:00 AM","Accommodation and food services","Capital expenditures",4.25e+08,556200000,2.745e+09,5.3e+07,43100000,32700000,32100000,9.86e+08,NA,502900000,92300000,"2/27/2020 11:33:55 AM"
"86",6950,"1/1/2010 12:00:00 AM","Administrative and support, waste management and remediation services","Capital expenditures",293700000,163100000,1392800000,41100000,19400000,NA,2.5e+07,480400000,NA,319500000,3.6e+07,"2/27/2020 11:33:55 AM"
"87",6951,"1/1/2010 12:00:00 AM","Agriculture, forestry, fishing and hunting","Capital expenditures",1110800000,320500000,5.559e+09,564600000,9.2e+07,NA,90300000,997400000,NA,755500000,1540700000,"2/27/2020 11:33:55 AM"
"88",6952,"1/1/2010 12:00:00 AM","All Industries","Capital expenditures",61228200000,24076200000,218195900000,7554700000,3999500000,3637100000,4449200000,62458400000,559500000,34715800000,13631700000,"2/27/2020 11:33:55 AM"
"89",6953,"1/1/2010 12:00:00 AM","Arts, entertainment and recreation","Capital expenditures",203300000,219600000,1386800000,122400000,43500000,NA,29400000,415400000,NA,307500000,31300000,"2/27/2020 11:33:55 AM"
"90",6954,"1/1/2010 12:00:00 AM","Construction","Capital expenditures",1260400000,742500000,5462200000,1.79e+08,137600000,103700000,126700000,1529500000,20300000,1085600000,238300000,"2/27/2020 11:33:55 AM"
"91",6955,"1/1/2010 12:00:00 AM","Educational services","Capital expenditures",1760600000,1205900000,9.314e+09,353300000,256600000,133900000,265700000,3273900000,NA,1719100000,207800000,"2/27/2020 11:33:55 AM"
"92",6956,"1/1/2010 12:00:00 AM","Finance and insurance","Capital expenditures",1719700000,7.96e+08,12506400000,311600000,174100000,114800000,204600000,5825600000,42000000,3116200000,1.84e+08,"2/27/2020 11:33:55 AM"
"93",6957,"1/1/2010 12:00:00 AM","Health care and social assistance","Capital expenditures",1212600000,1257900000,9368600000,272100000,154100000,158700000,2.89e+08,3901700000,38200000,1.882e+09,170700000,"2/27/2020 11:33:55 AM"
"94",6958,"1/1/2010 12:00:00 AM","Information and cultural industries","Capital expenditures",1010400000,1040300000,7993700000,239400000,112800000,61900000,277300000,3575400000,31100000,1264800000,352400000,"2/27/2020 11:33:55 AM"
"95",6959,"1/1/2010 12:00:00 AM","Management of companies and enterprises","Capital expenditures",49100000,74800000,180400000,1700000,4099999,2700000,3900000,26200000,900000,5400000,13800000,"2/27/2020 11:33:55 AM"
"96",6960,"1/1/2010 12:00:00 AM","Manufacturing","Capital expenditures",1295300000,1369800000,13369500000,297900000,413600000,763400000,270300000,5.096e+09,24200000,2721200000,1115500000,"2/27/2020 11:33:55 AM"
"97",6961,"1/1/2010 12:00:00 AM","Mining, quarrying, and oil and gas extraction","Capital expenditures",34020100000,6357900000,53651400000,988600000,465900000,856900000,500600000,1573700000,NA,1935400000,5992800000,"2/27/2020 11:33:55 AM"
"98",6962,"1/1/2010 12:00:00 AM","Other services (except public administration)","Capital expenditures",341800000,151300000,1422800000,47100000,24500000,23400000,29900000,545300000,5300000,211300000,35200000,"2/27/2020 11:33:55 AM"
"99",6963,"1/1/2010 12:00:00 AM","Professional, scientific and technical services","Capital expenditures",331300000,2.79e+08,2092699999,43100000,2.3e+07,29500000,34600000,901200000,4099999,399800000,40100000,"2/27/2020 11:33:55 AM"
"100",6964,"1/1/2010 12:00:00 AM","Public administration","Capital expenditures",5287300000,2.715e+09,3.5992e+10,1270600000,9.62e+08,6.93e+08,8.16e+08,1.4495e+10,182900000,8050800000,1101200000,"2/27/2020 11:33:55 AM"
"101",6965,"1/1/2010 12:00:00 AM","Real estate and rental and leasing","Capital expenditures",2361900000,1419100000,11578400000,225700000,178900000,108700000,292900000,4746200000,17300000,1910500000,277100000,"2/27/2020 11:33:55 AM"
"102",6966,"1/1/2010 12:00:00 AM","Retail trade","Capital expenditures",961200000,800100000,5.877e+09,199200000,178100000,102700000,202100000,2127699999,34000000,1044300000,208700000,"2/27/2020 11:33:55 AM"
"103",6967,"1/1/2010 12:00:00 AM","Transportation and warehousing","Capital expenditures",3289900000,1345400000,13024300000,6.15e+08,186400000,166300000,175900000,4767300000,10200000,1480800000,953700000,"2/27/2020 11:33:55 AM"
"104",6968,"1/1/2010 12:00:00 AM","Utilities","Capital expenditures",3624200000,2978600000,22089400000,1601300000,4.7e+08,204800000,700800000,6126900000,35600000,5300200000,889400000,"2/27/2020 11:33:55 AM"
"105",6969,"1/1/2010 12:00:00 AM","Wholesale trade","Capital expenditures",669600000,283300000,3189400000,128300000,59600000,22400000,8.2e+07,1070300000,10900000,703100000,150700000,"2/27/2020 11:33:55 AM"
"106",6970,"1/1/2011 12:00:00 AM","Accommodation and food services","Capital expenditures",446800000,368500000,3037700000,8e+07,38600000,30900000,58700000,1168800000,16500000,705800000,107100000,"2/27/2020 11:33:55 AM"
"107",6971,"1/1/2011 12:00:00 AM","Administrative and support, waste management and remediation services","Capital expenditures",363400000,201100000,1770500000,34600000,4.2e+07,8199999,NA,567900000,5800000,4.5e+08,54300000,"2/27/2020 11:33:55 AM"
"108",6972,"1/1/2011 12:00:00 AM","Agriculture, forestry, fishing and hunting","Capital expenditures",1288100000,349500000,5509700000,502400000,66200000,45100000,82400000,1117300000,52400000,702300000,1302500000,"2/27/2020 11:33:55 AM"
"109",6973,"1/1/2011 12:00:00 AM","All Industries","Capital expenditures",70389300000,24909800000,235081300000,7508800000,4354600000,5204900000,4356500000,6.3808e+10,709100000,37010400000,15068700000,"2/27/2020 11:33:55 AM"
"110",6974,"1/1/2011 12:00:00 AM","Arts, entertainment and recreation","Capital expenditures",334800000,235900000,1561200000,154900000,26800000,7900000,NA,469600000,NA,250300000,45200000,"2/27/2020 11:33:55 AM"
"111",6975,"1/1/2011 12:00:00 AM","Construction","Capital expenditures",1432500000,874800000,5838500000,1.82e+08,115600000,107900000,132900000,1563500000,17400000,1135300000,239900000,"2/27/2020 11:33:55 AM"
"112",6976,"1/1/2011 12:00:00 AM","Educational services","Capital expenditures",1369300000,1044700000,9206400000,282500000,277900000,142300000,270200000,3406700000,36500000,1846600000,439400000,"2/27/2020 11:33:55 AM"
"113",6977,"1/1/2011 12:00:00 AM","Finance and insurance","Capital expenditures",980600000,969700000,1.2709e+10,287100000,164600000,137900000,230700000,6998900000,40600000,2587800000,297800000,"2/27/2020 11:33:55 AM"
"114",6978,"1/1/2011 12:00:00 AM","Health care and social assistance","Capital expenditures",1085300000,1171800000,9281300000,299800000,187900000,187700000,317300000,3302500000,NA,2371800000,2.19e+08,"2/27/2020 11:33:55 AM"
"115",6979,"1/1/2011 12:00:00 AM","Information and cultural industries","Capital expenditures",1058800000,1014900000,7113300000,272100000,131400000,55500000,1.85e+08,3148100000,22000000,1023200000,178900000,"2/27/2020 11:33:55 AM"
"116",6980,"1/1/2011 12:00:00 AM","Management of companies and enterprises","Capital expenditures",44800000,61600000,226800000,8900000,5e+06,2700000,4700000,69200000,1600000,1.1e+07,1.6e+07,"2/27/2020 11:33:55 AM"
"117",6981,"1/1/2011 12:00:00 AM","Manufacturing","Capital expenditures",1641900000,1140300000,15330100000,422900000,503200000,1057500000,212500000,5198700000,44700000,3996800000,1107600000,"2/27/2020 11:33:55 AM"
"118",6982,"1/1/2011 12:00:00 AM","Mining, quarrying, and oil and gas extraction","Capital expenditures",4.3095e+10,6893900000,67735800000,1164300000,378800000,1857100000,NA,2669800000,NA,2555700000,7.533e+09,"2/27/2020 11:33:55 AM"
"119",6983,"1/1/2011 12:00:00 AM","Other services (except public administration)","Capital expenditures",414800000,228800000,1769200000,48200000,23900000,25900000,20900000,636600000,NA,290900000,58800000,"2/27/2020 11:33:55 AM"
"120",6984,"1/1/2011 12:00:00 AM","Professional, scientific and technical services","Capital expenditures",505800000,295100000,2706500000,5.1e+07,17300000,17400000,35400000,1149800000,5200000,562300000,61700000,"2/27/2020 11:33:55 AM"
"121",6985,"1/1/2011 12:00:00 AM","Public administration","Capital expenditures",5307700000,2375300000,33431800000,1335200000,1358100000,691700000,748900000,12114300000,266300000,7.75e+09,1026599999,"2/27/2020 11:33:55 AM"
"122",6986,"1/1/2011 12:00:00 AM","Real estate and rental and leasing","Capital expenditures",1799900000,1.337e+09,9735900000,209300000,1.42e+08,119800000,196600000,4499900000,20700000,1204300000,177700000,"2/27/2020 11:33:55 AM"
"123",6987,"1/1/2011 12:00:00 AM","Retail trade","Capital expenditures",866900000,8.92e+08,6046500000,198700000,1.77e+08,1.29e+08,192500000,2246400000,35100000,1038400000,249500000,"2/27/2020 11:33:55 AM"
"124",6988,"1/1/2011 12:00:00 AM","Transportation and warehousing","Capital expenditures",3.971e+09,1615300000,14658100000,7.82e+08,184400000,247800000,186400000,4851400000,19200000,1951200000,800700000,"2/27/2020 11:33:55 AM"
"125",6989,"1/1/2011 12:00:00 AM","Utilities","Capital expenditures",3.718e+09,3567300000,24342500000,1095100000,4.2e+08,291200000,467200000,7596300000,51600000,5954400000,1000800000,"2/27/2020 11:33:55 AM"
"126",6990,"1/1/2011 12:00:00 AM","Wholesale trade","Capital expenditures",663900000,272200000,3070500000,98100000,94400000,41800000,75600000,1031800000,10500000,622500000,152200000,"2/27/2020 11:33:55 AM"
"127",6991,"1/1/2012 12:00:00 AM","Accommodation and food services","Capital expenditures",549800000,339400000,3157100000,1.27e+08,34100000,53800000,42100000,1.145e+09,NA,697600000,141400000,"2/27/2020 11:33:55 AM"
"128",6992,"1/1/2012 12:00:00 AM","Administrative and support, waste management and remediation services","Capital expenditures",301800000,253800000,1930600000,27300000,36200000,NA,39400000,746700000,NA,404300000,97300000,"2/27/2020 11:33:55 AM"
"129",6993,"1/1/2012 12:00:00 AM","Agriculture, forestry, fishing and hunting","Capital expenditures",1335300000,355200000,5759700000,524200000,70300000,NA,NA,1160300000,53300000,743200000,1374900000,"2/27/2020 11:33:55 AM"
"130",6994,"1/1/2012 12:00:00 AM","All Industries","Capital expenditures",78605800000,2.795e+10,249225500000,7795300000,3253500000,6647900000,3598400000,62867500000,530200000,40191600000,16184100000,"2/27/2020 11:33:55 AM"
"131",6995,"1/1/2012 12:00:00 AM","Arts, entertainment and recreation","Capital expenditures",287200000,222500000,1.565e+09,220800000,28400000,17500000,44700000,372300000,NA,321700000,38400000,"2/27/2020 11:33:55 AM"
"132",6996,"1/1/2012 12:00:00 AM","Construction","Capital expenditures",1623900000,652400000,5501300000,212400000,95300000,89300000,9.7e+07,1408800000,17100000,1013700000,262100000,"2/27/2020 11:33:55 AM"
"133",6997,"1/1/2012 12:00:00 AM","Educational services","Capital expenditures",1.622e+09,1082400000,8684500000,220200000,169400000,154800000,289400000,2967200000,34100000,1735400000,373800000,"2/27/2020 11:33:55 AM"
"134",6998,"1/1/2012 12:00:00 AM","Finance and insurance","Capital expenditures",1182800000,1.052e+09,13182200000,318600000,124200000,NA,269900000,7039900000,NA,2803500000,237700000,"2/27/2020 11:33:55 AM"
"135",6999,"1/1/2012 12:00:00 AM","Health care and social assistance","Capital expenditures",1070400000,1.293e+09,9563800000,470200000,104800000,234500000,274900000,3212400000,40700000,2585800000,224200000,"2/27/2020 11:33:55 AM"
"136",7000,"1/1/2012 12:00:00 AM","Information and cultural industries","Capital expenditures",1327300000,1163500000,6736900000,209900000,84900000,NA,93700000,2428800000,NA,1023400000,329200000,"2/27/2020 11:33:55 AM"
"137",7001,"1/1/2012 12:00:00 AM","Management of companies and enterprises","Capital expenditures",48200000,75100000,2.16e+08,5500000,NA,NA,4500000,47500000,1300000,8300000,16900000,"2/27/2020 11:33:55 AM"
"138",7002,"1/1/2012 12:00:00 AM","Manufacturing","Capital expenditures",1526400000,1430400000,15189500000,458900000,NA,NA,209900000,5250900000,NA,3884100000,768400000,"2/27/2020 11:33:55 AM"
"139",7003,"1/1/2012 12:00:00 AM","Mining, quarrying, and oil and gas extraction","Capital expenditures",49598600000,7232300000,78314500000,1294600000,NA,2923600000,64599999,3504500000,NA,4034700000,8537700000,"2/27/2020 11:33:55 AM"
"140",7004,"1/1/2012 12:00:00 AM","Other services (except public administration)","Capital expenditures",432500000,1.63e+08,1.418e+09,4.4e+07,NA,NA,18500000,439900000,NA,248100000,32700000,"2/27/2020 11:33:55 AM"
"141",7005,"1/1/2012 12:00:00 AM","Professional, scientific and technical services","Capital expenditures",427300000,2.89e+08,2406300000,58900000,NA,NA,NA,991800000,NA,4.84e+08,60600000,"2/27/2020 11:33:55 AM"
"142",7006,"1/1/2012 12:00:00 AM","Public administration","Capital expenditures",4191300000,3463100000,31663900000,1317600000,851400000,611600000,861800000,11255100000,136600000,7572200000,1008900000,"2/27/2020 11:33:55 AM"
"143",7007,"1/1/2012 12:00:00 AM","Real estate and rental and leasing","Capital expenditures",1611200000,1319500000,9174400000,204300000,131500000,NA,227400000,3970600000,NA,1476500000,129400000,"2/27/2020 11:33:55 AM"
"144",7008,"1/1/2012 12:00:00 AM","Retail trade","Capital expenditures",957100000,920900000,7238500000,224300000,NA,174100000,2.19e+08,2928400000,33100000,1385200000,221200000,"2/27/2020 11:33:55 AM"
"145",7009,"1/1/2012 12:00:00 AM","Transportation and warehousing","Capital expenditures",5186300000,2244400000,18205300000,597700000,146100000,236600000,239100000,5959700000,26000000,2483700000,1005100000,"2/27/2020 11:33:55 AM"
"146",7010,"1/1/2012 12:00:00 AM","Utilities","Capital expenditures",4474800000,3874100000,26008600000,1124600000,439400000,536299999,407600000,7204500000,39800000,6609900000,1185100000,"2/27/2020 11:33:55 AM"
"147",7011,"1/1/2012 12:00:00 AM","Wholesale trade","Capital expenditures",851600000,524500000,3309100000,134500000,5.7e+07,NA,56300000,8.33e+08,NA,676200000,139100000,"2/27/2020 11:33:55 AM"
"148",7012,"1/1/2013 12:00:00 AM","Accommodation and food services","Capital expenditures",940400000,392500000,3572400000,146400000,76300000,NA,86700000,960800000,NA,NA,NA,"2/27/2020 11:33:55 AM"
"149",7013,"1/1/2013 12:00:00 AM","Administrative and support, waste management and remediation services","Capital expenditures",500700000,257100000,2164400000,NA,16300000,NA,NA,802600000,NA,NA,81500000,"2/27/2020 11:33:55 AM"
"150",7014,"1/1/2013 12:00:00 AM","Agriculture, forestry, fishing and hunting","Capital expenditures",1.616e+09,408600000,6352300000,583200000,73200000,31300000,106900000,1340600000,52800000,672300000,1467200000,"2/27/2020 11:33:55 AM"
"151",7015,"1/1/2013 12:00:00 AM","All Industries","Capital expenditures",91681700000,25658600000,256042400000,7619800000,2981600000,8142200000,3575400000,56980500000,568600000,38364700000,18184200000,"2/27/2020 11:33:55 AM"
"152",7016,"1/1/2013 12:00:00 AM","Arts, entertainment and recreation","Capital expenditures",375300000,277300000,2062600000,226500000,NA,2.4e+07,NA,625400000,NA,423400000,NA,"2/27/2020 11:33:55 AM"
"153",7017,"1/1/2013 12:00:00 AM","Construction","Capital expenditures",1933200000,789700000,6132500000,181800000,108900000,100800000,132600000,1412500000,25500000,1092300000,309100000,"2/27/2020 11:33:55 AM"
"154",7018,"1/1/2013 12:00:00 AM","Educational services","Capital expenditures",1419500000,9.75e+08,7743700000,234900000,143700000,134199999,283500000,2380300000,24500000,1814100000,295500000,"2/27/2020 11:33:55 AM"
"155",7019,"1/1/2013 12:00:00 AM","Finance and insurance","Capital expenditures",NA,507200000,3.118e+09,NA,NA,NA,NA,1551100000,NA,NA,132699999,"2/27/2020 11:33:55 AM"
"156",7020,"1/1/2013 12:00:00 AM","Health care and social assistance","Capital expenditures",8.04e+08,755200000,8825800000,407500000,NA,184500000,157900000,3267800000,NA,NA,319600000,"2/27/2020 11:33:55 AM"
"157",7021,"1/1/2013 12:00:00 AM","Information and cultural industries","Capital expenditures",1264300000,1096500000,7507400000,201100000,164300000,120400000,276100000,2659900000,25500000,1359900000,315500000,"2/27/2020 11:33:55 AM"
"158",7022,"1/1/2013 12:00:00 AM","Management of companies and enterprises","Capital expenditures",NA,NA,3.09e+08,NA,NA,NA,NA,124200000,NA,NA,NA,"2/27/2020 11:33:55 AM"
"159",7023,"1/1/2013 12:00:00 AM","Manufacturing","Capital expenditures",2091699999,2261800000,15779100000,4.32e+08,391400000,1320800000,3.35e+08,4789900000,47300000,3449300000,655100000,"2/27/2020 11:33:55 AM"
"160",7024,"1/1/2013 12:00:00 AM","Mining, quarrying, and oil and gas extraction","Capital expenditures",54967500000,6609600000,83890700000,1157100000,168100000,3875300000,92500000,2168400000,NA,3629800000,9987300000,"2/27/2020 11:33:55 AM"
"161",7025,"1/1/2013 12:00:00 AM","Other services (except public administration)","Capital expenditures",NA,NA,1169200000,NA,NA,NA,NA,510600000,NA,NA,NA,"2/27/2020 11:33:55 AM"
"162",7026,"1/1/2013 12:00:00 AM","Professional, scientific and technical services","Capital expenditures",332200000,251300000,2124400000,NA,25600000,18200000,NA,869600000,NA,485800000,47800000,"2/27/2020 11:33:55 AM"
"163",7027,"1/1/2013 12:00:00 AM","Public administration","Capital expenditures",4720700000,2563400000,29792900000,1095700000,642500000,552200000,754400000,11051600000,156800000,6883900000,952200000,"2/27/2020 11:33:55 AM"
"164",7028,"1/1/2013 12:00:00 AM","Real estate and rental and leasing","Capital expenditures",1537400000,926300000,9993200000,187300000,196800000,NA,235800000,4.744e+09,NA,1801400000,233500000,"2/27/2020 11:33:55 AM"
"165",7029,"1/1/2013 12:00:00 AM","Retail trade","Capital expenditures",1.231e+09,860500000,7854300000,280400000,191600000,201300000,233700000,2631800000,41700000,NA,303900000,"2/27/2020 11:33:55 AM"
"166",7030,"1/1/2013 12:00:00 AM","Transportation and warehousing","Capital expenditures",9911600000,2.643e+09,24368800000,807500000,254500000,368700000,326200000,5986400000,39200000,2724300000,1163700000,"2/27/2020 11:33:55 AM"
"167",7031,"1/1/2013 12:00:00 AM","Utilities","Capital expenditures",6423400000,3578100000,2.9615e+10,1278600000,284400000,983400000,290500000,8035900000,44500000,7154400000,1413400000,"2/27/2020 11:33:55 AM"
"168",7032,"1/1/2013 12:00:00 AM","Wholesale trade","Capital expenditures",925900000,348700000,3666700000,169600000,68700000,38600000,111800000,1.067e+09,7400000,729700000,187700000,"2/27/2020 11:33:55 AM"
"169",7033,"1/1/2014 12:00:00 AM","Accommodation and food services","Capital expenditures",1025099999,546500000,4272300000,210300000,52300000,109900000,86500000,1322100000,NA,667100000,212100000,"2/27/2020 11:33:55 AM"
"170",7034,"1/1/2014 12:00:00 AM","Administrative and support, waste management and remediation services","Capital expenditures",811900000,318200000,2.422e+09,96500000,23800000,NA,NA,699300000,NA,330500000,NA,"2/27/2020 11:33:55 AM"
"171",7035,"1/1/2014 12:00:00 AM","Agriculture, forestry, fishing and hunting","Capital expenditures",1661200000,4.97e+08,6.561e+09,589600000,80200000,28200000,100600000,1416100000,55500000,638300000,1493900000,"2/27/2020 11:33:55 AM"
"172",7036,"1/1/2014 12:00:00 AM","All Industries","Capital expenditures",97800200000,28637800000,272109200000,8633100000,3065500000,10062400000,3423400000,63516600000,507400000,34288100000,20020900000,"2/27/2020 11:33:55 AM"
"173",7037,"1/1/2014 12:00:00 AM","Arts, entertainment and recreation","Capital expenditures",290800000,251300000,1973700000,171900000,3.6e+07,NA,44400000,608800000,NA,421700000,100500000,"2/27/2020 11:33:55 AM"
"174",7038,"1/1/2014 12:00:00 AM","Construction","Capital expenditures",2126600000,7.85e+08,6364800000,234100000,93400000,123500000,130600000,1538400000,28200000,928600000,344400000,"2/27/2020 11:33:55 AM"
"175",7039,"1/1/2014 12:00:00 AM","Educational services","Capital expenditures",1144300000,1118400000,7894700000,343700000,140900000,2.37e+08,187600000,2454700000,26100000,1779900000,382300000,"2/27/2020 11:33:55 AM"
"176",7040,"1/1/2014 12:00:00 AM","Finance and insurance","Capital expenditures",494400000,295600000,3502300000,77500000,23200000,NA,37500000,1883600000,NA,3.84e+08,279800000,"2/27/2020 11:33:55 AM"
"177",7041,"1/1/2014 12:00:00 AM","Health care and social assistance","Capital expenditures",901800000,1151400000,8649900000,215200000,125800000,162100000,115600000,3145200000,NA,2471600000,230700000,"2/27/2020 11:33:55 AM"
"178",7042,"1/1/2014 12:00:00 AM","Information and cultural industries","Capital expenditures",1127900000,1142900000,9848200000,183600000,208300000,91600000,189800000,4.465e+09,NA,2142900000,236500000,"2/27/2020 11:33:55 AM"
"179",7043,"1/1/2014 12:00:00 AM","Management of companies and enterprises","Capital expenditures",114700000,NA,3.24e+08,NA,NA,2300000,2700000,102600000,NA,42200000,NA,"2/27/2020 11:33:55 AM"
"180",7044,"1/1/2014 12:00:00 AM","Manufacturing","Capital expenditures",2473800000,3169800000,17937100000,470500000,378800000,571800000,441400000,6046300000,53000000,3786400000,542400000,"2/27/2020 11:33:55 AM"
"181",7045,"1/1/2014 12:00:00 AM","Mining, quarrying, and oil and gas extraction","Capital expenditures",60993800000,7057500000,90426900000,1029900000,148700000,5448300000,59500000,1.628e+09,NA,2117300000,10891900000,"2/27/2020 11:33:55 AM"
"182",7046,"1/1/2014 12:00:00 AM","Other services (except public administration)","Capital expenditures",NA,153200000,1328300000,63200000,NA,11500000,NA,492800000,NA,194600000,96700000,"2/27/2020 11:33:55 AM"
"183",7047,"1/1/2014 12:00:00 AM","Professional, scientific and technical services","Capital expenditures",625200000,NA,2760400000,NA,19900000,2.7e+07,46700000,930300000,NA,631200000,79300000,"2/27/2020 11:33:55 AM"
"184",7048,"1/1/2014 12:00:00 AM","Public administration","Capital expenditures",3992600000,2574200000,28863200000,963100000,798100000,468900000,681700000,11923700000,97600000,5889100000,1026300000,"2/27/2020 11:33:55 AM"
"185",7049,"1/1/2014 12:00:00 AM","Real estate and rental and leasing","Capital expenditures",1.987e+09,1280500000,10744200000,261600000,154900000,119200000,305100000,4877500000,NA,1383300000,327100000,"2/27/2020 11:33:55 AM"
"186",7050,"1/1/2014 12:00:00 AM","Retail trade","Capital expenditures",1111500000,810200000,6557100000,229900000,1.19e+08,140500000,178800000,2294400000,NA,1341400000,280900000,"2/27/2020 11:33:55 AM"
"187",7051,"1/1/2014 12:00:00 AM","Transportation and warehousing","Capital expenditures",9616600000,3053100000,26485900000,1243500000,245200000,3.76e+08,300300000,7256100000,NA,2708700000,1.513e+09,"2/27/2020 11:33:55 AM"
"188",7052,"1/1/2014 12:00:00 AM","Utilities","Capital expenditures",6013500000,3602100000,31177300000,1989200000,309900000,2052100000,348600000,9452500000,42700000,5734200000,1483700000,"2/27/2020 11:33:55 AM"
"189",7053,"1/1/2014 12:00:00 AM","Wholesale trade","Capital expenditures",1015600000,459100000,4.016e+09,206500000,84400000,33600000,104400000,979100000,NA,695300000,415500000,"2/27/2020 11:33:55 AM"
"190",7054,"1/1/2015 12:00:00 AM","Accommodation and food services","Capital expenditures",1089700000,688600000,4526700000,159700000,NA,84500000,NA,1520500000,NA,623400000,208900000,"2/27/2020 11:33:55 AM"
"191",7055,"1/1/2015 12:00:00 AM","Administrative and support, waste management and remediation services","Capital expenditures",517299999,NA,1911400000,115500000,NA,NA,36900000,6.91e+08,NA,174200000,NA,"2/27/2020 11:33:55 AM"
"192",7056,"1/1/2015 12:00:00 AM","Agriculture, forestry, fishing and hunting","Capital expenditures",1644900000,454300000,6.62e+09,589600000,90100000,38400000,89500000,1445200000,48900000,710100000,1508800000,"2/27/2020 11:33:55 AM"
"193",7057,"1/1/2015 12:00:00 AM","All Industries","Capital expenditures",75676200000,26344300000,251337700000,9492600000,3178100000,10368500000,3467200000,68472800000,472700000,34601700000,16846500000,"2/27/2020 11:33:55 AM"
"194",7058,"1/1/2015 12:00:00 AM","Arts, entertainment and recreation","Capital expenditures",401700000,2.68e+08,2216800000,9.9e+07,38600000,66400000,71500000,6.69e+08,NA,484800000,98300000,"2/27/2020 11:33:55 AM"
"195",7059,"1/1/2015 12:00:00 AM","Construction","Capital expenditures",1858200000,7.17e+08,6084400000,188500000,102500000,100300000,103700000,1737800000,18300000,936500000,292200000,"2/27/2020 11:33:55 AM"
"196",7060,"1/1/2015 12:00:00 AM","Educational services","Capital expenditures",1710100000,976200000,8735500000,284500000,136400000,123100000,133400000,2931300000,15000000,1.993e+09,372700000,"2/27/2020 11:33:55 AM"
"197",7061,"1/1/2015 12:00:00 AM","Finance and insurance","Capital expenditures",583700000,309100000,4656900000,66599999,38800000,1.3e+07,53100000,2907200000,NA,416200000,253400000,"2/27/2020 11:33:55 AM"
"198",7062,"1/1/2015 12:00:00 AM","Health care and social assistance","Capital expenditures",1205700000,1154100000,9202200000,267300000,121700000,133900000,83700000,3694700000,NA,2.11e+09,308800000,"2/27/2020 11:33:55 AM"
"199",7063,"1/1/2015 12:00:00 AM","Information and cultural industries","Capital expenditures",1258900000,1205100000,1.1182e+10,300200000,200800000,NA,234400000,5125900000,NA,2342700000,NA,"2/27/2020 11:33:55 AM"
"200",7064,"1/1/2015 12:00:00 AM","Management of companies and enterprises","Capital expenditures",69200000,29100000,244900000,5100000,1200000,1900000,NA,107400000,NA,2.7e+07,1200000,"2/27/2020 11:33:55 AM"
"201",7065,"1/1/2015 12:00:00 AM","Manufacturing","Capital expenditures",2599500000,2.629e+09,18693900000,528200000,609900000,812300000,352600000,6742600000,43700000,3.583e+09,790600000,"2/27/2020 11:33:55 AM"
"202",7066,"1/1/2015 12:00:00 AM","Mining, quarrying, and oil and gas extraction","Capital expenditures",4.0304e+10,5147400000,63810600000,7.71e+08,NA,4599200000,NA,2072900000,NA,1664600000,7736900000,"2/27/2020 11:33:55 AM"
"203",7067,"1/1/2015 12:00:00 AM","Other services (except public administration)","Capital expenditures",286200000,NA,1326900000,56400000,NA,NA,NA,433500000,6100000,206500000,NA,"2/27/2020 11:33:55 AM"
"204",7068,"1/1/2015 12:00:00 AM","Professional, scientific and technical services","Capital expenditures",449200000,316100000,2.795e+09,53100000,3e+07,25600000,48300000,1019100000,NA,7.52e+08,85800000,"2/27/2020 11:33:55 AM"
"205",7069,"1/1/2015 12:00:00 AM","Public administration","Capital expenditures",4462200000,2446900000,28233900000,1397700000,659900000,736600000,657200000,9.788e+09,117700000,6439700000,1071599999,"2/27/2020 11:33:55 AM"
"206",7070,"1/1/2015 12:00:00 AM","Real estate and rental and leasing","Capital expenditures",2050300000,1171400000,10200200000,334900000,NA,NA,NA,4363500000,NA,1233300000,NA,"2/27/2020 11:33:55 AM"
"207",7071,"1/1/2015 12:00:00 AM","Retail trade","Capital expenditures",NA,NA,6157600000,255300000,168900000,126200000,NA,2134400000,25500000,NA,NA,"2/27/2020 11:33:55 AM"
"208",7072,"1/1/2015 12:00:00 AM","Transportation and warehousing","Capital expenditures",9295400000,3928900000,29501100000,1266500000,2.43e+08,569800000,392300000,9071200000,56800000,3196400000,1350800000,"2/27/2020 11:33:55 AM"
"209",7073,"1/1/2015 12:00:00 AM","Utilities","Capital expenditures",4110800000,3.369e+09,31524400000,2473800000,278700000,2665900000,3.91e+08,10895900000,33800000,5733900000,1460600000,"2/27/2020 11:33:55 AM"
"210",7074,"1/1/2015 12:00:00 AM","Wholesale trade","Capital expenditures",765500000,422100000,3713100000,279600000,75100000,3.3e+07,84400000,1121600000,9000000,676600000,2.39e+08,"2/27/2020 11:33:55 AM"
"211",7075,"1/1/2016 12:00:00 AM","Accommodation and food services","Capital expenditures",931800000,665900000,4051700000,1.3e+08,53400000,47700000,NA,1335400000,13200000,658200000,118400000,"2/27/2020 11:33:55 AM"
"212",7076,"1/1/2016 12:00:00 AM","Administrative and support, waste management and remediation services","Capital expenditures",378100000,194200000,1545700000,NA,NA,NA,NA,530900000,4500000,285700000,NA,"2/27/2020 11:33:55 AM"
"213",7077,"1/1/2016 12:00:00 AM","Agriculture, forestry, fishing and hunting","Capital expenditures",1.492e+09,511300000,6341400000,508200000,125500000,35500000,129500000,NA,56800000,7.87e+08,1.361e+09,"2/27/2020 11:33:55 AM"
"214",7078,"1/1/2016 12:00:00 AM","All Industries","Capital expenditures",60827100000,26357800000,229952300000,8861900000,3373800000,9450100000,3982100000,64342800000,540900000,34776300000,15117700000,"2/27/2020 11:33:55 AM"
"215",7079,"1/1/2016 12:00:00 AM","Arts, entertainment and recreation","Capital expenditures",580400000,275600000,2.586e+09,141500000,2.2e+07,6.5e+07,81500000,726800000,NA,608100000,66200000,"2/27/2020 11:33:55 AM"
"216",7080,"1/1/2016 12:00:00 AM","Construction","Capital expenditures",1579300000,832900000,5890200000,167800000,9.7e+07,75100000,190400000,1702500000,28000000,955600000,232700000,"2/27/2020 11:33:55 AM"
"217",7081,"1/1/2016 12:00:00 AM","Educational services","Capital expenditures",2216800000,980100000,9519300000,383700000,139100000,108400000,2.16e+08,2957200000,NA,1.888e+09,513900000,"2/27/2020 11:33:55 AM"
"218",7082,"1/1/2016 12:00:00 AM","Finance and insurance","Capital expenditures",5.92e+08,341900000,3601100000,54200000,NA,14200000,NA,1910600000,7400000,3.93e+08,2.14e+08,"2/27/2020 11:33:55 AM"
"219",7083,"1/1/2016 12:00:00 AM","Health care and social assistance","Capital expenditures",983700000,1198100000,8363799999,111300000,164500000,124200000,8.9e+07,3355100000,NA,1709700000,422200000,"2/27/2020 11:33:55 AM"
"220",7084,"1/1/2016 12:00:00 AM","Information and cultural industries","Capital expenditures",1275600000,1579900000,11487700000,231200000,219300000,NA,217600000,5127100000,18700000,2337400000,312300000,"2/27/2020 11:33:55 AM"
"221",7085,"1/1/2016 12:00:00 AM","Management of companies and enterprises","Capital expenditures",133199999,NA,418700000,NA,NA,NA,NA,NA,NA,69300000,NA,"2/27/2020 11:33:55 AM"
"222",7086,"1/1/2016 12:00:00 AM","Manufacturing","Capital expenditures",2127900000,NA,16491400000,508800000,546100000,739600000,2.39e+08,6041200000,54300000,3877800000,572500000,"2/27/2020 11:33:55 AM"
"223",7087,"1/1/2016 12:00:00 AM","Mining, quarrying, and oil and gas extraction","Capital expenditures",28308300000,4573300000,48202200000,407700000,NA,4065900000,148700000,2162300000,NA,1574800000,5783900000,"2/27/2020 11:33:55 AM"
"224",7088,"1/1/2016 12:00:00 AM","Other services (except public administration)","Capital expenditures",244500000,NA,1238200000,NA,NA,14900000,NA,417300000,NA,237600000,59800000,"2/27/2020 11:33:55 AM"
"225",7089,"1/1/2016 12:00:00 AM","Professional, scientific and technical services","Capital expenditures",2.95e+08,318800000,2810200000,NA,NA,NA,NA,1071800000,NA,923400000,NA,"2/27/2020 11:33:55 AM"
"226",7090,"1/1/2016 12:00:00 AM","Public administration","Capital expenditures",3843900000,2172200000,26146500000,951300000,878100000,450600000,743900000,8493400000,85700000,6409200000,1721400000,"2/27/2020 11:33:55 AM"
"227",7091,"1/1/2016 12:00:00 AM","Real estate and rental and leasing","Capital expenditures",2129100000,1638500000,12745100000,425800000,1.69e+08,129600000,480300000,NA,24400000,2086500000,229100000,"2/27/2020 11:33:55 AM"
"228",7092,"1/1/2016 12:00:00 AM","Retail trade","Capital expenditures",1171300000,809700000,6444700000,226200000,128699999,123200000,180400000,2391800000,21800000,1125300000,233100000,"2/27/2020 11:33:55 AM"
"229",7093,"1/1/2016 12:00:00 AM","Transportation and warehousing","Capital expenditures",8.068e+09,4.215e+09,27775400000,1077500000,247900000,3e+08,423200000,8532400000,52200000,3138500000,1570900000,"2/27/2020 11:33:55 AM"
"230",7094,"1/1/2016 12:00:00 AM","Utilities","Capital expenditures",3844500000,3.698e+09,30823200000,3.105e+09,396400000,2993900000,491200000,9629800000,93100000,5.139e+09,1278600000,"2/27/2020 11:33:55 AM"
"231",7095,"1/1/2016 12:00:00 AM","Wholesale trade","Capital expenditures",631600000,NA,3469700000,NA,46900000,26100000,137900000,1085600000,NA,572300000,294200000,"2/27/2020 11:33:55 AM"
"232",7096,"1/1/2017 12:00:00 AM","Accommodation and food services","Capital expenditures",496500000,581300000,3610900000,100300000,NA,75500000,NA,1.437e+09,NA,622200000,106800000,"2/27/2020 11:33:55 AM"
"233",7097,"1/1/2017 12:00:00 AM","Administrative and support, waste management and remediation services","Capital expenditures",343200000,200800000,1681800000,30600000,35500000,NA,39300000,7.03e+08,NA,NA,59200000,"2/27/2020 11:33:55 AM"
"234",7098,"1/1/2017 12:00:00 AM","Agriculture, forestry, fishing and hunting","Capital expenditures",1586500000,696800000,7733200000,679600000,174400000,36700000,1.48e+08,1832400000,69200000,950100000,1.559e+09,"2/27/2020 11:33:55 AM"
"235",7099,"1/1/2017 12:00:00 AM","All Industries","Capital expenditures",60249900000,28999900000,239906400000,9139700000,4000800000,7784300000,4197100000,69072900000,663000000,37629600000,15743100000,"2/27/2020 11:33:55 AM"
"236",7100,"1/1/2017 12:00:00 AM","Arts, entertainment and recreation","Capital expenditures",300700000,305800000,2610700000,152700000,42300000,69500000,71800000,1094600000,NA,436800000,96900000,"2/27/2020 11:33:55 AM"
"237",7101,"1/1/2017 12:00:00 AM","Construction","Capital expenditures",1236300000,978200000,6244800000,210800000,1.09e+08,108800000,124800000,1893700000,33500000,1306200000,208900000,"2/27/2020 11:33:55 AM"
"238",7102,"1/1/2017 12:00:00 AM","Educational services","Capital expenditures",2120699999,1087300000,10582900000,307400000,116800000,179400000,291500000,4.108e+09,NA,2041300000,192800000,"2/27/2020 11:33:55 AM"
"239",7103,"1/1/2017 12:00:00 AM","Finance and insurance","Capital expenditures",429500000,250600000,3617900000,49200000,NA,NA,NA,2107600000,NA,467500000,243300000,"2/27/2020 11:33:55 AM"
"240",7104,"1/1/2017 12:00:00 AM","Health care and social assistance","Capital expenditures",1.157e+09,1050700000,8114800000,170400000,198500000,8.7e+07,100300000,3132300000,28300000,1618500000,399300000,"2/27/2020 11:33:55 AM"
"241",7105,"1/1/2017 12:00:00 AM","Information and cultural industries","Capital expenditures",1801100000,1.631e+09,12496700000,287800000,282700000,143600000,NA,5334900000,30600000,2385900000,309600000,"2/27/2020 11:33:55 AM"
"242",7106,"1/1/2017 12:00:00 AM","Management of companies and enterprises","Capital expenditures",134300000,NA,548900000,12600000,NA,NA,NA,182700000,NA,NA,NA,"2/27/2020 11:33:55 AM"
"243",7107,"1/1/2017 12:00:00 AM","Manufacturing","Capital expenditures",1798800000,1370500000,15366800000,5.7e+08,597600000,2.14e+08,246100000,6179600000,NA,3849200000,453100000,"2/27/2020 11:33:55 AM"
"244",7108,"1/1/2017 12:00:00 AM","Mining, quarrying, and oil and gas extraction","Capital expenditures",29404100000,6250800000,50565600000,503800000,NA,2577400000,206500000,2019400000,NA,1767200000,6512800000,"2/27/2020 11:33:55 AM"
"245",7109,"1/1/2017 12:00:00 AM","Other services (except public administration)","Capital expenditures",203200000,171200000,1073500000,52800000,21600000,NA,NA,356100000,7900000,NA,NA,"2/27/2020 11:33:55 AM"
"246",7110,"1/1/2017 12:00:00 AM","Professional, scientific and technical services","Capital expenditures",354800000,307500000,2448100000,56700000,33299999,26400000,NA,964300000,NA,597300000,67300000,"2/27/2020 11:33:55 AM"
"247",7111,"1/1/2017 12:00:00 AM","Public administration","Capital expenditures",3877400000,2965500000,29134300000,976300000,1043500000,471400000,884600000,9437700000,100700000,7451800000,1553100000,"2/27/2020 11:33:55 AM"
"248",7112,"1/1/2017 12:00:00 AM","Real estate and rental and leasing","Capital expenditures",2.228e+09,1629100000,13387800000,408500000,218700000,169400000,417600000,5615500000,30900000,2392300000,248400000,"2/27/2020 11:33:55 AM"
"249",7113,"1/1/2017 12:00:00 AM","Retail trade","Capital expenditures",1106300000,713900000,6607900000,250500000,136900000,92200000,171800000,2506500000,41100000,1242900000,NA,"2/27/2020 11:33:55 AM"
"250",7114,"1/1/2017 12:00:00 AM","Transportation and warehousing","Capital expenditures",7165200000,4822100000,28953800000,946500000,272600000,313200000,325100000,9678800000,NA,3.654e+09,1561300000,"2/27/2020 11:33:55 AM"
"251",7115,"1/1/2017 12:00:00 AM","Utilities","Capital expenditures",3777100000,3.535e+09,31525200000,3150700000,455300000,3141400000,706500000,9400700000,80900000,5762500000,1398200000,"2/27/2020 11:33:55 AM"
"252",7116,"1/1/2017 12:00:00 AM","Wholesale trade","Capital expenditures",729300000,421400000,3600500000,222400000,54500000,43700000,62700000,1088100000,12700000,5.74e+08,NA,"2/27/2020 11:33:55 AM"
"253",7117,"1/1/2018 12:00:00 AM","Accommodation and food services","Capital expenditures",714400000,721200000,4188700000,127100000,58100000,83300000,88300000,1327400000,37300000,822500000,NA,"2/27/2020 11:33:55 AM"
"254",7118,"1/1/2018 12:00:00 AM","Administrative and support, waste management and remediation services","Capital expenditures",420700000,220500000,2052400000,48400000,NA,14200000,44200000,836400000,NA,357200000,55400000,"2/27/2020 11:33:55 AM"
"255",7119,"1/1/2018 12:00:00 AM","Agriculture, forestry, fishing and hunting","Capital expenditures",1787100000,979900000,8942600000,668500000,295600000,1.13e+08,2.05e+08,2234200000,95300000,1050400000,1511400000,"2/27/2020 11:33:55 AM"
"256",7120,"1/1/2018 12:00:00 AM","All Industries","Capital expenditures",6.2301e+10,32037900000,263396900000,9392100000,4503300000,6.649e+09,4180800000,81921300000,730200000,42802600000,15481300000,"2/27/2020 11:33:55 AM"
"257",7121,"1/1/2018 12:00:00 AM","Arts, entertainment and recreation","Capital expenditures",3.88e+08,338700000,2876100000,163900000,NA,NA,81800000,1127800000,NA,512500000,108400000,"2/27/2020 11:33:55 AM"
"258",7122,"1/1/2018 12:00:00 AM","Construction","Capital expenditures",1529900000,1063099999,6987100000,247300000,1.14e+08,85700000,142100000,2210800000,26800000,1315100000,217600000,"2/27/2020 11:33:55 AM"
"259",7123,"1/1/2018 12:00:00 AM","Educational services","Capital expenditures",1904700000,1499200000,11950100000,3.13e+08,160800000,191100000,252300000,4693900000,40400000,2483400000,328300000,"2/27/2020 11:33:55 AM"
"260",7124,"1/1/2018 12:00:00 AM","Finance and insurance","Capital expenditures",339600000,318600000,3167500000,74600000,33700000,NA,25500000,1826600000,NA,4.46e+08,83600000,"2/27/2020 11:33:55 AM"
"261",7125,"1/1/2018 12:00:00 AM","Health care and social assistance","Capital expenditures",1249100000,1158500000,8664600000,143700000,1.82e+08,109600000,1.36e+08,2860800000,NA,2351200000,281100000,"2/27/2020 11:33:55 AM"
"262",7126,"1/1/2018 12:00:00 AM","Information and cultural industries","Capital expenditures",1717600000,1617100000,13423100000,274700000,280100000,NA,212300000,6229400000,NA,2563900000,314500000,"2/27/2020 11:33:55 AM"
"263",7127,"1/1/2018 12:00:00 AM","Management of companies and enterprises","Capital expenditures",143600000,NA,1014100000,NA,NA,NA,NA,475200000,NA,137300000,87300000,"2/27/2020 11:33:55 AM"
"264",7128,"1/1/2018 12:00:00 AM","Manufacturing","Capital expenditures",3291400000,1831400000,2.1219e+10,7.37e+08,849300000,176500000,239100000,9279600000,69900000,4191600000,550500000,"2/27/2020 11:33:55 AM"
"265",7129,"1/1/2018 12:00:00 AM","Mining, quarrying, and oil and gas extraction","Capital expenditures",2.8646e+10,4449500000,48399500000,6.13e+08,NA,2630200000,105900000,2383500000,NA,2034700000,5441300000,"2/27/2020 11:33:55 AM"
"266",7130,"1/1/2018 12:00:00 AM","Other services (except public administration)","Capital expenditures",NA,249400000,1635400000,NA,NA,NA,NA,NA,NA,NA,94900000,"2/27/2020 11:33:55 AM"
"267",7131,"1/1/2018 12:00:00 AM","Professional, scientific and technical services","Capital expenditures",3.86e+08,424100000,2901600000,NA,NA,28500000,NA,1341400000,NA,492800000,81600000,"2/27/2020 11:33:55 AM"
"268",7132,"1/1/2018 12:00:00 AM","Public administration","Capital expenditures",4149600000,3407200000,33770199999,9.51e+08,909800000,692800000,1088700000,10990100000,104600000,9.406e+09,1520700000,"2/27/2020 11:33:55 AM"
"269",7133,"1/1/2018 12:00:00 AM","Real estate and rental and leasing","Capital expenditures",2.38e+09,1953400000,16519099999,474300000,264700000,206100000,412900000,NA,32600000,2478600000,289300000,"2/27/2020 11:33:55 AM"
"270",7134,"1/1/2018 12:00:00 AM","Retail trade","Capital expenditures",1042300000,NA,6544500000,258800000,174500000,125800000,198800000,2316200000,32299999,1245300000,322500000,"2/27/2020 11:33:55 AM"
"271",7135,"1/1/2018 12:00:00 AM","Transportation and warehousing","Capital expenditures",7465800000,6251500000,35588600000,1.405e+09,344300000,368100000,329500000,11655900000,73300000,5.165e+09,2324100000,"2/27/2020 11:33:55 AM"
"272",7136,"1/1/2018 12:00:00 AM","Utilities","Capital expenditures",3438200000,4203600000,2.8923e+10,2496200000,529400000,1510100000,433300000,10287500000,NA,4536100000,1315500000,"2/27/2020 11:33:55 AM"
"273",7137,"1/1/2018 12:00:00 AM","Wholesale trade","Capital expenditures",954900000,514500000,4629600000,253700000,69500000,46500000,83900000,1379200000,21000000,8.92e+08,394900000,"2/27/2020 11:33:55 AM"
"274",7138,"1/1/2019 12:00:00 AM","Accommodation and food services","Capital expenditures",7.75e+08,724300000,3732200000,76400000,56500000,21800000,8.4e+07,1351500000,27900000,493800000,80500000,"2/27/2020 11:33:55 AM"
"275",7139,"1/1/2019 12:00:00 AM","Administrative and support, waste management and remediation services","Capital expenditures",445600000,NA,2072500000,54600000,NA,NA,45200000,768800000,7600000,359100000,73900000,"2/27/2020 11:33:55 AM"
"276",7140,"1/1/2019 12:00:00 AM","Agriculture, forestry, fishing and hunting","Capital expenditures",1808600000,1036900000,8826800000,6.27e+08,307200000,101800000,126700000,2264500000,107900000,1023100000,1.422e+09,"2/27/2020 11:33:55 AM"
"277",7141,"1/1/2019 12:00:00 AM","All Industries","Capital expenditures",59511100000,38797900000,267973300000,9712500000,3933400000,7045100000,4143600000,82730500000,755600000,43292800000,14986800000,"2/27/2020 11:33:55 AM"
"278",7142,"1/1/2019 12:00:00 AM","Arts, entertainment and recreation","Capital expenditures",581400000,3.56e+08,3096400000,158500000,49800000,NA,108900000,1078300000,NA,533400000,130500000,"2/27/2020 11:33:55 AM"
"279",7143,"1/1/2019 12:00:00 AM","Construction","Capital expenditures",1682500000,1158800000,7605300000,268800000,124500000,97600000,157600000,2394300000,30000000,1413300000,2.34e+08,"2/27/2020 11:33:55 AM"
"280",7144,"1/1/2019 12:00:00 AM","Educational services","Capital expenditures",1791300000,1359500000,11413800000,2.77e+08,1.19e+08,172600000,245900000,4134100000,36400000,2892700000,2.29e+08,"2/27/2020 11:33:55 AM"
"281",7145,"1/1/2019 12:00:00 AM","Finance and insurance","Capital expenditures",352200000,399700000,3635100000,70600000,28600000,17200000,NA,2119699999,4700000,518400000,80300000,"2/27/2020 11:33:55 AM"
"282",7146,"1/1/2019 12:00:00 AM","Health care and social assistance","Capital expenditures",1.271e+09,1233100000,9453100000,131199999,131100000,238100000,2.75e+08,3434300000,29700000,2277700000,285200000,"2/27/2020 11:33:55 AM"
"283",7147,"1/1/2019 12:00:00 AM","Information and cultural industries","Capital expenditures",1581200000,1590400000,13688400000,2.79e+08,272300000,143500000,257899999,6515700000,33200000,2675600000,326500000,"2/27/2020 11:33:55 AM"
"284",7148,"1/1/2019 12:00:00 AM","Management of companies and enterprises","Capital expenditures",1.7e+08,74100000,1119300000,NA,NA,NA,NA,549900000,0,NA,78500000,"2/27/2020 11:33:55 AM"
"285",7149,"1/1/2019 12:00:00 AM","Manufacturing","Capital expenditures",3704200000,1872900000,22147800000,1134900000,675100000,166100000,259800000,8.791e+09,63500000,4828200000,650400000,"2/27/2020 11:33:55 AM"
"286",7150,"1/1/2019 12:00:00 AM","Mining, quarrying, and oil and gas extraction","Capital expenditures",24043400000,4085900000,44376400000,698700000,NA,3413700000,78300000,2272500000,NA,2063600000,6166200000,"2/27/2020 11:33:55 AM"
"287",7151,"1/1/2019 12:00:00 AM","Other services (except public administration)","Capital expenditures",NA,NA,1236700000,47300000,34400000,NA,NA,NA,NA,NA,NA,"2/27/2020 11:33:55 AM"
"288",7152,"1/1/2019 12:00:00 AM","Professional, scientific and technical services","Capital expenditures",334400000,457300000,2907900000,NA,NA,38700000,33400000,1292400000,3200000,596900000,56100000,"2/27/2020 11:33:55 AM"
"289",7153,"1/1/2019 12:00:00 AM","Public administration","Capital expenditures",4003200000,4008500000,33569199999,1044300000,747900000,520900000,842600000,11859100000,175200000,8285500000,1344700000,"2/27/2020 11:33:55 AM"
"290",7154,"1/1/2019 12:00:00 AM","Real estate and rental and leasing","Capital expenditures",2221500000,2185500000,17508500000,364300000,229200000,208700000,423400000,NA,33000000,2828700000,381300000,"2/27/2020 11:33:55 AM"
"291",7155,"1/1/2019 12:00:00 AM","Retail trade","Capital expenditures",880500000,8.55e+08,5.993e+09,281300000,171300000,9.8e+07,1.85e+08,2080300000,27100000,1130300000,239100000,"2/27/2020 11:33:55 AM"
"292",7156,"1/1/2019 12:00:00 AM","Transportation and warehousing","Capital expenditures",9025700000,11363700000,40500700000,1544300000,NA,278100000,371400000,10430100000,62100000,5463300000,1541400000,"2/27/2020 11:33:55 AM"
"293",7157,"1/1/2019 12:00:00 AM","Utilities","Capital expenditures",3.704e+09,5062600000,30197400000,2219600000,4.8e+08,1403800000,479400000,10689100000,77100000,4668700000,1300100000,"2/27/2020 11:33:55 AM"
"294",7158,"1/1/2019 12:00:00 AM","Wholesale trade","Capital expenditures",929500000,NA,4892700000,NA,73400000,32299999,79500000,NA,17300000,838300000,309700000,"2/27/2020 11:33:55 AM"
