"","Id","When","Type","Unit","Alberta","ModifiedDate"
"1",138641,"4/1/1983 12:00:00 AM","WTI","$US/bbl",30.5,"8/25/2020 7:56:57 AM"
"2",138642,"5/1/1983 12:00:00 AM","WTI","$US/bbl",30.16,"8/25/2020 7:56:57 AM"
"3",138643,"6/1/1983 12:00:00 AM","WTI","$US/bbl",30.96,"8/25/2020 7:56:57 AM"
"4",138644,"7/1/1983 12:00:00 AM","WTI","$US/bbl",31.59,"8/25/2020 7:56:57 AM"
"5",138645,"8/1/1983 12:00:00 AM","WTI","$US/bbl",31.88,"8/25/2020 7:56:57 AM"
"6",138646,"9/1/1983 12:00:00 AM","WTI","$US/bbl",31.24,"8/25/2020 7:56:57 AM"
"7",138647,"10/1/1983 12:00:00 AM","WTI","$US/bbl",30.4,"8/25/2020 7:56:57 AM"
"8",138648,"11/1/1983 12:00:00 AM","WTI","$US/bbl",29.86,"8/25/2020 7:56:57 AM"
"9",138649,"12/1/1983 12:00:00 AM","WTI","$US/bbl",29.24,"8/25/2020 7:56:57 AM"
"10",138650,"1/1/1984 12:00:00 AM","WTI","$US/bbl",29.65,"8/25/2020 7:56:57 AM"
"11",138651,"2/1/1984 12:00:00 AM","WTI","$US/bbl",30.05,"8/25/2020 7:56:57 AM"
"12",138652,"3/1/1984 12:00:00 AM","WTI","$US/bbl",30.72,"8/25/2020 7:56:57 AM"
"13",138653,"4/1/1984 12:00:00 AM","WTI","$US/bbl",30.65,"8/25/2020 7:56:57 AM"
"14",138654,"5/1/1984 12:00:00 AM","WTI","$US/bbl",30.55,"8/25/2020 7:56:57 AM"
"15",138655,"6/1/1984 12:00:00 AM","WTI","$US/bbl",29.98,"8/25/2020 7:56:57 AM"
"16",138656,"7/1/1984 12:00:00 AM","WTI","$US/bbl",28.74,"8/25/2020 7:56:57 AM"
"17",138657,"8/1/1984 12:00:00 AM","WTI","$US/bbl",29.33,"8/25/2020 7:56:57 AM"
"18",138658,"9/1/1984 12:00:00 AM","WTI","$US/bbl",29.38,"8/25/2020 7:56:57 AM"
"19",138659,"10/1/1984 12:00:00 AM","WTI","$US/bbl",28.8,"8/25/2020 7:56:57 AM"
"20",138660,"11/1/1984 12:00:00 AM","WTI","$US/bbl",28.11,"8/25/2020 7:56:57 AM"
"21",138661,"12/1/1984 12:00:00 AM","WTI","$US/bbl",26.91,"8/25/2020 7:56:57 AM"
"22",138662,"1/1/1985 12:00:00 AM","WTI","$US/bbl",25.64,"8/25/2020 7:56:57 AM"
"23",138663,"2/1/1985 12:00:00 AM","WTI","$US/bbl",27.14,"8/25/2020 7:56:57 AM"
"24",138664,"3/1/1985 12:00:00 AM","WTI","$US/bbl",28.12,"8/25/2020 7:56:57 AM"
"25",138665,"4/1/1985 12:00:00 AM","WTI","$US/bbl",28.71,"8/25/2020 7:56:57 AM"
"26",138666,"5/1/1985 12:00:00 AM","WTI","$US/bbl",27.58,"8/25/2020 7:56:57 AM"
"27",138667,"6/1/1985 12:00:00 AM","WTI","$US/bbl",27.09,"8/25/2020 7:56:57 AM"
"28",138668,"7/1/1985 12:00:00 AM","WTI","$US/bbl",27.27,"8/25/2020 7:56:57 AM"
"29",138669,"8/1/1985 12:00:00 AM","WTI","$US/bbl",27.74,"8/25/2020 7:56:57 AM"
"30",138670,"9/1/1985 12:00:00 AM","WTI","$US/bbl",28.22,"8/25/2020 7:56:57 AM"
"31",138671,"10/1/1985 12:00:00 AM","WTI","$US/bbl",29.48,"8/25/2020 7:56:57 AM"
"32",138672,"11/1/1985 12:00:00 AM","WTI","$US/bbl",30.73,"8/25/2020 7:56:57 AM"
"33",138673,"12/1/1985 12:00:00 AM","WTI","$US/bbl",27.15,"8/25/2020 7:56:57 AM"
"34",138674,"1/1/1986 12:00:00 AM","WTI","$US/bbl",22.98,"8/25/2020 7:56:57 AM"
"35",138675,"2/1/1986 12:00:00 AM","WTI","$US/bbl",15.46,"8/25/2020 7:56:57 AM"
"36",138676,"3/1/1986 12:00:00 AM","WTI","$US/bbl",12.62,"8/25/2020 7:56:57 AM"
"37",138677,"4/1/1986 12:00:00 AM","WTI","$US/bbl",12.75,"8/25/2020 7:56:57 AM"
"38",138678,"5/1/1986 12:00:00 AM","WTI","$US/bbl",15.26,"8/25/2020 7:56:57 AM"
"39",138679,"6/1/1986 12:00:00 AM","WTI","$US/bbl",13.38,"8/25/2020 7:56:57 AM"
"40",138680,"7/1/1986 12:00:00 AM","WTI","$US/bbl",11.58,"8/25/2020 7:56:57 AM"
"41",138681,"8/1/1986 12:00:00 AM","WTI","$US/bbl",15.11,"8/25/2020 7:56:57 AM"
"42",138682,"9/1/1986 12:00:00 AM","WTI","$US/bbl",14.94,"8/25/2020 7:56:57 AM"
"43",138683,"10/1/1986 12:00:00 AM","WTI","$US/bbl",14.89,"8/25/2020 7:56:57 AM"
"44",138684,"11/1/1986 12:00:00 AM","WTI","$US/bbl",15.23,"8/25/2020 7:56:57 AM"
"45",138685,"12/1/1986 12:00:00 AM","WTI","$US/bbl",16.09,"8/25/2020 7:56:57 AM"
"46",138686,"1/1/1987 12:00:00 AM","WTI","$US/bbl",18.67,"8/25/2020 7:56:57 AM"
"47",138687,"2/1/1987 12:00:00 AM","WTI","$US/bbl",17.73,"8/25/2020 7:56:57 AM"
"48",138688,"3/1/1987 12:00:00 AM","WTI","$US/bbl",18.28,"8/25/2020 7:56:57 AM"
"49",138689,"4/1/1987 12:00:00 AM","WTI","$US/bbl",18.6,"8/25/2020 7:56:57 AM"
"50",138690,"5/1/1987 12:00:00 AM","WTI","$US/bbl",19.33,"8/25/2020 7:56:57 AM"
"51",138691,"6/1/1987 12:00:00 AM","WTI","$US/bbl",19.99,"8/25/2020 7:56:57 AM"
"52",138692,"7/1/1987 12:00:00 AM","WTI","$US/bbl",21.33,"8/25/2020 7:56:57 AM"
"53",138693,"8/1/1987 12:00:00 AM","WTI","$US/bbl",20.23,"8/25/2020 7:56:57 AM"
"54",138694,"9/1/1987 12:00:00 AM","WTI","$US/bbl",19.52,"8/25/2020 7:56:57 AM"
"55",138695,"10/1/1987 12:00:00 AM","WTI","$US/bbl",19.86,"8/25/2020 7:56:57 AM"
"56",138696,"11/1/1987 12:00:00 AM","WTI","$US/bbl",18.85,"8/25/2020 7:56:57 AM"
"57",138697,"12/1/1987 12:00:00 AM","WTI","$US/bbl",17.26,"8/25/2020 7:56:57 AM"
"58",138698,"1/1/1988 12:00:00 AM","WTI","$US/bbl",17.15,"8/25/2020 7:56:57 AM"
"59",138699,"2/1/1988 12:00:00 AM","WTI","$US/bbl",16.76,"8/25/2020 7:56:57 AM"
"60",138700,"3/1/1988 12:00:00 AM","WTI","$US/bbl",16.21,"8/25/2020 7:56:57 AM"
"61",138701,"4/1/1988 12:00:00 AM","WTI","$US/bbl",17.88,"8/25/2020 7:56:57 AM"
"62",138702,"5/1/1988 12:00:00 AM","WTI","$US/bbl",17.45,"8/25/2020 7:56:57 AM"
"63",138703,"6/1/1988 12:00:00 AM","WTI","$US/bbl",16.56,"8/25/2020 7:56:57 AM"
"64",138704,"7/1/1988 12:00:00 AM","WTI","$US/bbl",15.51,"8/25/2020 7:56:57 AM"
"65",138705,"8/1/1988 12:00:00 AM","WTI","$US/bbl",15.53,"8/25/2020 7:56:57 AM"
"66",138706,"9/1/1988 12:00:00 AM","WTI","$US/bbl",14.46,"8/25/2020 7:56:57 AM"
"67",138707,"10/1/1988 12:00:00 AM","WTI","$US/bbl",13.8,"8/25/2020 7:56:57 AM"
"68",138708,"11/1/1988 12:00:00 AM","WTI","$US/bbl",13.98,"8/25/2020 7:56:57 AM"
"69",138709,"12/1/1988 12:00:00 AM","WTI","$US/bbl",16.28,"8/25/2020 7:56:57 AM"
"70",138710,"1/1/1989 12:00:00 AM","WTI","$US/bbl",17.98,"8/25/2020 7:56:57 AM"
"71",138711,"2/1/1989 12:00:00 AM","WTI","$US/bbl",17.82,"8/25/2020 7:56:57 AM"
"72",138712,"3/1/1989 12:00:00 AM","WTI","$US/bbl",19.44,"8/25/2020 7:56:57 AM"
"73",138713,"4/1/1989 12:00:00 AM","WTI","$US/bbl",20.94,"8/25/2020 7:56:57 AM"
"74",138714,"5/1/1989 12:00:00 AM","WTI","$US/bbl",20.03,"8/25/2020 7:56:57 AM"
"75",138715,"6/1/1989 12:00:00 AM","WTI","$US/bbl",19.99,"8/25/2020 7:56:57 AM"
"76",138716,"7/1/1989 12:00:00 AM","WTI","$US/bbl",19.66,"8/25/2020 7:56:57 AM"
"77",138717,"8/1/1989 12:00:00 AM","WTI","$US/bbl",18.55,"8/25/2020 7:56:57 AM"
"78",138718,"9/1/1989 12:00:00 AM","WTI","$US/bbl",19.59,"8/25/2020 7:56:57 AM"
"79",138719,"10/1/1989 12:00:00 AM","WTI","$US/bbl",20.1,"8/25/2020 7:56:57 AM"
"80",138720,"11/1/1989 12:00:00 AM","WTI","$US/bbl",19.83,"8/25/2020 7:56:57 AM"
"81",138721,"12/1/1989 12:00:00 AM","WTI","$US/bbl",21.09,"8/25/2020 7:56:57 AM"
"82",138722,"1/1/1990 12:00:00 AM","WTI","$US/bbl",22.64,"8/25/2020 7:56:57 AM"
"83",138723,"2/1/1990 12:00:00 AM","WTI","$US/bbl",22.11,"8/25/2020 7:56:57 AM"
"84",138724,"3/1/1990 12:00:00 AM","WTI","$US/bbl",20.41,"8/25/2020 7:56:57 AM"
"85",138725,"4/1/1990 12:00:00 AM","WTI","$US/bbl",18.58,"8/25/2020 7:56:57 AM"
"86",138726,"5/1/1990 12:00:00 AM","WTI","$US/bbl",18.46,"8/25/2020 7:56:57 AM"
"87",138727,"6/1/1990 12:00:00 AM","WTI","$US/bbl",16.86,"8/25/2020 7:56:57 AM"
"88",138728,"7/1/1990 12:00:00 AM","WTI","$US/bbl",18.64,"8/25/2020 7:56:57 AM"
"89",138729,"8/1/1990 12:00:00 AM","WTI","$US/bbl",27.18,"8/25/2020 7:56:57 AM"
"90",138730,"9/1/1990 12:00:00 AM","WTI","$US/bbl",33.69,"8/25/2020 7:56:57 AM"
"91",138731,"10/1/1990 12:00:00 AM","WTI","$US/bbl",35.92,"8/25/2020 7:56:57 AM"
"92",138732,"11/1/1990 12:00:00 AM","WTI","$US/bbl",32.3,"8/25/2020 7:56:57 AM"
"93",138733,"12/1/1990 12:00:00 AM","WTI","$US/bbl",27.16,"8/25/2020 7:56:57 AM"
"94",138734,"1/1/1991 12:00:00 AM","WTI","$US/bbl",24.7,"8/25/2020 7:56:57 AM"
"95",138735,"2/1/1991 12:00:00 AM","WTI","$US/bbl",20.54,"8/25/2020 7:56:57 AM"
"96",138736,"3/1/1991 12:00:00 AM","WTI","$US/bbl",19.88,"8/25/2020 7:56:57 AM"
"97",138737,"4/1/1991 12:00:00 AM","WTI","$US/bbl",20.82,"8/25/2020 7:56:57 AM"
"98",138738,"5/1/1991 12:00:00 AM","WTI","$US/bbl",21.25,"8/25/2020 7:56:57 AM"
"99",138739,"6/1/1991 12:00:00 AM","WTI","$US/bbl",20.2,"8/25/2020 7:56:57 AM"
"100",138740,"7/1/1991 12:00:00 AM","WTI","$US/bbl",21.43,"8/25/2020 7:56:57 AM"
"101",138741,"8/1/1991 12:00:00 AM","WTI","$US/bbl",21.68,"8/25/2020 7:56:57 AM"
"102",138742,"9/1/1991 12:00:00 AM","WTI","$US/bbl",21.86,"8/25/2020 7:56:57 AM"
"103",138743,"10/1/1991 12:00:00 AM","WTI","$US/bbl",23.23,"8/25/2020 7:56:57 AM"
"104",138744,"11/1/1991 12:00:00 AM","WTI","$US/bbl",22.43,"8/25/2020 7:56:57 AM"
"105",138745,"12/1/1991 12:00:00 AM","WTI","$US/bbl",19.53,"8/25/2020 7:56:57 AM"
"106",138746,"1/1/1992 12:00:00 AM","WTI","$US/bbl",18.82,"8/25/2020 7:56:57 AM"
"107",138747,"2/1/1992 12:00:00 AM","WTI","$US/bbl",19.01,"8/25/2020 7:56:57 AM"
"108",138748,"3/1/1992 12:00:00 AM","WTI","$US/bbl",18.95,"8/25/2020 7:56:57 AM"
"109",138749,"4/1/1992 12:00:00 AM","WTI","$US/bbl",20.26,"8/25/2020 7:56:57 AM"
"110",138750,"5/1/1992 12:00:00 AM","WTI","$US/bbl",21,"8/25/2020 7:56:57 AM"
"111",138751,"6/1/1992 12:00:00 AM","WTI","$US/bbl",22.36,"8/25/2020 7:56:57 AM"
"112",138752,"7/1/1992 12:00:00 AM","WTI","$US/bbl",21.74,"8/25/2020 7:56:57 AM"
"113",138753,"8/1/1992 12:00:00 AM","WTI","$US/bbl",21.29,"8/25/2020 7:56:57 AM"
"114",138754,"9/1/1992 12:00:00 AM","WTI","$US/bbl",21.92,"8/25/2020 7:56:57 AM"
"115",138755,"10/1/1992 12:00:00 AM","WTI","$US/bbl",21.71,"8/25/2020 7:56:57 AM"
"116",138756,"11/1/1992 12:00:00 AM","WTI","$US/bbl",20.36,"8/25/2020 7:56:57 AM"
"117",138757,"12/1/1992 12:00:00 AM","WTI","$US/bbl",19.41,"8/25/2020 7:56:57 AM"
"118",138758,"1/1/1993 12:00:00 AM","WTI","$US/bbl",19.07,"8/25/2020 7:56:57 AM"
"119",138759,"2/1/1993 12:00:00 AM","WTI","$US/bbl",20.08,"8/25/2020 7:56:57 AM"
"120",138760,"3/1/1993 12:00:00 AM","WTI","$US/bbl",20.35,"8/25/2020 7:56:57 AM"
"121",138761,"4/1/1993 12:00:00 AM","WTI","$US/bbl",20.33,"8/25/2020 7:56:57 AM"
"122",138762,"5/1/1993 12:00:00 AM","WTI","$US/bbl",19.98,"8/25/2020 7:56:57 AM"
"123",138763,"6/1/1993 12:00:00 AM","WTI","$US/bbl",19.13,"8/25/2020 7:56:57 AM"
"124",138764,"7/1/1993 12:00:00 AM","WTI","$US/bbl",17.9,"8/25/2020 7:56:57 AM"
"125",138765,"8/1/1993 12:00:00 AM","WTI","$US/bbl",18.01,"8/25/2020 7:56:57 AM"
"126",138766,"9/1/1993 12:00:00 AM","WTI","$US/bbl",17.52,"8/25/2020 7:56:57 AM"
"127",138767,"10/1/1993 12:00:00 AM","WTI","$US/bbl",18.17,"8/25/2020 7:56:57 AM"
"128",138768,"11/1/1993 12:00:00 AM","WTI","$US/bbl",16.74,"8/25/2020 7:56:57 AM"
"129",138769,"12/1/1993 12:00:00 AM","WTI","$US/bbl",14.53,"8/25/2020 7:56:57 AM"
"130",138770,"1/1/1994 12:00:00 AM","WTI","$US/bbl",15.02,"8/25/2020 7:56:57 AM"
"131",138771,"2/1/1994 12:00:00 AM","WTI","$US/bbl",14.78,"8/25/2020 7:56:57 AM"
"132",138772,"3/1/1994 12:00:00 AM","WTI","$US/bbl",14.65,"8/25/2020 7:56:57 AM"
"133",138773,"4/1/1994 12:00:00 AM","WTI","$US/bbl",16.33,"8/25/2020 7:56:57 AM"
"134",138774,"5/1/1994 12:00:00 AM","WTI","$US/bbl",17.83,"8/25/2020 7:56:57 AM"
"135",138775,"6/1/1994 12:00:00 AM","WTI","$US/bbl",19.07,"8/25/2020 7:56:57 AM"
"136",138776,"7/1/1994 12:00:00 AM","WTI","$US/bbl",19.66,"8/25/2020 7:56:57 AM"
"137",138777,"8/1/1994 12:00:00 AM","WTI","$US/bbl",18.38,"8/25/2020 7:56:57 AM"
"138",138778,"9/1/1994 12:00:00 AM","WTI","$US/bbl",17.47,"8/25/2020 7:56:57 AM"
"139",138779,"10/1/1994 12:00:00 AM","WTI","$US/bbl",17.71,"8/25/2020 7:56:57 AM"
"140",138780,"11/1/1994 12:00:00 AM","WTI","$US/bbl",18.1,"8/25/2020 7:56:57 AM"
"141",138781,"12/1/1994 12:00:00 AM","WTI","$US/bbl",17.16,"8/25/2020 7:56:57 AM"
"142",138782,"1/1/1995 12:00:00 AM","WTI","$US/bbl",17.99,"8/25/2020 7:56:57 AM"
"143",138783,"2/1/1995 12:00:00 AM","WTI","$US/bbl",18.53,"8/25/2020 7:56:57 AM"
"144",138784,"3/1/1995 12:00:00 AM","WTI","$US/bbl",18.55,"8/25/2020 7:56:57 AM"
"145",138785,"4/1/1995 12:00:00 AM","WTI","$US/bbl",19.89,"8/25/2020 7:56:57 AM"
"146",138786,"5/1/1995 12:00:00 AM","WTI","$US/bbl",19.74,"8/25/2020 7:56:57 AM"
"147",138787,"6/1/1995 12:00:00 AM","WTI","$US/bbl",18.4,"8/25/2020 7:56:57 AM"
"148",138788,"7/1/1995 12:00:00 AM","WTI","$US/bbl",17.26,"8/25/2020 7:56:57 AM"
"149",138789,"8/1/1995 12:00:00 AM","WTI","$US/bbl",17.81,"8/25/2020 7:56:57 AM"
"150",138790,"9/1/1995 12:00:00 AM","WTI","$US/bbl",18.21,"8/25/2020 7:56:57 AM"
"151",138791,"10/1/1995 12:00:00 AM","WTI","$US/bbl",17.4,"8/25/2020 7:56:57 AM"
"152",138792,"11/1/1995 12:00:00 AM","WTI","$US/bbl",18,"8/25/2020 7:56:57 AM"
"153",138793,"12/1/1995 12:00:00 AM","WTI","$US/bbl",19.04,"8/25/2020 7:56:57 AM"
"154",138794,"1/1/1996 12:00:00 AM","WTI","$US/bbl",18.7,"8/25/2020 7:56:57 AM"
"155",138795,"2/1/1996 12:00:00 AM","WTI","$US/bbl",18.78,"8/25/2020 7:56:57 AM"
"156",138796,"3/1/1996 12:00:00 AM","WTI","$US/bbl",21.18,"8/25/2020 7:56:57 AM"
"157",138797,"4/1/1996 12:00:00 AM","WTI","$US/bbl",23.3,"8/25/2020 7:56:57 AM"
"158",138798,"5/1/1996 12:00:00 AM","WTI","$US/bbl",21.09,"8/25/2020 7:56:57 AM"
"159",138799,"6/1/1996 12:00:00 AM","WTI","$US/bbl",20.43,"8/25/2020 7:56:57 AM"
"160",138800,"7/1/1996 12:00:00 AM","WTI","$US/bbl",21.25,"8/25/2020 7:56:57 AM"
"161",138801,"8/1/1996 12:00:00 AM","WTI","$US/bbl",21.91,"8/25/2020 7:56:57 AM"
"162",138802,"9/1/1996 12:00:00 AM","WTI","$US/bbl",23.93,"8/25/2020 7:56:57 AM"
"163",138803,"10/1/1996 12:00:00 AM","WTI","$US/bbl",24.9,"8/25/2020 7:56:57 AM"
"164",138804,"11/1/1996 12:00:00 AM","WTI","$US/bbl",23.55,"8/25/2020 7:56:57 AM"
"165",138805,"12/1/1996 12:00:00 AM","WTI","$US/bbl",25.12,"8/25/2020 7:56:57 AM"
"166",138806,"1/1/1997 12:00:00 AM","WTI","$US/bbl",25.18,"8/25/2020 7:56:57 AM"
"167",138807,"2/1/1997 12:00:00 AM","WTI","$US/bbl",22.17,"8/25/2020 7:56:57 AM"
"168",138808,"3/1/1997 12:00:00 AM","WTI","$US/bbl",20.97,"8/25/2020 7:56:57 AM"
"169",138809,"4/1/1997 12:00:00 AM","WTI","$US/bbl",19.73,"8/25/2020 7:56:57 AM"
"170",138810,"5/1/1997 12:00:00 AM","WTI","$US/bbl",20.87,"8/25/2020 7:56:57 AM"
"171",138811,"6/1/1997 12:00:00 AM","WTI","$US/bbl",19.22,"8/25/2020 7:56:57 AM"
"172",138812,"7/1/1997 12:00:00 AM","WTI","$US/bbl",19.66,"8/25/2020 7:56:57 AM"
"173",138813,"8/1/1997 12:00:00 AM","WTI","$US/bbl",19.95,"8/25/2020 7:56:57 AM"
"174",138814,"9/1/1997 12:00:00 AM","WTI","$US/bbl",19.78,"8/25/2020 7:56:57 AM"
"175",138815,"10/1/1997 12:00:00 AM","WTI","$US/bbl",21.28,"8/25/2020 7:56:57 AM"
"176",138816,"11/1/1997 12:00:00 AM","WTI","$US/bbl",20.22,"8/25/2020 7:56:57 AM"
"177",138817,"12/1/1997 12:00:00 AM","WTI","$US/bbl",18.32,"8/25/2020 7:56:57 AM"
"178",138818,"1/1/1998 12:00:00 AM","WTI","$US/bbl",16.73,"8/25/2020 7:56:57 AM"
"179",138819,"2/1/1998 12:00:00 AM","WTI","$US/bbl",16.08,"8/25/2020 7:56:57 AM"
"180",138820,"3/1/1998 12:00:00 AM","WTI","$US/bbl",15.04,"8/25/2020 7:56:57 AM"
"181",138821,"4/1/1998 12:00:00 AM","WTI","$US/bbl",15.46,"8/25/2020 7:56:57 AM"
"182",138822,"5/1/1998 12:00:00 AM","WTI","$US/bbl",14.93,"8/25/2020 7:56:57 AM"
"183",138823,"6/1/1998 12:00:00 AM","WTI","$US/bbl",13.67,"8/25/2020 7:56:57 AM"
"184",138824,"7/1/1998 12:00:00 AM","WTI","$US/bbl",14.09,"8/25/2020 7:56:57 AM"
"185",138825,"8/1/1998 12:00:00 AM","WTI","$US/bbl",13.38,"8/25/2020 7:56:57 AM"
"186",138826,"9/1/1998 12:00:00 AM","WTI","$US/bbl",14.97,"8/25/2020 7:56:57 AM"
"187",138827,"10/1/1998 12:00:00 AM","WTI","$US/bbl",14.42,"8/25/2020 7:56:57 AM"
"188",138828,"11/1/1998 12:00:00 AM","WTI","$US/bbl",13.04,"8/25/2020 7:56:57 AM"
"189",138829,"12/1/1998 12:00:00 AM","WTI","$US/bbl",11.31,"8/25/2020 7:56:57 AM"
"190",138830,"1/1/1999 12:00:00 AM","WTI","$US/bbl",12.49,"8/25/2020 7:56:57 AM"
"191",138831,"2/1/1999 12:00:00 AM","WTI","$US/bbl",12.02,"8/25/2020 7:56:57 AM"
"192",138832,"3/1/1999 12:00:00 AM","WTI","$US/bbl",14.68,"8/25/2020 7:56:57 AM"
"193",138833,"4/1/1999 12:00:00 AM","WTI","$US/bbl",17.3,"8/25/2020 7:56:57 AM"
"194",138834,"5/1/1999 12:00:00 AM","WTI","$US/bbl",17.77,"8/25/2020 7:56:57 AM"
"195",138835,"6/1/1999 12:00:00 AM","WTI","$US/bbl",17.92,"8/25/2020 7:56:57 AM"
"196",138836,"7/1/1999 12:00:00 AM","WTI","$US/bbl",20.1,"8/25/2020 7:56:57 AM"
"197",138837,"8/1/1999 12:00:00 AM","WTI","$US/bbl",21.28,"8/25/2020 7:56:57 AM"
"198",138838,"9/1/1999 12:00:00 AM","WTI","$US/bbl",23.79,"8/25/2020 7:56:57 AM"
"199",138839,"10/1/1999 12:00:00 AM","WTI","$US/bbl",22.67,"8/25/2020 7:56:57 AM"
"200",138840,"11/1/1999 12:00:00 AM","WTI","$US/bbl",24.77,"8/25/2020 7:56:57 AM"
"201",138841,"12/1/1999 12:00:00 AM","WTI","$US/bbl",26.09,"8/25/2020 7:56:57 AM"
"202",138842,"1/1/2000 12:00:00 AM","WTI","$US/bbl",27.01,"8/25/2020 7:56:57 AM"
"203",138843,"2/1/2000 12:00:00 AM","WTI","$US/bbl",29.3,"8/25/2020 7:56:57 AM"
"204",138844,"3/1/2000 12:00:00 AM","WTI","$US/bbl",29.89,"8/25/2020 7:56:57 AM"
"205",138845,"4/1/2000 12:00:00 AM","WTI","$US/bbl",25.54,"8/25/2020 7:56:57 AM"
"206",138846,"5/1/2000 12:00:00 AM","WTI","$US/bbl",28.81,"8/25/2020 7:56:57 AM"
"207",138847,"6/1/2000 12:00:00 AM","WTI","$US/bbl",31.53,"8/25/2020 7:56:57 AM"
"208",138848,"7/1/2000 12:00:00 AM","WTI","$US/bbl",29.72,"8/25/2020 7:56:57 AM"
"209",138849,"8/1/2000 12:00:00 AM","WTI","$US/bbl",31.14,"8/25/2020 7:56:57 AM"
"210",138850,"9/1/2000 12:00:00 AM","WTI","$US/bbl",33.87,"8/25/2020 7:56:57 AM"
"211",138851,"10/1/2000 12:00:00 AM","WTI","$US/bbl",32.93,"8/25/2020 7:56:57 AM"
"212",138852,"11/1/2000 12:00:00 AM","WTI","$US/bbl",34.26,"8/25/2020 7:56:57 AM"
"213",138853,"12/1/2000 12:00:00 AM","WTI","$US/bbl",28.4,"8/25/2020 7:56:57 AM"
"214",138854,"1/1/2001 12:00:00 AM","WTI","$US/bbl",29.26,"8/25/2020 7:56:57 AM"
"215",138855,"2/1/2001 12:00:00 AM","WTI","$US/bbl",29.64,"8/25/2020 7:56:57 AM"
"216",138856,"3/1/2001 12:00:00 AM","WTI","$US/bbl",27.27,"8/25/2020 7:56:57 AM"
"217",138857,"4/1/2001 12:00:00 AM","WTI","$US/bbl",27.62,"8/25/2020 7:56:57 AM"
"218",138858,"5/1/2001 12:00:00 AM","WTI","$US/bbl",28.68,"8/25/2020 7:56:57 AM"
"219",138859,"6/1/2001 12:00:00 AM","WTI","$US/bbl",27.59,"8/25/2020 7:56:57 AM"
"220",138860,"7/1/2001 12:00:00 AM","WTI","$US/bbl",26.47,"8/25/2020 7:56:57 AM"
"221",138861,"8/1/2001 12:00:00 AM","WTI","$US/bbl",27.31,"8/25/2020 7:56:57 AM"
"222",138862,"9/1/2001 12:00:00 AM","WTI","$US/bbl",25.69,"8/25/2020 7:56:57 AM"
"223",138863,"10/1/2001 12:00:00 AM","WTI","$US/bbl",22.21,"8/25/2020 7:56:57 AM"
"224",138864,"11/1/2001 12:00:00 AM","WTI","$US/bbl",19.67,"8/25/2020 7:56:57 AM"
"225",138865,"12/1/2001 12:00:00 AM","WTI","$US/bbl",19.4,"8/25/2020 7:56:57 AM"
"226",138866,"1/1/2002 12:00:00 AM","WTI","$US/bbl",19.73,"8/25/2020 7:56:57 AM"
"227",138867,"2/1/2002 12:00:00 AM","WTI","$US/bbl",20.76,"8/25/2020 7:56:57 AM"
"228",138868,"3/1/2002 12:00:00 AM","WTI","$US/bbl",24.44,"8/25/2020 7:56:57 AM"
"229",138869,"4/1/2002 12:00:00 AM","WTI","$US/bbl",26.26,"8/25/2020 7:56:57 AM"
"230",138870,"5/1/2002 12:00:00 AM","WTI","$US/bbl",26.95,"8/25/2020 7:56:57 AM"
"231",138871,"6/1/2002 12:00:00 AM","WTI","$US/bbl",25.55,"8/25/2020 7:56:57 AM"
"232",138872,"7/1/2002 12:00:00 AM","WTI","$US/bbl",26.94,"8/25/2020 7:56:57 AM"
"233",138873,"8/1/2002 12:00:00 AM","WTI","$US/bbl",28.2,"8/25/2020 7:56:57 AM"
"234",138874,"9/1/2002 12:00:00 AM","WTI","$US/bbl",29.67,"8/25/2020 7:56:57 AM"
"235",138875,"10/1/2002 12:00:00 AM","WTI","$US/bbl",28.86,"8/25/2020 7:56:57 AM"
"236",138876,"11/1/2002 12:00:00 AM","WTI","$US/bbl",26.19,"8/25/2020 7:56:57 AM"
"237",138877,"12/1/2002 12:00:00 AM","WTI","$US/bbl",29.39,"8/25/2020 7:56:57 AM"
"238",138878,"1/1/2003 12:00:00 AM","WTI","$US/bbl",32.7,"8/25/2020 7:56:57 AM"
"239",138879,"2/1/2003 12:00:00 AM","WTI","$US/bbl",35.73,"8/25/2020 7:56:57 AM"
"240",138880,"3/1/2003 12:00:00 AM","WTI","$US/bbl",33.16,"8/25/2020 7:56:57 AM"
"241",138881,"4/1/2003 12:00:00 AM","WTI","$US/bbl",28.14,"8/25/2020 7:56:57 AM"
"242",138882,"5/1/2003 12:00:00 AM","WTI","$US/bbl",28.07,"8/25/2020 7:56:57 AM"
"243",138883,"6/1/2003 12:00:00 AM","WTI","$US/bbl",30.52,"8/25/2020 7:56:57 AM"
"244",138884,"7/1/2003 12:00:00 AM","WTI","$US/bbl",30.7,"8/25/2020 7:56:57 AM"
"245",138885,"8/1/2003 12:00:00 AM","WTI","$US/bbl",31.6,"8/25/2020 7:56:57 AM"
"246",138886,"9/1/2003 12:00:00 AM","WTI","$US/bbl",28.31,"8/25/2020 7:56:57 AM"
"247",138887,"10/1/2003 12:00:00 AM","WTI","$US/bbl",30.35,"8/25/2020 7:56:57 AM"
"248",138888,"11/1/2003 12:00:00 AM","WTI","$US/bbl",31.06,"8/25/2020 7:56:57 AM"
"249",138889,"12/1/2003 12:00:00 AM","WTI","$US/bbl",32.14,"8/25/2020 7:56:57 AM"
"250",138890,"1/1/2004 12:00:00 AM","WTI","$US/bbl",34.22,"8/25/2020 7:56:57 AM"
"251",138891,"2/1/2004 12:00:00 AM","WTI","$US/bbl",34.5,"8/25/2020 7:56:57 AM"
"252",138892,"3/1/2004 12:00:00 AM","WTI","$US/bbl",36.72,"8/25/2020 7:56:57 AM"
"253",138893,"4/1/2004 12:00:00 AM","WTI","$US/bbl",36.62,"8/25/2020 7:56:57 AM"
"254",138894,"5/1/2004 12:00:00 AM","WTI","$US/bbl",40.28,"8/25/2020 7:56:57 AM"
"255",138895,"6/1/2004 12:00:00 AM","WTI","$US/bbl",38.05,"8/25/2020 7:56:57 AM"
"256",138896,"7/1/2004 12:00:00 AM","WTI","$US/bbl",40.81,"8/25/2020 7:56:57 AM"
"257",138897,"8/1/2004 12:00:00 AM","WTI","$US/bbl",44.88,"8/25/2020 7:56:57 AM"
"258",138898,"9/1/2004 12:00:00 AM","WTI","$US/bbl",45.94,"8/25/2020 7:56:57 AM"
"259",138899,"10/1/2004 12:00:00 AM","WTI","$US/bbl",53.09,"8/25/2020 7:56:57 AM"
"260",138900,"11/1/2004 12:00:00 AM","WTI","$US/bbl",48.48,"8/25/2020 7:56:57 AM"
"261",138901,"12/1/2004 12:00:00 AM","WTI","$US/bbl",43.26,"8/25/2020 7:56:57 AM"
"262",138902,"1/1/2005 12:00:00 AM","WTI","$US/bbl",46.85,"8/25/2020 7:56:57 AM"
"263",138903,"2/1/2005 12:00:00 AM","WTI","$US/bbl",48.05,"8/25/2020 7:56:57 AM"
"264",138904,"3/1/2005 12:00:00 AM","WTI","$US/bbl",54.63,"8/25/2020 7:56:57 AM"
"265",138905,"4/1/2005 12:00:00 AM","WTI","$US/bbl",53.22,"8/25/2020 7:56:57 AM"
"266",138906,"5/1/2005 12:00:00 AM","WTI","$US/bbl",49.87,"8/25/2020 7:56:57 AM"
"267",138907,"6/1/2005 12:00:00 AM","WTI","$US/bbl",56.42,"8/25/2020 7:56:57 AM"
"268",138908,"7/1/2005 12:00:00 AM","WTI","$US/bbl",59.03,"8/25/2020 7:56:57 AM"
"269",138909,"8/1/2005 12:00:00 AM","WTI","$US/bbl",64.99,"8/25/2020 7:56:57 AM"
"270",138910,"9/1/2005 12:00:00 AM","WTI","$US/bbl",65.55,"8/25/2020 7:56:57 AM"
"271",138911,"10/1/2005 12:00:00 AM","WTI","$US/bbl",62.27,"8/25/2020 7:56:57 AM"
"272",138912,"11/1/2005 12:00:00 AM","WTI","$US/bbl",58.34,"8/25/2020 7:56:57 AM"
"273",138913,"12/1/2005 12:00:00 AM","WTI","$US/bbl",59.45,"8/25/2020 7:56:57 AM"
"274",138914,"1/1/2006 12:00:00 AM","WTI","$US/bbl",65.54,"8/25/2020 7:56:57 AM"
"275",138915,"2/1/2006 12:00:00 AM","WTI","$US/bbl",61.93,"8/25/2020 7:56:57 AM"
"276",138916,"3/1/2006 12:00:00 AM","WTI","$US/bbl",62.97,"8/25/2020 7:56:57 AM"
"277",138917,"4/1/2006 12:00:00 AM","WTI","$US/bbl",70.16,"8/25/2020 7:56:57 AM"
"278",138918,"5/1/2006 12:00:00 AM","WTI","$US/bbl",70.96,"8/25/2020 7:56:57 AM"
"279",138919,"6/1/2006 12:00:00 AM","WTI","$US/bbl",70.97,"8/25/2020 7:56:57 AM"
"280",138920,"7/1/2006 12:00:00 AM","WTI","$US/bbl",74.46,"8/25/2020 7:56:57 AM"
"281",138921,"8/1/2006 12:00:00 AM","WTI","$US/bbl",73.08,"8/25/2020 7:56:57 AM"
"282",138922,"9/1/2006 12:00:00 AM","WTI","$US/bbl",63.9,"8/25/2020 7:56:57 AM"
"283",138923,"10/1/2006 12:00:00 AM","WTI","$US/bbl",59.14,"8/25/2020 7:56:57 AM"
"284",138924,"11/1/2006 12:00:00 AM","WTI","$US/bbl",59.4,"8/25/2020 7:56:57 AM"
"285",138925,"12/1/2006 12:00:00 AM","WTI","$US/bbl",62.09,"8/25/2020 7:56:57 AM"
"286",138926,"1/1/2007 12:00:00 AM","WTI","$US/bbl",54.35,"8/25/2020 7:56:57 AM"
"287",138927,"2/1/2007 12:00:00 AM","WTI","$US/bbl",59.39,"8/25/2020 7:56:57 AM"
"288",138928,"3/1/2007 12:00:00 AM","WTI","$US/bbl",60.74,"8/25/2020 7:56:57 AM"
"289",138929,"4/1/2007 12:00:00 AM","WTI","$US/bbl",64.04,"8/25/2020 7:56:57 AM"
"290",138930,"5/1/2007 12:00:00 AM","WTI","$US/bbl",63.53,"8/25/2020 7:56:57 AM"
"291",138931,"6/1/2007 12:00:00 AM","WTI","$US/bbl",67.53,"8/25/2020 7:56:57 AM"
"292",138932,"7/1/2007 12:00:00 AM","WTI","$US/bbl",74.15,"8/25/2020 7:56:57 AM"
"293",138933,"8/1/2007 12:00:00 AM","WTI","$US/bbl",72.36,"8/25/2020 7:56:57 AM"
"294",138934,"9/1/2007 12:00:00 AM","WTI","$US/bbl",79.63,"8/25/2020 7:56:57 AM"
"295",138935,"10/1/2007 12:00:00 AM","WTI","$US/bbl",85.66,"8/25/2020 7:56:57 AM"
"296",138936,"11/1/2007 12:00:00 AM","WTI","$US/bbl",94.63,"8/25/2020 7:56:57 AM"
"297",138937,"12/1/2007 12:00:00 AM","WTI","$US/bbl",91.74,"8/25/2020 7:56:57 AM"
"298",138938,"1/1/2008 12:00:00 AM","WTI","$US/bbl",92.93,"8/25/2020 7:56:57 AM"
"299",138939,"2/1/2008 12:00:00 AM","WTI","$US/bbl",95.35,"8/25/2020 7:56:57 AM"
"300",138940,"3/1/2008 12:00:00 AM","WTI","$US/bbl",105.42,"8/25/2020 7:56:57 AM"
"301",138941,"4/1/2008 12:00:00 AM","WTI","$US/bbl",112.46,"8/25/2020 7:56:57 AM"
"302",138942,"5/1/2008 12:00:00 AM","WTI","$US/bbl",125.46,"8/25/2020 7:56:57 AM"
"303",138943,"6/1/2008 12:00:00 AM","WTI","$US/bbl",134.02,"8/25/2020 7:56:57 AM"
"304",138944,"7/1/2008 12:00:00 AM","WTI","$US/bbl",133.48,"8/25/2020 7:56:57 AM"
"305",138945,"8/1/2008 12:00:00 AM","WTI","$US/bbl",116.69,"8/25/2020 7:56:57 AM"
"306",138946,"9/1/2008 12:00:00 AM","WTI","$US/bbl",103.76,"8/25/2020 7:56:57 AM"
"307",138947,"10/1/2008 12:00:00 AM","WTI","$US/bbl",76.72,"8/25/2020 7:56:57 AM"
"308",138948,"11/1/2008 12:00:00 AM","WTI","$US/bbl",57.44,"8/25/2020 7:56:57 AM"
"309",138949,"12/1/2008 12:00:00 AM","WTI","$US/bbl",42.04,"8/25/2020 7:56:57 AM"
"310",138950,"1/1/2009 12:00:00 AM","WTI","$US/bbl",41.92,"8/25/2020 7:56:57 AM"
"311",138951,"2/1/2009 12:00:00 AM","WTI","$US/bbl",39.26,"8/25/2020 7:56:57 AM"
"312",138952,"3/1/2009 12:00:00 AM","WTI","$US/bbl",48.06,"8/25/2020 7:56:57 AM"
"313",138953,"4/1/2009 12:00:00 AM","WTI","$US/bbl",49.95,"8/25/2020 7:56:57 AM"
"314",138954,"5/1/2009 12:00:00 AM","WTI","$US/bbl",59.21,"8/25/2020 7:56:57 AM"
"315",138955,"6/1/2009 12:00:00 AM","WTI","$US/bbl",69.7,"8/25/2020 7:56:57 AM"
"316",138956,"7/1/2009 12:00:00 AM","WTI","$US/bbl",64.29,"8/25/2020 7:56:57 AM"
"317",138957,"8/1/2009 12:00:00 AM","WTI","$US/bbl",71.14,"8/25/2020 7:56:57 AM"
"318",138958,"9/1/2009 12:00:00 AM","WTI","$US/bbl",69.47,"8/25/2020 7:56:57 AM"
"319",138959,"10/1/2009 12:00:00 AM","WTI","$US/bbl",75.82,"8/25/2020 7:56:57 AM"
"320",138960,"11/1/2009 12:00:00 AM","WTI","$US/bbl",78.15,"8/25/2020 7:56:57 AM"
"321",138961,"12/1/2009 12:00:00 AM","WTI","$US/bbl",74.6,"8/25/2020 7:56:57 AM"
"322",138962,"1/1/2010 12:00:00 AM","WTI","$US/bbl",78.4,"8/25/2020 7:56:57 AM"
"323",138963,"2/1/2010 12:00:00 AM","WTI","$US/bbl",76.45,"8/25/2020 7:56:57 AM"
"324",138964,"3/1/2010 12:00:00 AM","WTI","$US/bbl",81.29,"8/25/2020 7:56:57 AM"
"325",138965,"4/1/2010 12:00:00 AM","WTI","$US/bbl",84.58,"8/25/2020 7:56:57 AM"
"326",138966,"5/1/2010 12:00:00 AM","WTI","$US/bbl",74.12,"8/25/2020 7:56:57 AM"
"327",138967,"6/1/2010 12:00:00 AM","WTI","$US/bbl",75.41,"8/25/2020 7:56:57 AM"
"328",138968,"7/1/2010 12:00:00 AM","WTI","$US/bbl",76.38,"8/25/2020 7:56:57 AM"
"329",138969,"8/1/2010 12:00:00 AM","WTI","$US/bbl",76.67,"8/25/2020 7:56:57 AM"
"330",138970,"9/1/2010 12:00:00 AM","WTI","$US/bbl",75.55,"8/25/2020 7:56:57 AM"
"331",138971,"10/1/2010 12:00:00 AM","WTI","$US/bbl",81.95,"8/25/2020 7:56:57 AM"
"332",138972,"11/1/2010 12:00:00 AM","WTI","$US/bbl",84.32,"8/25/2020 7:56:57 AM"
"333",138973,"12/1/2010 12:00:00 AM","WTI","$US/bbl",89.23,"8/25/2020 7:56:57 AM"
"334",138974,"1/1/2011 12:00:00 AM","WTI","$US/bbl",89.58,"8/25/2020 7:56:57 AM"
"335",138975,"2/1/2011 12:00:00 AM","WTI","$US/bbl",89.74,"8/25/2020 7:56:57 AM"
"336",138976,"3/1/2011 12:00:00 AM","WTI","$US/bbl",102.98,"8/25/2020 7:56:57 AM"
"337",138977,"4/1/2011 12:00:00 AM","WTI","$US/bbl",110.04,"8/25/2020 7:56:57 AM"
"338",138978,"5/1/2011 12:00:00 AM","WTI","$US/bbl",101.36,"8/25/2020 7:56:57 AM"
"339",138979,"6/1/2011 12:00:00 AM","WTI","$US/bbl",96.29,"8/25/2020 7:56:57 AM"
"340",138980,"7/1/2011 12:00:00 AM","WTI","$US/bbl",97.34,"8/25/2020 7:56:57 AM"
"341",138981,"8/1/2011 12:00:00 AM","WTI","$US/bbl",86.34,"8/25/2020 7:56:57 AM"
"342",138982,"9/1/2011 12:00:00 AM","WTI","$US/bbl",85.61,"8/25/2020 7:56:57 AM"
"343",138983,"10/1/2011 12:00:00 AM","WTI","$US/bbl",86.43,"8/25/2020 7:56:57 AM"
"344",138984,"11/1/2011 12:00:00 AM","WTI","$US/bbl",97.16,"8/25/2020 7:56:57 AM"
"345",138985,"12/1/2011 12:00:00 AM","WTI","$US/bbl",98.58,"8/25/2020 7:56:57 AM"
"346",138986,"1/1/2012 12:00:00 AM","WTI","$US/bbl",100.32,"8/25/2020 7:56:57 AM"
"347",138987,"2/1/2012 12:00:00 AM","WTI","$US/bbl",102.26,"8/25/2020 7:56:57 AM"
"348",138988,"3/1/2012 12:00:00 AM","WTI","$US/bbl",106.21,"8/25/2020 7:56:57 AM"
"349",138989,"4/1/2012 12:00:00 AM","WTI","$US/bbl",103.35,"8/25/2020 7:56:57 AM"
"350",138990,"5/1/2012 12:00:00 AM","WTI","$US/bbl",94.72,"8/25/2020 7:56:57 AM"
"351",138991,"6/1/2012 12:00:00 AM","WTI","$US/bbl",82.41,"8/25/2020 7:56:57 AM"
"352",138992,"7/1/2012 12:00:00 AM","WTI","$US/bbl",87.93,"8/25/2020 7:56:57 AM"
"353",138993,"8/1/2012 12:00:00 AM","WTI","$US/bbl",94.16,"8/25/2020 7:56:57 AM"
"354",138994,"9/1/2012 12:00:00 AM","WTI","$US/bbl",94.56,"8/25/2020 7:56:57 AM"
"355",138995,"10/1/2012 12:00:00 AM","WTI","$US/bbl",89.57,"8/25/2020 7:56:57 AM"
"356",138996,"11/1/2012 12:00:00 AM","WTI","$US/bbl",86.73,"8/25/2020 7:56:57 AM"
"357",138997,"12/1/2012 12:00:00 AM","WTI","$US/bbl",88.25,"8/25/2020 7:56:57 AM"
"358",138998,"1/1/2013 12:00:00 AM","WTI","$US/bbl",94.83,"8/25/2020 7:56:57 AM"
"359",138999,"2/1/2013 12:00:00 AM","WTI","$US/bbl",95.32,"8/25/2020 7:56:57 AM"
"360",139000,"3/1/2013 12:00:00 AM","WTI","$US/bbl",92.96,"8/25/2020 7:56:57 AM"
"361",139001,"4/1/2013 12:00:00 AM","WTI","$US/bbl",92.07,"8/25/2020 7:56:57 AM"
"362",139002,"5/1/2013 12:00:00 AM","WTI","$US/bbl",94.8,"8/25/2020 7:56:57 AM"
"363",139003,"6/1/2013 12:00:00 AM","WTI","$US/bbl",95.8,"8/25/2020 7:56:57 AM"
"364",139004,"7/1/2013 12:00:00 AM","WTI","$US/bbl",104.7,"8/25/2020 7:56:57 AM"
"365",139005,"8/1/2013 12:00:00 AM","WTI","$US/bbl",106.54,"8/25/2020 7:56:57 AM"
"366",139006,"9/1/2013 12:00:00 AM","WTI","$US/bbl",106.24,"8/25/2020 7:56:57 AM"
"367",139007,"10/1/2013 12:00:00 AM","WTI","$US/bbl",100.55,"8/25/2020 7:56:57 AM"
"368",139008,"11/1/2013 12:00:00 AM","WTI","$US/bbl",93.93,"8/25/2020 7:56:57 AM"
"369",139009,"12/1/2013 12:00:00 AM","WTI","$US/bbl",97.89,"8/25/2020 7:56:57 AM"
"370",139010,"1/1/2014 12:00:00 AM","WTI","$US/bbl",94.86,"8/25/2020 7:56:57 AM"
"371",139011,"2/1/2014 12:00:00 AM","WTI","$US/bbl",100.68,"8/25/2020 7:56:57 AM"
"372",139012,"3/1/2014 12:00:00 AM","WTI","$US/bbl",100.51,"8/25/2020 7:56:57 AM"
"373",139013,"4/1/2014 12:00:00 AM","WTI","$US/bbl",102.04,"8/25/2020 7:56:57 AM"
"374",139014,"5/1/2014 12:00:00 AM","WTI","$US/bbl",101.8,"8/25/2020 7:56:57 AM"
"375",139015,"6/1/2014 12:00:00 AM","WTI","$US/bbl",105.15,"8/25/2020 7:56:57 AM"
"376",139016,"7/1/2014 12:00:00 AM","WTI","$US/bbl",102.39,"8/25/2020 7:56:57 AM"
"377",139017,"8/1/2014 12:00:00 AM","WTI","$US/bbl",96.08,"8/25/2020 7:56:57 AM"
"378",139018,"9/1/2014 12:00:00 AM","WTI","$US/bbl",93.03,"8/25/2020 7:56:57 AM"
"379",139019,"10/1/2014 12:00:00 AM","WTI","$US/bbl",84.34,"8/25/2020 7:56:57 AM"
"380",139020,"11/1/2014 12:00:00 AM","WTI","$US/bbl",75.81,"8/25/2020 7:56:57 AM"
"381",139021,"12/1/2014 12:00:00 AM","WTI","$US/bbl",59.29,"8/25/2020 7:56:57 AM"
"382",139022,"1/1/2015 12:00:00 AM","WTI","$US/bbl",47.22,"8/25/2020 7:56:57 AM"
"383",139023,"2/1/2015 12:00:00 AM","WTI","$US/bbl",50.58,"8/25/2020 7:56:57 AM"
"384",139024,"3/1/2015 12:00:00 AM","WTI","$US/bbl",47.82,"8/25/2020 7:56:57 AM"
"385",139025,"4/1/2015 12:00:00 AM","WTI","$US/bbl",54.45,"8/25/2020 7:56:57 AM"
"386",139026,"5/1/2015 12:00:00 AM","WTI","$US/bbl",59.27,"8/25/2020 7:56:57 AM"
"387",139027,"6/1/2015 12:00:00 AM","WTI","$US/bbl",59.82,"8/25/2020 7:56:57 AM"
"388",139028,"7/1/2015 12:00:00 AM","WTI","$US/bbl",50.9,"8/25/2020 7:56:57 AM"
"389",139029,"8/1/2015 12:00:00 AM","WTI","$US/bbl",42.87,"8/25/2020 7:56:57 AM"
"390",139030,"9/1/2015 12:00:00 AM","WTI","$US/bbl",45.48,"8/25/2020 7:56:57 AM"
"391",139031,"10/1/2015 12:00:00 AM","WTI","$US/bbl",46.22,"8/25/2020 7:56:57 AM"
"392",139032,"11/1/2015 12:00:00 AM","WTI","$US/bbl",42.44,"8/25/2020 7:56:57 AM"
"393",139033,"12/1/2015 12:00:00 AM","WTI","$US/bbl",37.19,"8/25/2020 7:56:57 AM"
"394",139034,"1/1/2016 12:00:00 AM","WTI","$US/bbl",31.68,"8/25/2020 7:56:57 AM"
"395",139035,"2/1/2016 12:00:00 AM","WTI","$US/bbl",30.32,"8/25/2020 7:56:57 AM"
"396",139036,"3/1/2016 12:00:00 AM","WTI","$US/bbl",37.55,"8/25/2020 7:56:57 AM"
"397",139037,"4/1/2016 12:00:00 AM","WTI","$US/bbl",40.75,"8/25/2020 7:56:57 AM"
"398",139038,"5/1/2016 12:00:00 AM","WTI","$US/bbl",46.71,"8/25/2020 7:56:57 AM"
"399",139039,"6/1/2016 12:00:00 AM","WTI","$US/bbl",48.76,"8/25/2020 7:56:57 AM"
"400",139040,"7/1/2016 12:00:00 AM","WTI","$US/bbl",44.65,"8/25/2020 7:56:57 AM"
"401",139041,"8/1/2016 12:00:00 AM","WTI","$US/bbl",44.72,"8/25/2020 7:56:57 AM"
"402",139042,"9/1/2016 12:00:00 AM","WTI","$US/bbl",45.18,"8/25/2020 7:56:57 AM"
"403",139043,"10/1/2016 12:00:00 AM","WTI","$US/bbl",49.78,"8/25/2020 7:56:57 AM"
"404",139044,"11/1/2016 12:00:00 AM","WTI","$US/bbl",45.66,"8/25/2020 7:56:57 AM"
"405",139045,"12/1/2016 12:00:00 AM","WTI","$US/bbl",51.97,"8/25/2020 7:56:57 AM"
"406",139046,"1/1/2017 12:00:00 AM","WTI","$US/bbl",52.5,"8/25/2020 7:56:57 AM"
"407",139047,"2/1/2017 12:00:00 AM","WTI","$US/bbl",53.47,"8/25/2020 7:56:57 AM"
"408",139048,"3/1/2017 12:00:00 AM","WTI","$US/bbl",49.33,"8/25/2020 7:56:57 AM"
"409",139049,"4/1/2017 12:00:00 AM","WTI","$US/bbl",51.06,"8/25/2020 7:56:57 AM"
"410",139050,"5/1/2017 12:00:00 AM","WTI","$US/bbl",48.48,"8/25/2020 7:56:57 AM"
"411",139051,"6/1/2017 12:00:00 AM","WTI","$US/bbl",45.18,"8/25/2020 7:56:57 AM"
"412",139052,"7/1/2017 12:00:00 AM","WTI","$US/bbl",46.63,"8/25/2020 7:56:57 AM"
"413",139053,"8/1/2017 12:00:00 AM","WTI","$US/bbl",48.04,"8/25/2020 7:56:57 AM"
"414",139054,"9/1/2017 12:00:00 AM","WTI","$US/bbl",49.82,"8/25/2020 7:56:57 AM"
"415",139055,"10/1/2017 12:00:00 AM","WTI","$US/bbl",51.58,"8/25/2020 7:56:57 AM"
"416",139056,"11/1/2017 12:00:00 AM","WTI","$US/bbl",56.64,"8/25/2020 7:56:57 AM"
"417",139057,"12/1/2017 12:00:00 AM","WTI","$US/bbl",57.95,"8/25/2020 7:56:57 AM"
"418",139058,"1/1/2018 12:00:00 AM","WTI","$US/bbl",63.55,"8/25/2020 7:56:57 AM"
"419",139059,"2/1/2018 12:00:00 AM","WTI","$US/bbl",62.16,"8/25/2020 7:56:57 AM"
"420",139060,"3/1/2018 12:00:00 AM","WTI","$US/bbl",62.87,"8/25/2020 7:56:57 AM"
"421",139061,"4/1/2018 12:00:00 AM","WTI","$US/bbl",66.33,"8/25/2020 7:56:57 AM"
"422",139062,"5/1/2018 12:00:00 AM","WTI","$US/bbl",69.89,"8/25/2020 7:56:57 AM"
"423",139063,"6/1/2018 12:00:00 AM","WTI","$US/bbl",67.32,"8/25/2020 7:56:57 AM"
"424",139064,"7/1/2018 12:00:00 AM","WTI","$US/bbl",70.74,"8/25/2020 7:56:57 AM"
"425",139065,"8/1/2018 12:00:00 AM","WTI","$US/bbl",67.85,"8/25/2020 7:56:57 AM"
"426",139066,"9/1/2018 12:00:00 AM","WTI","$US/bbl",70.07,"8/25/2020 7:56:57 AM"
"427",139067,"10/1/2018 12:00:00 AM","WTI","$US/bbl",70.76,"8/25/2020 7:56:57 AM"
"428",139068,"11/1/2018 12:00:00 AM","WTI","$US/bbl",56.96,"8/25/2020 7:56:57 AM"
"429",139069,"12/1/2018 12:00:00 AM","WTI","$US/bbl",49.52,"8/25/2020 7:56:57 AM"
"430",139070,"1/1/2019 12:00:00 AM","WTI","$US/bbl",51.38,"8/25/2020 7:56:57 AM"
"431",139071,"2/1/2019 12:00:00 AM","WTI","$US/bbl",54.95,"8/25/2020 7:56:57 AM"
"432",139072,"3/1/2019 12:00:00 AM","WTI","$US/bbl",58.15,"8/25/2020 7:56:57 AM"
"433",139073,"4/1/2019 12:00:00 AM","WTI","$US/bbl",63.86,"8/25/2020 7:56:57 AM"
"434",139074,"5/1/2019 12:00:00 AM","WTI","$US/bbl",60.83,"8/25/2020 7:56:57 AM"
"435",139075,"6/1/2019 12:00:00 AM","WTI","$US/bbl",54.66,"8/25/2020 7:56:57 AM"
"436",139076,"7/1/2019 12:00:00 AM","WTI","$US/bbl",57.35,"8/25/2020 7:56:57 AM"
"437",139077,"8/1/2019 12:00:00 AM","WTI","$US/bbl",54.81,"8/25/2020 7:56:57 AM"
"438",139078,"9/1/2019 12:00:00 AM","WTI","$US/bbl",56.95,"8/25/2020 7:56:57 AM"
"439",139079,"10/1/2019 12:00:00 AM","WTI","$US/bbl",53.96,"8/25/2020 7:56:57 AM"
"440",139080,"11/1/2019 12:00:00 AM","WTI","$US/bbl",57.03,"8/25/2020 7:56:57 AM"
"441",139081,"12/1/2019 12:00:00 AM","WTI","$US/bbl",59.88,"8/25/2020 7:56:57 AM"
"442",139082,"1/1/2020 12:00:00 AM","WTI","$US/bbl",57.68,"8/25/2020 7:56:57 AM"
"443",139083,"2/1/2020 12:00:00 AM","WTI","$US/bbl",50.62,"8/25/2020 7:56:57 AM"
"444",139084,"1/1/2005 12:00:00 AM","WCS","$US/bbl",29.42,"8/25/2020 7:56:57 AM"
"445",139085,"2/1/2005 12:00:00 AM","WCS","$US/bbl",28.44,"8/25/2020 7:56:57 AM"
"446",139086,"3/1/2005 12:00:00 AM","WCS","$US/bbl",36.5,"8/25/2020 7:56:57 AM"
"447",139087,"4/1/2005 12:00:00 AM","WCS","$US/bbl",31.02,"8/25/2020 7:56:57 AM"
"448",139088,"5/1/2005 12:00:00 AM","WCS","$US/bbl",27.46,"8/25/2020 7:56:57 AM"
"449",139089,"6/1/2005 12:00:00 AM","WCS","$US/bbl",38.16,"8/25/2020 7:56:57 AM"
"450",139090,"7/1/2005 12:00:00 AM","WCS","$US/bbl",44.78,"8/25/2020 7:56:57 AM"
"451",139091,"8/1/2005 12:00:00 AM","WCS","$US/bbl",48.29,"8/25/2020 7:56:57 AM"
"452",139092,"9/1/2005 12:00:00 AM","WCS","$US/bbl",42.13,"8/25/2020 7:56:57 AM"
"453",139093,"10/1/2005 12:00:00 AM","WCS","$US/bbl",41.52,"8/25/2020 7:56:57 AM"
"454",139094,"11/1/2005 12:00:00 AM","WCS","$US/bbl",34.34,"8/25/2020 7:56:57 AM"
"455",139095,"12/1/2005 12:00:00 AM","WCS","$US/bbl",32.78,"8/25/2020 7:56:57 AM"
"456",139096,"1/1/2006 12:00:00 AM","WCS","$US/bbl",38.8,"8/25/2020 7:56:57 AM"
"457",139097,"2/1/2006 12:00:00 AM","WCS","$US/bbl",28.68,"8/25/2020 7:56:57 AM"
"458",139098,"3/1/2006 12:00:00 AM","WCS","$US/bbl",36.77,"8/25/2020 7:56:57 AM"
"459",139099,"4/1/2006 12:00:00 AM","WCS","$US/bbl",52.02,"8/25/2020 7:56:57 AM"
"460",139100,"5/1/2006 12:00:00 AM","WCS","$US/bbl",57.29,"8/25/2020 7:56:57 AM"
"461",139101,"6/1/2006 12:00:00 AM","WCS","$US/bbl",51.63,"8/25/2020 7:56:57 AM"
"462",139102,"7/1/2006 12:00:00 AM","WCS","$US/bbl",57.93,"8/25/2020 7:56:57 AM"
"463",139103,"8/1/2006 12:00:00 AM","WCS","$US/bbl",55.83,"8/25/2020 7:56:57 AM"
"464",139104,"9/1/2006 12:00:00 AM","WCS","$US/bbl",41.56,"8/25/2020 7:56:57 AM"
"465",139105,"10/1/2006 12:00:00 AM","WCS","$US/bbl",36.9,"8/25/2020 7:56:57 AM"
"466",139106,"11/1/2006 12:00:00 AM","WCS","$US/bbl",39.17,"8/25/2020 7:56:57 AM"
"467",139107,"12/1/2006 12:00:00 AM","WCS","$US/bbl",43.9,"8/25/2020 7:56:57 AM"
"468",139108,"1/1/2007 12:00:00 AM","WCS","$US/bbl",38.05,"8/25/2020 7:56:57 AM"
"469",139109,"2/1/2007 12:00:00 AM","WCS","$US/bbl",44.43,"8/25/2020 7:56:57 AM"
"470",139110,"3/1/2007 12:00:00 AM","WCS","$US/bbl",45.6,"8/25/2020 7:56:57 AM"
"471",139111,"4/1/2007 12:00:00 AM","WCS","$US/bbl",44.03,"8/25/2020 7:56:57 AM"
"472",139112,"5/1/2007 12:00:00 AM","WCS","$US/bbl",46.33,"8/25/2020 7:56:57 AM"
"473",139113,"6/1/2007 12:00:00 AM","WCS","$US/bbl",47.19,"8/25/2020 7:56:57 AM"
"474",139114,"7/1/2007 12:00:00 AM","WCS","$US/bbl",53.06,"8/25/2020 7:56:57 AM"
"475",139115,"8/1/2007 12:00:00 AM","WCS","$US/bbl",52.76,"8/25/2020 7:56:57 AM"
"476",139116,"9/1/2007 12:00:00 AM","WCS","$US/bbl",53,"8/25/2020 7:56:57 AM"
"477",139117,"10/1/2007 12:00:00 AM","WCS","$US/bbl",54.69,"8/25/2020 7:56:57 AM"
"478",139118,"11/1/2007 12:00:00 AM","WCS","$US/bbl",66.29,"8/25/2020 7:56:57 AM"
"479",139119,"12/1/2007 12:00:00 AM","WCS","$US/bbl",50.02,"8/25/2020 7:56:57 AM"
"480",139120,"1/1/2008 12:00:00 AM","WCS","$US/bbl",68.72,"8/25/2020 7:56:57 AM"
"481",139121,"2/1/2008 12:00:00 AM","WCS","$US/bbl",71.75,"8/25/2020 7:56:57 AM"
"482",139122,"3/1/2008 12:00:00 AM","WCS","$US/bbl",88.87,"8/25/2020 7:56:57 AM"
"483",139123,"4/1/2008 12:00:00 AM","WCS","$US/bbl",94.64,"8/25/2020 7:56:57 AM"
"484",139124,"5/1/2008 12:00:00 AM","WCS","$US/bbl",104.28,"8/25/2020 7:56:57 AM"
"485",139125,"6/1/2008 12:00:00 AM","WCS","$US/bbl",108.15,"8/25/2020 7:56:57 AM"
"486",139126,"7/1/2008 12:00:00 AM","WCS","$US/bbl",114.95,"8/25/2020 7:56:57 AM"
"487",139127,"8/1/2008 12:00:00 AM","WCS","$US/bbl",101.1,"8/25/2020 7:56:57 AM"
"488",139128,"9/1/2008 12:00:00 AM","WCS","$US/bbl",83.87,"8/25/2020 7:56:57 AM"
"489",139129,"10/1/2008 12:00:00 AM","WCS","$US/bbl",58.08,"8/25/2020 7:56:57 AM"
"490",139130,"11/1/2008 12:00:00 AM","WCS","$US/bbl",37.54,"8/25/2020 7:56:57 AM"
"491",139131,"12/1/2008 12:00:00 AM","WCS","$US/bbl",23.18,"8/25/2020 7:56:57 AM"
"492",139132,"1/1/2009 12:00:00 AM","WCS","$US/bbl",29.97,"8/25/2020 7:56:57 AM"
"493",139133,"2/1/2009 12:00:00 AM","WCS","$US/bbl",31.71,"8/25/2020 7:56:57 AM"
"494",139134,"3/1/2009 12:00:00 AM","WCS","$US/bbl",40.76,"8/25/2020 7:56:57 AM"
"495",139135,"4/1/2009 12:00:00 AM","WCS","$US/bbl",43.76,"8/25/2020 7:56:57 AM"
"496",139136,"5/1/2009 12:00:00 AM","WCS","$US/bbl",51.64,"8/25/2020 7:56:57 AM"
"497",139137,"6/1/2009 12:00:00 AM","WCS","$US/bbl",61.18,"8/25/2020 7:56:57 AM"
"498",139138,"7/1/2009 12:00:00 AM","WCS","$US/bbl",54.45,"8/25/2020 7:56:57 AM"
"499",139139,"8/1/2009 12:00:00 AM","WCS","$US/bbl",60.57,"8/25/2020 7:56:58 AM"
"500",139140,"9/1/2009 12:00:00 AM","WCS","$US/bbl",59.52,"8/25/2020 7:56:58 AM"
"501",139141,"10/1/2009 12:00:00 AM","WCS","$US/bbl",65.29,"8/25/2020 7:56:58 AM"
"502",139142,"11/1/2009 12:00:00 AM","WCS","$US/bbl",65.04,"8/25/2020 7:56:58 AM"
"503",139143,"12/1/2009 12:00:00 AM","WCS","$US/bbl",61.89,"8/25/2020 7:56:58 AM"
"504",139144,"1/1/2010 12:00:00 AM","WCS","$US/bbl",69.28,"8/25/2020 7:56:58 AM"
"505",139145,"2/1/2010 12:00:00 AM","WCS","$US/bbl",67.91,"8/25/2020 7:56:58 AM"
"506",139146,"3/1/2010 12:00:00 AM","WCS","$US/bbl",71.82,"8/25/2020 7:56:58 AM"
"507",139147,"4/1/2010 12:00:00 AM","WCS","$US/bbl",72.02,"8/25/2020 7:56:58 AM"
"508",139148,"5/1/2010 12:00:00 AM","WCS","$US/bbl",57.49,"8/25/2020 7:56:58 AM"
"509",139149,"6/1/2010 12:00:00 AM","WCS","$US/bbl",62.33,"8/25/2020 7:56:58 AM"
"510",139150,"7/1/2010 12:00:00 AM","WCS","$US/bbl",64.28,"8/25/2020 7:56:58 AM"
"511",139151,"8/1/2010 12:00:00 AM","WCS","$US/bbl",61.93,"8/25/2020 7:56:58 AM"
"512",139152,"9/1/2010 12:00:00 AM","WCS","$US/bbl",55.44,"8/25/2020 7:56:58 AM"
"513",139153,"10/1/2010 12:00:00 AM","WCS","$US/bbl",56.72,"8/25/2020 7:56:58 AM"
"514",139154,"11/1/2010 12:00:00 AM","WCS","$US/bbl",69.56,"8/25/2020 7:56:58 AM"
"515",139155,"12/1/2010 12:00:00 AM","WCS","$US/bbl",74.89,"8/25/2020 7:56:58 AM"
"516",139156,"1/1/2011 12:00:00 AM","WCS","$US/bbl",71.18,"8/25/2020 7:56:58 AM"
"517",139157,"2/1/2011 12:00:00 AM","WCS","$US/bbl",63.42,"8/25/2020 7:56:58 AM"
"518",139158,"3/1/2011 12:00:00 AM","WCS","$US/bbl",79.13,"8/25/2020 7:56:58 AM"
"519",139159,"4/1/2011 12:00:00 AM","WCS","$US/bbl",89.69,"8/25/2020 7:56:58 AM"
"520",139160,"5/1/2011 12:00:00 AM","WCS","$US/bbl",85.66,"8/25/2020 7:56:58 AM"
"521",139161,"6/1/2011 12:00:00 AM","WCS","$US/bbl",79.42,"8/25/2020 7:56:58 AM"
"522",139162,"7/1/2011 12:00:00 AM","WCS","$US/bbl",78.31,"8/25/2020 7:56:58 AM"
"523",139163,"8/1/2011 12:00:00 AM","WCS","$US/bbl",66.51,"8/25/2020 7:56:58 AM"
"524",139164,"9/1/2011 12:00:00 AM","WCS","$US/bbl",71.6,"8/25/2020 7:56:58 AM"
"525",139165,"10/1/2011 12:00:00 AM","WCS","$US/bbl",76.54,"8/25/2020 7:56:58 AM"
"526",139166,"11/1/2011 12:00:00 AM","WCS","$US/bbl",87.32,"8/25/2020 7:56:58 AM"
"527",139167,"12/1/2011 12:00:00 AM","WCS","$US/bbl",86.86,"8/25/2020 7:56:58 AM"
"528",139168,"1/1/2012 12:00:00 AM","WCS","$US/bbl",86.47,"8/25/2020 7:56:58 AM"
"529",139169,"2/1/2012 12:00:00 AM","WCS","$US/bbl",83.04,"8/25/2020 7:56:58 AM"
"530",139170,"3/1/2012 12:00:00 AM","WCS","$US/bbl",75.01,"8/25/2020 7:56:58 AM"
"531",139171,"4/1/2012 12:00:00 AM","WCS","$US/bbl",70.4,"8/25/2020 7:56:58 AM"
"532",139172,"5/1/2012 12:00:00 AM","WCS","$US/bbl",75.1,"8/25/2020 7:56:58 AM"
"533",139173,"6/1/2012 12:00:00 AM","WCS","$US/bbl",66.37,"8/25/2020 7:56:58 AM"
"534",139174,"7/1/2012 12:00:00 AM","WCS","$US/bbl",64.28,"8/25/2020 7:56:58 AM"
"535",139175,"8/1/2012 12:00:00 AM","WCS","$US/bbl",69.03,"8/25/2020 7:56:58 AM"
"536",139176,"9/1/2012 12:00:00 AM","WCS","$US/bbl",78.17,"8/25/2020 7:56:58 AM"
"537",139177,"10/1/2012 12:00:00 AM","WCS","$US/bbl",79.88,"8/25/2020 7:56:58 AM"
"538",139178,"11/1/2012 12:00:00 AM","WCS","$US/bbl",72.47,"8/25/2020 7:56:58 AM"
"539",139179,"12/1/2012 12:00:00 AM","WCS","$US/bbl",57.87,"8/25/2020 7:56:58 AM"
"540",139180,"1/1/2013 12:00:00 AM","WCS","$US/bbl",62.11,"8/25/2020 7:56:58 AM"
"541",139181,"2/1/2013 12:00:00 AM","WCS","$US/bbl",58.4,"8/25/2020 7:56:58 AM"
"542",139182,"3/1/2013 12:00:00 AM","WCS","$US/bbl",66.72,"8/25/2020 7:56:58 AM"
"543",139183,"4/1/2013 12:00:00 AM","WCS","$US/bbl",68.87,"8/25/2020 7:56:58 AM"
"544",139184,"5/1/2013 12:00:00 AM","WCS","$US/bbl",80.93,"8/25/2020 7:56:58 AM"
"545",139185,"6/1/2013 12:00:00 AM","WCS","$US/bbl",75.39,"8/25/2020 7:56:58 AM"
"546",139186,"7/1/2013 12:00:00 AM","WCS","$US/bbl",90.5,"8/25/2020 7:56:58 AM"
"547",139187,"8/1/2013 12:00:00 AM","WCS","$US/bbl",90.97,"8/25/2020 7:56:58 AM"
"548",139188,"9/1/2013 12:00:00 AM","WCS","$US/bbl",83.57,"8/25/2020 7:56:58 AM"
"549",139189,"10/1/2013 12:00:00 AM","WCS","$US/bbl",74.21,"8/25/2020 7:56:58 AM"
"550",139190,"11/1/2013 12:00:00 AM","WCS","$US/bbl",62.62,"8/25/2020 7:56:58 AM"
"551",139191,"12/1/2013 12:00:00 AM","WCS","$US/bbl",58.95,"8/25/2020 7:56:58 AM"
"552",139192,"1/1/2014 12:00:00 AM","WCS","$US/bbl",65.69,"8/25/2020 7:56:58 AM"
"553",139193,"2/1/2014 12:00:00 AM","WCS","$US/bbl",81.54,"8/25/2020 7:56:58 AM"
"554",139194,"3/1/2014 12:00:00 AM","WCS","$US/bbl",79.42,"8/25/2020 7:56:58 AM"
"555",139195,"4/1/2014 12:00:00 AM","WCS","$US/bbl",79.56,"8/25/2020 7:56:58 AM"
"556",139196,"5/1/2014 12:00:00 AM","WCS","$US/bbl",82.72,"8/25/2020 7:56:58 AM"
"557",139197,"6/1/2014 12:00:00 AM","WCS","$US/bbl",86.56,"8/25/2020 7:56:58 AM"
"558",139198,"7/1/2014 12:00:00 AM","WCS","$US/bbl",82.73,"8/25/2020 7:56:58 AM"
"559",139199,"8/1/2014 12:00:00 AM","WCS","$US/bbl",73.89,"8/25/2020 7:56:58 AM"
"560",139200,"9/1/2014 12:00:00 AM","WCS","$US/bbl",74.35,"8/25/2020 7:56:58 AM"
"561",139201,"10/1/2014 12:00:00 AM","WCS","$US/bbl",70.6,"8/25/2020 7:56:58 AM"
"562",139202,"11/1/2014 12:00:00 AM","WCS","$US/bbl",62.87,"8/25/2020 7:56:58 AM"
"563",139203,"12/1/2014 12:00:00 AM","WCS","$US/bbl",43.24,"8/25/2020 7:56:58 AM"
"564",139204,"1/1/2015 12:00:00 AM","WCS","$US/bbl",30.43,"8/25/2020 7:56:58 AM"
"565",139205,"2/1/2015 12:00:00 AM","WCS","$US/bbl",36.52,"8/25/2020 7:56:58 AM"
"566",139206,"3/1/2015 12:00:00 AM","WCS","$US/bbl",34.76,"8/25/2020 7:56:58 AM"
"567",139207,"4/1/2015 12:00:00 AM","WCS","$US/bbl",40.26,"8/25/2020 7:56:58 AM"
"568",139208,"5/1/2015 12:00:00 AM","WCS","$US/bbl",47.5,"8/25/2020 7:56:58 AM"
"569",139209,"6/1/2015 12:00:00 AM","WCS","$US/bbl",51.29,"8/25/2020 7:56:58 AM"
"570",139210,"7/1/2015 12:00:00 AM","WCS","$US/bbl",43.49,"8/25/2020 7:56:58 AM"
"571",139211,"8/1/2015 12:00:00 AM","WCS","$US/bbl",29.48,"8/25/2020 7:56:58 AM"
"572",139212,"9/1/2015 12:00:00 AM","WCS","$US/bbl",26.5,"8/25/2020 7:56:58 AM"
"573",139213,"10/1/2015 12:00:00 AM","WCS","$US/bbl",32.78,"8/25/2020 7:56:58 AM"
"574",139214,"11/1/2015 12:00:00 AM","WCS","$US/bbl",27.78,"8/25/2020 7:56:58 AM"
"575",139215,"12/1/2015 12:00:00 AM","WCS","$US/bbl",22.51,"8/25/2020 7:56:58 AM"
"576",139216,"1/1/2016 12:00:00 AM","WCS","$US/bbl",17.88,"8/25/2020 7:56:58 AM"
"577",139217,"2/1/2016 12:00:00 AM","WCS","$US/bbl",16.3,"8/25/2020 7:56:58 AM"
"578",139218,"3/1/2016 12:00:00 AM","WCS","$US/bbl",23.46,"8/25/2020 7:56:58 AM"
"579",139219,"4/1/2016 12:00:00 AM","WCS","$US/bbl",27.88,"8/25/2020 7:56:58 AM"
"580",139220,"5/1/2016 12:00:00 AM","WCS","$US/bbl",32.52,"8/25/2020 7:56:58 AM"
"581",139221,"6/1/2016 12:00:00 AM","WCS","$US/bbl",36.47,"8/25/2020 7:56:58 AM"
"582",139222,"7/1/2016 12:00:00 AM","WCS","$US/bbl",32.8,"8/25/2020 7:56:58 AM"
"583",139223,"8/1/2016 12:00:00 AM","WCS","$US/bbl",30.9,"8/25/2020 7:56:58 AM"
"584",139224,"9/1/2016 12:00:00 AM","WCS","$US/bbl",30.62,"8/25/2020 7:56:58 AM"
"585",139225,"10/1/2016 12:00:00 AM","WCS","$US/bbl",35.83,"8/25/2020 7:56:58 AM"
"586",139226,"11/1/2016 12:00:00 AM","WCS","$US/bbl",31.89,"8/25/2020 7:56:58 AM"
"587",139227,"12/1/2016 12:00:00 AM","WCS","$US/bbl",37.18,"8/25/2020 7:56:58 AM"
"588",139228,"1/1/2017 12:00:00 AM","WCS","$US/bbl",37.19,"8/25/2020 7:56:58 AM"
"589",139229,"2/1/2017 12:00:00 AM","WCS","$US/bbl",39.14,"8/25/2020 7:56:58 AM"
"590",139230,"3/1/2017 12:00:00 AM","WCS","$US/bbl",35.68,"8/25/2020 7:56:58 AM"
"591",139231,"4/1/2017 12:00:00 AM","WCS","$US/bbl",36.84,"8/25/2020 7:56:58 AM"
"592",139232,"5/1/2017 12:00:00 AM","WCS","$US/bbl",38.84,"8/25/2020 7:56:58 AM"
"593",139233,"6/1/2017 12:00:00 AM","WCS","$US/bbl",35.8,"8/25/2020 7:56:58 AM"
"594",139234,"7/1/2017 12:00:00 AM","WCS","$US/bbl",36.37,"8/25/2020 7:56:58 AM"
"595",139235,"8/1/2017 12:00:00 AM","WCS","$US/bbl",38.5,"8/25/2020 7:56:58 AM"
"596",139236,"9/1/2017 12:00:00 AM","WCS","$US/bbl",39.93,"8/25/2020 7:56:58 AM"
"597",139237,"10/1/2017 12:00:00 AM","WCS","$US/bbl",39.87,"8/25/2020 7:56:58 AM"
"598",139238,"11/1/2017 12:00:00 AM","WCS","$US/bbl",45.52,"8/25/2020 7:56:58 AM"
"599",139239,"12/1/2017 12:00:00 AM","WCS","$US/bbl",44.02,"8/25/2020 7:56:58 AM"
"600",139240,"1/1/2018 12:00:00 AM","WCS","$US/bbl",42.53,"8/25/2020 7:56:58 AM"
"601",139241,"2/1/2018 12:00:00 AM","WCS","$US/bbl",37.72,"8/25/2020 7:56:58 AM"
"602",139242,"3/1/2018 12:00:00 AM","WCS","$US/bbl",35.53,"8/25/2020 7:56:58 AM"
"603",139243,"4/1/2018 12:00:00 AM","WCS","$US/bbl",40.47,"8/25/2020 7:56:58 AM"
"604",139244,"5/1/2018 12:00:00 AM","WCS","$US/bbl",53.25,"8/25/2020 7:56:58 AM"
"605",139245,"6/1/2018 12:00:00 AM","WCS","$US/bbl",52.1,"8/25/2020 7:56:58 AM"
"606",139246,"7/1/2018 12:00:00 AM","WCS","$US/bbl",52.83,"8/25/2020 7:56:58 AM"
"607",139247,"8/1/2018 12:00:00 AM","WCS","$US/bbl",48.55,"8/25/2020 7:56:58 AM"
"608",139248,"9/1/2018 12:00:00 AM","WCS","$US/bbl",40.37,"8/25/2020 7:56:58 AM"
"609",139249,"10/1/2018 12:00:00 AM","WCS","$US/bbl",41.15,"8/25/2020 7:56:58 AM"
"610",139250,"11/1/2018 12:00:00 AM","WCS","$US/bbl",11.03,"8/25/2020 7:56:58 AM"
"611",139251,"12/1/2018 12:00:00 AM","WCS","$US/bbl",5.97,"8/25/2020 7:56:58 AM"
"612",139252,"1/1/2019 12:00:00 AM","WCS","$US/bbl",34.3,"8/25/2020 7:56:58 AM"
"613",139253,"2/1/2019 12:00:00 AM","WCS","$US/bbl",45.33,"8/25/2020 7:56:58 AM"
"614",139254,"3/1/2019 12:00:00 AM","WCS","$US/bbl",48.21,"8/25/2020 7:56:58 AM"
"615",139255,"4/1/2019 12:00:00 AM","WCS","$US/bbl",53.25,"8/25/2020 7:56:58 AM"
"616",139256,"5/1/2019 12:00:00 AM","WCS","$US/bbl",52.44,"8/25/2020 7:56:58 AM"
"617",139257,"6/1/2019 12:00:00 AM","WCS","$US/bbl",41.74,"8/25/2020 7:56:58 AM"
"618",139258,"7/1/2019 12:00:00 AM","WCS","$US/bbl",44.7,"8/25/2020 7:56:58 AM"
"619",139259,"8/1/2019 12:00:00 AM","WCS","$US/bbl",43.1,"8/25/2020 7:56:58 AM"
"620",139260,"9/1/2019 12:00:00 AM","WCS","$US/bbl",44.84,"8/25/2020 7:56:58 AM"
"621",139261,"10/1/2019 12:00:00 AM","WCS","$US/bbl",41.96,"8/25/2020 7:56:58 AM"
"622",139262,"11/1/2019 12:00:00 AM","WCS","$US/bbl",42.32,"8/25/2020 7:56:58 AM"
"623",139263,"12/1/2019 12:00:00 AM","WCS","$US/bbl",39.11,"8/25/2020 7:56:58 AM"
"624",139264,"1/1/2020 12:00:00 AM","WCS","$US/bbl",36.82,"8/25/2020 7:56:58 AM"
"625",139265,"2/1/2020 12:00:00 AM","WCS","$US/bbl",27.28,"8/25/2020 7:56:58 AM"
"626",139266,"1/1/1988 12:00:00 AM","NatGas","$CDN/GJ",1.56,"8/25/2020 7:56:58 AM"
"627",139267,"2/1/1988 12:00:00 AM","NatGas","$CDN/GJ",1.63,"8/25/2020 7:56:58 AM"
"628",139268,"3/1/1988 12:00:00 AM","NatGas","$CDN/GJ",1.6,"8/25/2020 7:56:58 AM"
"629",139269,"4/1/1988 12:00:00 AM","NatGas","$CDN/GJ",1.53,"8/25/2020 7:56:58 AM"
"630",139270,"5/1/1988 12:00:00 AM","NatGas","$CDN/GJ",1.48,"8/25/2020 7:56:58 AM"
"631",139271,"6/1/1988 12:00:00 AM","NatGas","$CDN/GJ",1.46,"8/25/2020 7:56:58 AM"
"632",139272,"7/1/1988 12:00:00 AM","NatGas","$CDN/GJ",1.53,"8/25/2020 7:56:58 AM"
"633",139273,"8/1/1988 12:00:00 AM","NatGas","$CDN/GJ",1.53,"8/25/2020 7:56:58 AM"
"634",139274,"9/1/1988 12:00:00 AM","NatGas","$CDN/GJ",1.53,"8/25/2020 7:56:58 AM"
"635",139275,"10/1/1988 12:00:00 AM","NatGas","$CDN/GJ",1.55,"8/25/2020 7:56:58 AM"
"636",139276,"11/1/1988 12:00:00 AM","NatGas","$CDN/GJ",1.59,"8/25/2020 7:56:58 AM"
"637",139277,"12/1/1988 12:00:00 AM","NatGas","$CDN/GJ",1.61,"8/25/2020 7:56:58 AM"
"638",139278,"1/1/1989 12:00:00 AM","NatGas","$CDN/GJ",1.62,"8/25/2020 7:56:58 AM"
"639",139279,"2/1/1989 12:00:00 AM","NatGas","$CDN/GJ",1.62,"8/25/2020 7:56:58 AM"
"640",139280,"3/1/1989 12:00:00 AM","NatGas","$CDN/GJ",1.58,"8/25/2020 7:56:58 AM"
"641",139281,"4/1/1989 12:00:00 AM","NatGas","$CDN/GJ",1.55,"8/25/2020 7:56:58 AM"
"642",139282,"5/1/1989 12:00:00 AM","NatGas","$CDN/GJ",1.54,"8/25/2020 7:56:58 AM"
"643",139283,"6/1/1989 12:00:00 AM","NatGas","$CDN/GJ",1.5,"8/25/2020 7:56:58 AM"
"644",139284,"7/1/1989 12:00:00 AM","NatGas","$CDN/GJ",1.46,"8/25/2020 7:56:58 AM"
"645",139285,"8/1/1989 12:00:00 AM","NatGas","$CDN/GJ",1.46,"8/25/2020 7:56:58 AM"
"646",139286,"9/1/1989 12:00:00 AM","NatGas","$CDN/GJ",1.47,"8/25/2020 7:56:58 AM"
"647",139287,"10/1/1989 12:00:00 AM","NatGas","$CDN/GJ",1.47,"8/25/2020 7:56:58 AM"
"648",139288,"11/1/1989 12:00:00 AM","NatGas","$CDN/GJ",1.52,"8/25/2020 7:56:58 AM"
"649",139289,"12/1/1989 12:00:00 AM","NatGas","$CDN/GJ",1.55,"8/25/2020 7:56:58 AM"
"650",139290,"1/1/1990 12:00:00 AM","NatGas","$CDN/GJ",1.62,"8/25/2020 7:56:58 AM"
"651",139291,"2/1/1990 12:00:00 AM","NatGas","$CDN/GJ",1.64,"8/25/2020 7:56:58 AM"
"652",139292,"3/1/1990 12:00:00 AM","NatGas","$CDN/GJ",1.59,"8/25/2020 7:56:58 AM"
"653",139293,"4/1/1990 12:00:00 AM","NatGas","$CDN/GJ",1.53,"8/25/2020 7:56:58 AM"
"654",139294,"5/1/1990 12:00:00 AM","NatGas","$CDN/GJ",1.55,"8/25/2020 7:56:58 AM"
"655",139295,"6/1/1990 12:00:00 AM","NatGas","$CDN/GJ",1.5,"8/25/2020 7:56:58 AM"
"656",139296,"7/1/1990 12:00:00 AM","NatGas","$CDN/GJ",1.5,"8/25/2020 7:56:58 AM"
"657",139297,"8/1/1990 12:00:00 AM","NatGas","$CDN/GJ",1.48,"8/25/2020 7:56:58 AM"
"658",139298,"9/1/1990 12:00:00 AM","NatGas","$CDN/GJ",1.48,"8/25/2020 7:56:58 AM"
"659",139299,"10/1/1990 12:00:00 AM","NatGas","$CDN/GJ",1.52,"8/25/2020 7:56:58 AM"
"660",139300,"11/1/1990 12:00:00 AM","NatGas","$CDN/GJ",1.58,"8/25/2020 7:56:58 AM"
"661",139301,"12/1/1990 12:00:00 AM","NatGas","$CDN/GJ",1.64,"8/25/2020 7:56:58 AM"
"662",139302,"1/1/1991 12:00:00 AM","NatGas","$CDN/GJ",1.64,"8/25/2020 7:56:58 AM"
"663",139303,"2/1/1991 12:00:00 AM","NatGas","$CDN/GJ",1.59,"8/25/2020 7:56:58 AM"
"664",139304,"3/1/1991 12:00:00 AM","NatGas","$CDN/GJ",1.49,"8/25/2020 7:56:58 AM"
"665",139305,"4/1/1991 12:00:00 AM","NatGas","$CDN/GJ",1.42,"8/25/2020 7:56:58 AM"
"666",139306,"5/1/1991 12:00:00 AM","NatGas","$CDN/GJ",1.38,"8/25/2020 7:56:58 AM"
"667",139307,"6/1/1991 12:00:00 AM","NatGas","$CDN/GJ",1.3,"8/25/2020 7:56:58 AM"
"668",139308,"7/1/1991 12:00:00 AM","NatGas","$CDN/GJ",1.25,"8/25/2020 7:56:58 AM"
"669",139309,"8/1/1991 12:00:00 AM","NatGas","$CDN/GJ",1.18,"8/25/2020 7:56:58 AM"
"670",139310,"9/1/1991 12:00:00 AM","NatGas","$CDN/GJ",1.18,"8/25/2020 7:56:58 AM"
"671",139311,"10/1/1991 12:00:00 AM","NatGas","$CDN/GJ",1.22,"8/25/2020 7:56:58 AM"
"672",139312,"11/1/1991 12:00:00 AM","NatGas","$CDN/GJ",1.33,"8/25/2020 7:56:58 AM"
"673",139313,"12/1/1991 12:00:00 AM","NatGas","$CDN/GJ",1.36,"8/25/2020 7:56:58 AM"
"674",139314,"1/1/1992 12:00:00 AM","NatGas","$CDN/GJ",1.36,"8/25/2020 7:56:58 AM"
"675",139315,"2/1/1992 12:00:00 AM","NatGas","$CDN/GJ",1.26,"8/25/2020 7:56:58 AM"
"676",139316,"3/1/1992 12:00:00 AM","NatGas","$CDN/GJ",1.22,"8/25/2020 7:56:58 AM"
"677",139317,"4/1/1992 12:00:00 AM","NatGas","$CDN/GJ",1.24,"8/25/2020 7:56:58 AM"
"678",139318,"5/1/1992 12:00:00 AM","NatGas","$CDN/GJ",1.26,"8/25/2020 7:56:58 AM"
"679",139319,"6/1/1992 12:00:00 AM","NatGas","$CDN/GJ",1.28,"8/25/2020 7:56:58 AM"
"680",139320,"7/1/1992 12:00:00 AM","NatGas","$CDN/GJ",1.21,"8/25/2020 7:56:58 AM"
"681",139321,"8/1/1992 12:00:00 AM","NatGas","$CDN/GJ",1.28,"8/25/2020 7:56:58 AM"
"682",139322,"9/1/1992 12:00:00 AM","NatGas","$CDN/GJ",1.28,"8/25/2020 7:56:58 AM"
"683",139323,"10/1/1992 12:00:00 AM","NatGas","$CDN/GJ",1.45,"8/25/2020 7:56:58 AM"
"684",139324,"11/1/1992 12:00:00 AM","NatGas","$CDN/GJ",1.45,"8/25/2020 7:56:58 AM"
"685",139325,"12/1/1992 12:00:00 AM","NatGas","$CDN/GJ",1.44,"8/25/2020 7:56:58 AM"
"686",139326,"1/1/1993 12:00:00 AM","NatGas","$CDN/GJ",1.46,"8/25/2020 7:56:58 AM"
"687",139327,"2/1/1993 12:00:00 AM","NatGas","$CDN/GJ",1.42,"8/25/2020 7:56:58 AM"
"688",139328,"3/1/1993 12:00:00 AM","NatGas","$CDN/GJ",1.47,"8/25/2020 7:56:58 AM"
"689",139329,"4/1/1993 12:00:00 AM","NatGas","$CDN/GJ",1.53,"8/25/2020 7:56:58 AM"
"690",139330,"5/1/1993 12:00:00 AM","NatGas","$CDN/GJ",1.59,"8/25/2020 7:56:58 AM"
"691",139331,"6/1/1993 12:00:00 AM","NatGas","$CDN/GJ",1.56,"8/25/2020 7:56:58 AM"
"692",139332,"7/1/1993 12:00:00 AM","NatGas","$CDN/GJ",1.49,"8/25/2020 7:56:58 AM"
"693",139333,"8/1/1993 12:00:00 AM","NatGas","$CDN/GJ",1.5,"8/25/2020 7:56:58 AM"
"694",139334,"9/1/1993 12:00:00 AM","NatGas","$CDN/GJ",1.55,"8/25/2020 7:56:58 AM"
"695",139335,"10/1/1993 12:00:00 AM","NatGas","$CDN/GJ",1.56,"8/25/2020 7:56:58 AM"
"696",139336,"11/1/1993 12:00:00 AM","NatGas","$CDN/GJ",1.87,"8/25/2020 7:56:58 AM"
"697",139337,"12/1/1993 12:00:00 AM","NatGas","$CDN/GJ",1.94,"8/25/2020 7:56:58 AM"
"698",139338,"1/1/1994 12:00:00 AM","NatGas","$CDN/GJ",1.93,"8/25/2020 7:56:58 AM"
"699",139339,"2/1/1994 12:00:00 AM","NatGas","$CDN/GJ",2.04,"8/25/2020 7:56:58 AM"
"700",139340,"3/1/1994 12:00:00 AM","NatGas","$CDN/GJ",2.07,"8/25/2020 7:56:58 AM"
"701",139341,"4/1/1994 12:00:00 AM","NatGas","$CDN/GJ",1.82,"8/25/2020 7:56:58 AM"
"702",139342,"5/1/1994 12:00:00 AM","NatGas","$CDN/GJ",1.8,"8/25/2020 7:56:58 AM"
"703",139343,"6/1/1994 12:00:00 AM","NatGas","$CDN/GJ",1.66,"8/25/2020 7:56:58 AM"
"704",139344,"7/1/1994 12:00:00 AM","NatGas","$CDN/GJ",1.73,"8/25/2020 7:56:58 AM"
"705",139345,"8/1/1994 12:00:00 AM","NatGas","$CDN/GJ",1.66,"8/25/2020 7:56:58 AM"
"706",139346,"9/1/1994 12:00:00 AM","NatGas","$CDN/GJ",1.5,"8/25/2020 7:56:58 AM"
"707",139347,"10/1/1994 12:00:00 AM","NatGas","$CDN/GJ",1.35,"8/25/2020 7:56:58 AM"
"708",139348,"11/1/1994 12:00:00 AM","NatGas","$CDN/GJ",1.53,"8/25/2020 7:56:58 AM"
"709",139349,"12/1/1994 12:00:00 AM","NatGas","$CDN/GJ",1.56,"8/25/2020 7:56:58 AM"
"710",139350,"1/1/1995 12:00:00 AM","NatGas","$CDN/GJ",1.39,"8/25/2020 7:56:58 AM"
"711",139351,"2/1/1995 12:00:00 AM","NatGas","$CDN/GJ",1.25,"8/25/2020 7:56:58 AM"
"712",139352,"3/1/1995 12:00:00 AM","NatGas","$CDN/GJ",1.2,"8/25/2020 7:56:58 AM"
"713",139353,"4/1/1995 12:00:00 AM","NatGas","$CDN/GJ",1.19,"8/25/2020 7:56:58 AM"
"714",139354,"5/1/1995 12:00:00 AM","NatGas","$CDN/GJ",1.25,"8/25/2020 7:56:58 AM"
"715",139355,"6/1/1995 12:00:00 AM","NatGas","$CDN/GJ",1.27,"8/25/2020 7:56:58 AM"
"716",139356,"7/1/1995 12:00:00 AM","NatGas","$CDN/GJ",1.1,"8/25/2020 7:56:58 AM"
"717",139357,"8/1/1995 12:00:00 AM","NatGas","$CDN/GJ",1.07,"8/25/2020 7:56:58 AM"
"718",139358,"9/1/1995 12:00:00 AM","NatGas","$CDN/GJ",1.2,"8/25/2020 7:56:58 AM"
"719",139359,"10/1/1995 12:00:00 AM","NatGas","$CDN/GJ",1.25,"8/25/2020 7:56:58 AM"
"720",139360,"11/1/1995 12:00:00 AM","NatGas","$CDN/GJ",1.29,"8/25/2020 7:56:58 AM"
"721",139361,"12/1/1995 12:00:00 AM","NatGas","$CDN/GJ",1.39,"8/25/2020 7:56:58 AM"
"722",139362,"1/1/1996 12:00:00 AM","NatGas","$CDN/GJ",1.62,"8/25/2020 7:56:58 AM"
"723",139363,"2/1/1996 12:00:00 AM","NatGas","$CDN/GJ",1.61,"8/25/2020 7:56:58 AM"
"724",139364,"3/1/1996 12:00:00 AM","NatGas","$CDN/GJ",1.6,"8/25/2020 7:56:58 AM"
"725",139365,"4/1/1996 12:00:00 AM","NatGas","$CDN/GJ",1.51,"8/25/2020 7:56:58 AM"
"726",139366,"5/1/1996 12:00:00 AM","NatGas","$CDN/GJ",1.41,"8/25/2020 7:56:58 AM"
"727",139367,"6/1/1996 12:00:00 AM","NatGas","$CDN/GJ",1.37,"8/25/2020 7:56:58 AM"
"728",139368,"7/1/1996 12:00:00 AM","NatGas","$CDN/GJ",1.38,"8/25/2020 7:56:58 AM"
"729",139369,"8/1/1996 12:00:00 AM","NatGas","$CDN/GJ",1.38,"8/25/2020 7:56:58 AM"
"730",139370,"9/1/1996 12:00:00 AM","NatGas","$CDN/GJ",1.2,"8/25/2020 7:56:58 AM"
"731",139371,"10/1/1996 12:00:00 AM","NatGas","$CDN/GJ",1.28,"8/25/2020 7:56:58 AM"
"732",139372,"11/1/1996 12:00:00 AM","NatGas","$CDN/GJ",1.79,"8/25/2020 7:56:58 AM"
"733",139373,"12/1/1996 12:00:00 AM","NatGas","$CDN/GJ",2.36,"8/25/2020 7:56:58 AM"
"734",139374,"1/1/1997 12:00:00 AM","NatGas","$CDN/GJ",2.77,"8/25/2020 7:56:58 AM"
"735",139375,"2/1/1997 12:00:00 AM","NatGas","$CDN/GJ",2.28,"8/25/2020 7:56:58 AM"
"736",139376,"3/1/1997 12:00:00 AM","NatGas","$CDN/GJ",1.39,"8/25/2020 7:56:58 AM"
"737",139377,"4/1/1997 12:00:00 AM","NatGas","$CDN/GJ",1.44,"8/25/2020 7:56:58 AM"
"738",139378,"5/1/1997 12:00:00 AM","NatGas","$CDN/GJ",1.57,"8/25/2020 7:56:58 AM"
"739",139379,"6/1/1997 12:00:00 AM","NatGas","$CDN/GJ",1.65,"8/25/2020 7:56:58 AM"
"740",139380,"7/1/1997 12:00:00 AM","NatGas","$CDN/GJ",1.59,"8/25/2020 7:56:58 AM"
"741",139381,"8/1/1997 12:00:00 AM","NatGas","$CDN/GJ",1.57,"8/25/2020 7:56:58 AM"
"742",139382,"9/1/1997 12:00:00 AM","NatGas","$CDN/GJ",1.73,"8/25/2020 7:56:58 AM"
"743",139383,"10/1/1997 12:00:00 AM","NatGas","$CDN/GJ",2.07,"8/25/2020 7:56:58 AM"
"744",139384,"11/1/1997 12:00:00 AM","NatGas","$CDN/GJ",2.37,"8/25/2020 7:56:58 AM"
"745",139385,"12/1/1997 12:00:00 AM","NatGas","$CDN/GJ",1.95,"8/25/2020 7:56:58 AM"
"746",139386,"1/1/1998 12:00:00 AM","NatGas","$CDN/GJ",1.8,"8/25/2020 7:56:58 AM"
"747",139387,"2/1/1998 12:00:00 AM","NatGas","$CDN/GJ",1.73,"8/25/2020 7:56:58 AM"
"748",139388,"3/1/1998 12:00:00 AM","NatGas","$CDN/GJ",1.71,"8/25/2020 7:56:58 AM"
"749",139389,"4/1/1998 12:00:00 AM","NatGas","$CDN/GJ",1.84,"8/25/2020 7:56:58 AM"
"750",139390,"5/1/1998 12:00:00 AM","NatGas","$CDN/GJ",1.84,"8/25/2020 7:56:58 AM"
"751",139391,"6/1/1998 12:00:00 AM","NatGas","$CDN/GJ",1.71,"8/25/2020 7:56:58 AM"
"752",139392,"7/1/1998 12:00:00 AM","NatGas","$CDN/GJ",1.83,"8/25/2020 7:56:58 AM"
"753",139393,"8/1/1998 12:00:00 AM","NatGas","$CDN/GJ",1.78,"8/25/2020 7:56:58 AM"
"754",139394,"9/1/1998 12:00:00 AM","NatGas","$CDN/GJ",1.56,"8/25/2020 7:56:58 AM"
"755",139395,"10/1/1998 12:00:00 AM","NatGas","$CDN/GJ",1.86,"8/25/2020 7:56:58 AM"
"756",139396,"11/1/1998 12:00:00 AM","NatGas","$CDN/GJ",2.19,"8/25/2020 7:56:58 AM"
"757",139397,"12/1/1998 12:00:00 AM","NatGas","$CDN/GJ",2.22,"8/25/2020 7:56:58 AM"
"758",139398,"1/1/1999 12:00:00 AM","NatGas","$CDN/GJ",2.04,"8/25/2020 7:56:58 AM"
"759",139399,"2/1/1999 12:00:00 AM","NatGas","$CDN/GJ",1.9,"8/25/2020 7:56:58 AM"
"760",139400,"3/1/1999 12:00:00 AM","NatGas","$CDN/GJ",1.8,"8/25/2020 7:56:58 AM"
"761",139401,"4/1/1999 12:00:00 AM","NatGas","$CDN/GJ",1.9,"8/25/2020 7:56:58 AM"
"762",139402,"5/1/1999 12:00:00 AM","NatGas","$CDN/GJ",2.21,"8/25/2020 7:56:58 AM"
"763",139403,"6/1/1999 12:00:00 AM","NatGas","$CDN/GJ",2.22,"8/25/2020 7:56:58 AM"
"764",139404,"7/1/1999 12:00:00 AM","NatGas","$CDN/GJ",2.33,"8/25/2020 7:56:58 AM"
"765",139405,"8/1/1999 12:00:00 AM","NatGas","$CDN/GJ",2.6,"8/25/2020 7:56:58 AM"
"766",139406,"9/1/1999 12:00:00 AM","NatGas","$CDN/GJ",2.86,"8/25/2020 7:56:58 AM"
"767",139407,"10/1/1999 12:00:00 AM","NatGas","$CDN/GJ",2.72,"8/25/2020 7:56:58 AM"
"768",139408,"11/1/1999 12:00:00 AM","NatGas","$CDN/GJ",3.06,"8/25/2020 7:56:58 AM"
"769",139409,"12/1/1999 12:00:00 AM","NatGas","$CDN/GJ",2.54,"8/25/2020 7:56:58 AM"
"770",139410,"1/1/2000 12:00:00 AM","NatGas","$CDN/GJ",2.5,"8/25/2020 7:56:58 AM"
"771",139411,"2/1/2000 12:00:00 AM","NatGas","$CDN/GJ",2.62,"8/25/2020 7:56:58 AM"
"772",139412,"3/1/2000 12:00:00 AM","NatGas","$CDN/GJ",2.72,"8/25/2020 7:56:58 AM"
"773",139413,"4/1/2000 12:00:00 AM","NatGas","$CDN/GJ",3.1,"8/25/2020 7:56:58 AM"
"774",139414,"5/1/2000 12:00:00 AM","NatGas","$CDN/GJ",3.35,"8/25/2020 7:56:58 AM"
"775",139415,"6/1/2000 12:00:00 AM","NatGas","$CDN/GJ",4.33,"8/25/2020 7:56:58 AM"
"776",139416,"7/1/2000 12:00:00 AM","NatGas","$CDN/GJ",4.42,"8/25/2020 7:56:58 AM"
"777",139417,"8/1/2000 12:00:00 AM","NatGas","$CDN/GJ",3.93,"8/25/2020 7:56:58 AM"
"778",139418,"9/1/2000 12:00:00 AM","NatGas","$CDN/GJ",4.66,"8/25/2020 7:56:58 AM"
"779",139419,"10/1/2000 12:00:00 AM","NatGas","$CDN/GJ",5.53,"8/25/2020 7:56:58 AM"
"780",139420,"11/1/2000 12:00:00 AM","NatGas","$CDN/GJ",5.79,"8/25/2020 7:56:58 AM"
"781",139421,"12/1/2000 12:00:00 AM","NatGas","$CDN/GJ",8.28,"8/25/2020 7:56:58 AM"
"782",139422,"1/1/2001 12:00:00 AM","NatGas","$CDN/GJ",11.21,"8/25/2020 7:56:58 AM"
"783",139423,"2/1/2001 12:00:00 AM","NatGas","$CDN/GJ",8.05,"8/25/2020 7:56:58 AM"
"784",139424,"3/1/2001 12:00:00 AM","NatGas","$CDN/GJ",6.48,"8/25/2020 7:56:58 AM"
"785",139425,"4/1/2001 12:00:00 AM","NatGas","$CDN/GJ",6.59,"8/25/2020 7:56:58 AM"
"786",139426,"5/1/2001 12:00:00 AM","NatGas","$CDN/GJ",5.74,"8/25/2020 7:56:58 AM"
"787",139427,"6/1/2001 12:00:00 AM","NatGas","$CDN/GJ",4.44,"8/25/2020 7:56:58 AM"
"788",139428,"7/1/2001 12:00:00 AM","NatGas","$CDN/GJ",3.75,"8/25/2020 7:56:58 AM"
"789",139429,"8/1/2001 12:00:00 AM","NatGas","$CDN/GJ",3.53,"8/25/2020 7:56:58 AM"
"790",139430,"9/1/2001 12:00:00 AM","NatGas","$CDN/GJ",2.76,"8/25/2020 7:56:58 AM"
"791",139431,"10/1/2001 12:00:00 AM","NatGas","$CDN/GJ",2.4,"8/25/2020 7:56:58 AM"
"792",139432,"11/1/2001 12:00:00 AM","NatGas","$CDN/GJ",3.33,"8/25/2020 7:56:58 AM"
"793",139433,"12/1/2001 12:00:00 AM","NatGas","$CDN/GJ",3.2,"8/25/2020 7:56:58 AM"
"794",139434,"1/1/2002 12:00:00 AM","NatGas","$CDN/GJ",3.17,"8/25/2020 7:56:58 AM"
"795",139435,"2/1/2002 12:00:00 AM","NatGas","$CDN/GJ",2.71,"8/25/2020 7:56:58 AM"
"796",139436,"3/1/2002 12:00:00 AM","NatGas","$CDN/GJ",3.23,"8/25/2020 7:56:58 AM"
"797",139437,"4/1/2002 12:00:00 AM","NatGas","$CDN/GJ",3.91,"8/25/2020 7:56:58 AM"
"798",139438,"5/1/2002 12:00:00 AM","NatGas","$CDN/GJ",3.91,"8/25/2020 7:56:58 AM"
"799",139439,"6/1/2002 12:00:00 AM","NatGas","$CDN/GJ",3.54,"8/25/2020 7:56:58 AM"
"800",139440,"7/1/2002 12:00:00 AM","NatGas","$CDN/GJ",3.17,"8/25/2020 7:56:58 AM"
"801",139441,"8/1/2002 12:00:00 AM","NatGas","$CDN/GJ",2.93,"8/25/2020 7:56:58 AM"
"802",139442,"9/1/2002 12:00:00 AM","NatGas","$CDN/GJ",3.51,"8/25/2020 7:56:58 AM"
"803",139443,"10/1/2002 12:00:00 AM","NatGas","$CDN/GJ",4.27,"8/25/2020 7:56:58 AM"
"804",139444,"11/1/2002 12:00:00 AM","NatGas","$CDN/GJ",4.85,"8/25/2020 7:56:58 AM"
"805",139445,"12/1/2002 12:00:00 AM","NatGas","$CDN/GJ",4.94,"8/25/2020 7:56:58 AM"
"806",139446,"1/1/2003 12:00:00 AM","NatGas","$CDN/GJ",5.88,"8/25/2020 7:56:58 AM"
"807",139447,"2/1/2003 12:00:00 AM","NatGas","$CDN/GJ",6.83,"8/25/2020 7:56:58 AM"
"808",139448,"3/1/2003 12:00:00 AM","NatGas","$CDN/GJ",8.94,"8/25/2020 7:56:58 AM"
"809",139449,"4/1/2003 12:00:00 AM","NatGas","$CDN/GJ",5.88,"8/25/2020 7:56:58 AM"
"810",139450,"5/1/2003 12:00:00 AM","NatGas","$CDN/GJ",5.73,"8/25/2020 7:56:58 AM"
"811",139451,"6/1/2003 12:00:00 AM","NatGas","$CDN/GJ",5.93,"8/25/2020 7:56:58 AM"
"812",139452,"7/1/2003 12:00:00 AM","NatGas","$CDN/GJ",5.58,"8/25/2020 7:56:58 AM"
"813",139453,"8/1/2003 12:00:00 AM","NatGas","$CDN/GJ",5.08,"8/25/2020 7:56:58 AM"
"814",139454,"9/1/2003 12:00:00 AM","NatGas","$CDN/GJ",5.19,"8/25/2020 7:56:58 AM"
"815",139455,"10/1/2003 12:00:00 AM","NatGas","$CDN/GJ",4.92,"8/25/2020 7:56:58 AM"
"816",139456,"11/1/2003 12:00:00 AM","NatGas","$CDN/GJ",4.6,"8/25/2020 7:56:58 AM"
"817",139457,"12/1/2003 12:00:00 AM","NatGas","$CDN/GJ",5.11,"8/25/2020 7:56:58 AM"
"818",139458,"1/1/2004 12:00:00 AM","NatGas","$CDN/GJ",6.1,"8/25/2020 7:56:58 AM"
"819",139459,"2/1/2004 12:00:00 AM","NatGas","$CDN/GJ",5.83,"8/25/2020 7:56:58 AM"
"820",139460,"3/1/2004 12:00:00 AM","NatGas","$CDN/GJ",5.49,"8/25/2020 7:56:58 AM"
"821",139461,"4/1/2004 12:00:00 AM","NatGas","$CDN/GJ",5.64,"8/25/2020 7:56:58 AM"
"822",139462,"5/1/2004 12:00:00 AM","NatGas","$CDN/GJ",6.28,"8/25/2020 7:56:58 AM"
"823",139463,"6/1/2004 12:00:00 AM","NatGas","$CDN/GJ",6.47,"8/25/2020 7:56:58 AM"
"824",139464,"7/1/2004 12:00:00 AM","NatGas","$CDN/GJ",6.17,"8/25/2020 7:56:58 AM"
"825",139465,"8/1/2004 12:00:00 AM","NatGas","$CDN/GJ",5.99,"8/25/2020 7:56:58 AM"
"826",139466,"9/1/2004 12:00:00 AM","NatGas","$CDN/GJ",5.21,"8/25/2020 7:56:58 AM"
"827",139467,"10/1/2004 12:00:00 AM","NatGas","$CDN/GJ",5.29,"8/25/2020 7:56:58 AM"
"828",139468,"11/1/2004 12:00:00 AM","NatGas","$CDN/GJ",6.58,"8/25/2020 7:56:58 AM"
"829",139469,"12/1/2004 12:00:00 AM","NatGas","$CDN/GJ",6.7,"8/25/2020 7:56:58 AM"
"830",139470,"1/1/2005 12:00:00 AM","NatGas","$CDN/GJ",6.02,"8/25/2020 7:56:58 AM"
"831",139471,"2/1/2005 12:00:00 AM","NatGas","$CDN/GJ",5.94,"8/25/2020 7:56:58 AM"
"832",139472,"3/1/2005 12:00:00 AM","NatGas","$CDN/GJ",6.3,"8/25/2020 7:56:58 AM"
"833",139473,"4/1/2005 12:00:00 AM","NatGas","$CDN/GJ",6.79,"8/25/2020 7:56:58 AM"
"834",139474,"5/1/2005 12:00:00 AM","NatGas","$CDN/GJ",6.51,"8/25/2020 7:56:58 AM"
"835",139475,"6/1/2005 12:00:00 AM","NatGas","$CDN/GJ",6.34,"8/25/2020 7:56:58 AM"
"836",139476,"7/1/2005 12:00:00 AM","NatGas","$CDN/GJ",6.87,"8/25/2020 7:56:58 AM"
"837",139477,"8/1/2005 12:00:00 AM","NatGas","$CDN/GJ",7.45,"8/25/2020 7:56:58 AM"
"838",139478,"9/1/2005 12:00:00 AM","NatGas","$CDN/GJ",9.46,"8/25/2020 7:56:58 AM"
"839",139479,"10/1/2005 12:00:00 AM","NatGas","$CDN/GJ",11.38,"8/25/2020 7:56:58 AM"
"840",139480,"11/1/2005 12:00:00 AM","NatGas","$CDN/GJ",10.81,"8/25/2020 7:56:58 AM"
"841",139481,"12/1/2005 12:00:00 AM","NatGas","$CDN/GJ",10.54,"8/25/2020 7:56:58 AM"
"842",139482,"1/1/2006 12:00:00 AM","NatGas","$CDN/GJ",9.52,"8/25/2020 7:56:58 AM"
"843",139483,"2/1/2006 12:00:00 AM","NatGas","$CDN/GJ",7.38,"8/25/2020 7:56:58 AM"
"844",139484,"3/1/2006 12:00:00 AM","NatGas","$CDN/GJ",6.47,"8/25/2020 7:56:58 AM"
"845",139485,"4/1/2006 12:00:00 AM","NatGas","$CDN/GJ",6.18,"8/25/2020 7:56:58 AM"
"846",139486,"5/1/2006 12:00:00 AM","NatGas","$CDN/GJ",5.71,"8/25/2020 7:56:58 AM"
"847",139487,"6/1/2006 12:00:00 AM","NatGas","$CDN/GJ",5.29,"8/25/2020 7:56:58 AM"
"848",139488,"7/1/2006 12:00:00 AM","NatGas","$CDN/GJ",5.22,"8/25/2020 7:56:58 AM"
"849",139489,"8/1/2006 12:00:00 AM","NatGas","$CDN/GJ",5.84,"8/25/2020 7:56:58 AM"
"850",139490,"9/1/2006 12:00:00 AM","NatGas","$CDN/GJ",5.12,"8/25/2020 7:56:58 AM"
"851",139491,"10/1/2006 12:00:00 AM","NatGas","$CDN/GJ",4.4,"8/25/2020 7:56:58 AM"
"852",139492,"11/1/2006 12:00:00 AM","NatGas","$CDN/GJ",6.51,"8/25/2020 7:56:58 AM"
"853",139493,"12/1/2006 12:00:00 AM","NatGas","$CDN/GJ",7.05,"8/25/2020 7:56:58 AM"
"854",139494,"1/1/2007 12:00:00 AM","NatGas","$CDN/GJ",6.27,"8/25/2020 7:56:58 AM"
"855",139495,"2/1/2007 12:00:00 AM","NatGas","$CDN/GJ",6.82,"8/25/2020 7:56:58 AM"
"856",139496,"3/1/2007 12:00:00 AM","NatGas","$CDN/GJ",6.92,"8/25/2020 7:56:58 AM"
"857",139497,"4/1/2007 12:00:00 AM","NatGas","$CDN/GJ",6.74,"8/25/2020 7:56:58 AM"
"858",139498,"5/1/2007 12:00:00 AM","NatGas","$CDN/GJ",6.61,"8/25/2020 7:56:58 AM"
"859",139499,"6/1/2007 12:00:00 AM","NatGas","$CDN/GJ",6.21,"8/25/2020 7:56:58 AM"
"860",139500,"7/1/2007 12:00:00 AM","NatGas","$CDN/GJ",5.43,"8/25/2020 7:56:58 AM"
"861",139501,"8/1/2007 12:00:00 AM","NatGas","$CDN/GJ",4.81,"8/25/2020 7:56:58 AM"
"862",139502,"9/1/2007 12:00:00 AM","NatGas","$CDN/GJ",4.42,"8/25/2020 7:56:58 AM"
"863",139503,"10/1/2007 12:00:00 AM","NatGas","$CDN/GJ",6.96,"8/25/2020 7:56:58 AM"
"864",139504,"11/1/2007 12:00:00 AM","NatGas","$CDN/GJ",5.54,"8/25/2020 7:56:58 AM"
"865",139505,"12/1/2007 12:00:00 AM","NatGas","$CDN/GJ",5.85,"8/25/2020 7:56:58 AM"
"866",139506,"1/1/2008 12:00:00 AM","NatGas","$CDN/GJ",6.19,"8/25/2020 7:56:58 AM"
"867",139507,"2/1/2008 12:00:00 AM","NatGas","$CDN/GJ",6.72,"8/25/2020 7:56:58 AM"
"868",139508,"3/1/2008 12:00:00 AM","NatGas","$CDN/GJ",7.52,"8/25/2020 7:56:58 AM"
"869",139509,"4/1/2008 12:00:00 AM","NatGas","$CDN/GJ",8.11,"8/25/2020 7:56:58 AM"
"870",139510,"5/1/2008 12:00:00 AM","NatGas","$CDN/GJ",8.92,"8/25/2020 7:56:58 AM"
"871",139511,"6/1/2008 12:00:00 AM","NatGas","$CDN/GJ",9.87,"8/25/2020 7:56:58 AM"
"872",139512,"7/1/2008 12:00:00 AM","NatGas","$CDN/GJ",9.84,"8/25/2020 7:56:58 AM"
"873",139513,"8/1/2008 12:00:00 AM","NatGas","$CDN/GJ",7.35,"8/25/2020 7:56:58 AM"
"874",139514,"9/1/2008 12:00:00 AM","NatGas","$CDN/GJ",6.28,"8/25/2020 7:56:58 AM"
"875",139515,"10/1/2008 12:00:00 AM","NatGas","$CDN/GJ",6.27,"8/25/2020 7:56:58 AM"
"876",139516,"11/1/2008 12:00:00 AM","NatGas","$CDN/GJ",6.25,"8/25/2020 7:56:58 AM"
"877",139517,"12/1/2008 12:00:00 AM","NatGas","$CDN/GJ",6.36,"8/25/2020 7:56:58 AM"
"878",139518,"1/1/2009 12:00:00 AM","NatGas","$CDN/GJ",5.77,"8/25/2020 7:56:58 AM"
"879",139519,"2/1/2009 12:00:00 AM","NatGas","$CDN/GJ",4.66,"8/25/2020 7:56:58 AM"
"880",139520,"3/1/2009 12:00:00 AM","NatGas","$CDN/GJ",4.01,"8/25/2020 7:56:58 AM"
"881",139521,"4/1/2009 12:00:00 AM","NatGas","$CDN/GJ",3.41,"8/25/2020 7:56:58 AM"
"882",139522,"5/1/2009 12:00:00 AM","NatGas","$CDN/GJ",3.13,"8/25/2020 7:56:58 AM"
"883",139523,"6/1/2009 12:00:00 AM","NatGas","$CDN/GJ",2.97,"8/25/2020 7:56:58 AM"
"884",139524,"7/1/2009 12:00:00 AM","NatGas","$CDN/GJ",2.94,"8/25/2020 7:56:58 AM"
"885",139525,"8/1/2009 12:00:00 AM","NatGas","$CDN/GJ",2.72,"8/25/2020 7:56:58 AM"
"886",139526,"9/1/2009 12:00:00 AM","NatGas","$CDN/GJ",2.48,"8/25/2020 7:56:58 AM"
"887",139527,"10/1/2009 12:00:00 AM","NatGas","$CDN/GJ",3.4,"8/25/2020 7:56:58 AM"
"888",139528,"11/1/2009 12:00:00 AM","NatGas","$CDN/GJ",3.77,"8/25/2020 7:56:58 AM"
"889",139529,"12/1/2009 12:00:00 AM","NatGas","$CDN/GJ",4.51,"8/25/2020 7:56:58 AM"
"890",139530,"1/1/2010 12:00:00 AM","NatGas","$CDN/GJ",4.88,"8/25/2020 7:56:58 AM"
"891",139531,"2/1/2010 12:00:00 AM","NatGas","$CDN/GJ",4.68,"8/25/2020 7:56:58 AM"
"892",139532,"3/1/2010 12:00:00 AM","NatGas","$CDN/GJ",4.05,"8/25/2020 7:56:58 AM"
"893",139533,"4/1/2010 12:00:00 AM","NatGas","$CDN/GJ",3.26,"8/25/2020 7:56:58 AM"
"894",139534,"5/1/2010 12:00:00 AM","NatGas","$CDN/GJ",3.37,"8/25/2020 7:56:58 AM"
"895",139535,"6/1/2010 12:00:00 AM","NatGas","$CDN/GJ",3.49,"8/25/2020 7:56:58 AM"
"896",139536,"7/1/2010 12:00:00 AM","NatGas","$CDN/GJ",3.42,"8/25/2020 7:56:58 AM"
"897",139537,"8/1/2010 12:00:00 AM","NatGas","$CDN/GJ",3.25,"8/25/2020 7:56:58 AM"
"898",139538,"9/1/2010 12:00:00 AM","NatGas","$CDN/GJ",3.14,"8/25/2020 7:56:58 AM"
"899",139539,"10/1/2010 12:00:00 AM","NatGas","$CDN/GJ",2.92,"8/25/2020 7:56:58 AM"
"900",139540,"11/1/2010 12:00:00 AM","NatGas","$CDN/GJ",3.04,"8/25/2020 7:56:58 AM"
"901",139541,"12/1/2010 12:00:00 AM","NatGas","$CDN/GJ",3.34,"8/25/2020 7:56:58 AM"
"902",139542,"1/1/2011 12:00:00 AM","NatGas","$CDN/GJ",3.49,"8/25/2020 7:56:58 AM"
"903",139543,"2/1/2011 12:00:00 AM","NatGas","$CDN/GJ",3.4,"8/25/2020 7:56:58 AM"
"904",139544,"3/1/2011 12:00:00 AM","NatGas","$CDN/GJ",3.19,"8/25/2020 7:56:58 AM"
"905",139545,"4/1/2011 12:00:00 AM","NatGas","$CDN/GJ",3.3,"8/25/2020 7:56:58 AM"
"906",139546,"5/1/2011 12:00:00 AM","NatGas","$CDN/GJ",3.39,"8/25/2020 7:56:58 AM"
"907",139547,"6/1/2011 12:00:00 AM","NatGas","$CDN/GJ",3.51,"8/25/2020 7:56:58 AM"
"908",139548,"7/1/2011 12:00:00 AM","NatGas","$CDN/GJ",3.42,"8/25/2020 7:56:58 AM"
"909",139549,"8/1/2011 12:00:00 AM","NatGas","$CDN/GJ",3.32,"8/25/2020 7:56:58 AM"
"910",139550,"9/1/2011 12:00:00 AM","NatGas","$CDN/GJ",3.24,"8/25/2020 7:56:58 AM"
"911",139551,"10/1/2011 12:00:00 AM","NatGas","$CDN/GJ",3.17,"8/25/2020 7:56:58 AM"
"912",139552,"11/1/2011 12:00:00 AM","NatGas","$CDN/GJ",2.99,"8/25/2020 7:56:58 AM"
"913",139553,"12/1/2011 12:00:00 AM","NatGas","$CDN/GJ",2.92,"8/25/2020 7:56:58 AM"
"914",139554,"1/1/2012 12:00:00 AM","NatGas","$CDN/GJ",2.56,"8/25/2020 7:56:58 AM"
"915",139555,"2/1/2012 12:00:00 AM","NatGas","$CDN/GJ",2.13,"8/25/2020 7:56:58 AM"
"916",139556,"3/1/2012 12:00:00 AM","NatGas","$CDN/GJ",1.83,"8/25/2020 7:56:58 AM"
"917",139557,"4/1/2012 12:00:00 AM","NatGas","$CDN/GJ",1.63,"8/25/2020 7:56:58 AM"
"918",139558,"5/1/2012 12:00:00 AM","NatGas","$CDN/GJ",1.58,"8/25/2020 7:56:58 AM"
"919",139559,"6/1/2012 12:00:00 AM","NatGas","$CDN/GJ",1.75,"8/25/2020 7:56:58 AM"
"920",139560,"7/1/2012 12:00:00 AM","NatGas","$CDN/GJ",1.92,"8/25/2020 7:56:58 AM"
"921",139561,"8/1/2012 12:00:00 AM","NatGas","$CDN/GJ",2.05,"8/25/2020 7:56:58 AM"
"922",139562,"9/1/2012 12:00:00 AM","NatGas","$CDN/GJ",1.94,"8/25/2020 7:56:58 AM"
"923",139563,"10/1/2012 12:00:00 AM","NatGas","$CDN/GJ",2.36,"8/25/2020 7:56:58 AM"
"924",139564,"11/1/2012 12:00:00 AM","NatGas","$CDN/GJ",2.9,"8/25/2020 7:56:58 AM"
"925",139565,"12/1/2012 12:00:00 AM","NatGas","$CDN/GJ",2.98,"8/25/2020 7:56:58 AM"
"926",139566,"1/1/2013 12:00:00 AM","NatGas","$CDN/GJ",2.76,"8/25/2020 7:56:58 AM"
"927",139567,"2/1/2013 12:00:00 AM","NatGas","$CDN/GJ",2.69,"8/25/2020 7:56:58 AM"
"928",139568,"3/1/2013 12:00:00 AM","NatGas","$CDN/GJ",2.85,"8/25/2020 7:56:58 AM"
"929",139569,"4/1/2013 12:00:00 AM","NatGas","$CDN/GJ",3.14,"8/25/2020 7:56:58 AM"
"930",139570,"5/1/2013 12:00:00 AM","NatGas","$CDN/GJ",3.24,"8/25/2020 7:56:58 AM"
"931",139571,"6/1/2013 12:00:00 AM","NatGas","$CDN/GJ",3.17,"8/25/2020 7:56:58 AM"
"932",139572,"7/1/2013 12:00:00 AM","NatGas","$CDN/GJ",2.78,"8/25/2020 7:56:58 AM"
"933",139573,"8/1/2013 12:00:00 AM","NatGas","$CDN/GJ",2.37,"8/25/2020 7:56:58 AM"
"934",139574,"9/1/2013 12:00:00 AM","NatGas","$CDN/GJ",2.14,"8/25/2020 7:56:58 AM"
"935",139575,"10/1/2013 12:00:00 AM","NatGas","$CDN/GJ",2.49,"8/25/2020 7:56:58 AM"
"936",139576,"11/1/2013 12:00:00 AM","NatGas","$CDN/GJ",3.06,"8/25/2020 7:56:58 AM"
"937",139577,"12/1/2013 12:00:00 AM","NatGas","$CDN/GJ",3.22,"8/25/2020 7:56:58 AM"
"938",139578,"1/1/2014 12:00:00 AM","NatGas","$CDN/GJ",3.61,"8/25/2020 7:56:58 AM"
"939",139579,"2/1/2014 12:00:00 AM","NatGas","$CDN/GJ",5.2,"8/25/2020 7:56:58 AM"
"940",139580,"3/1/2014 12:00:00 AM","NatGas","$CDN/GJ",4.9,"8/25/2020 7:56:58 AM"
"941",139581,"4/1/2014 12:00:00 AM","NatGas","$CDN/GJ",4.21,"8/25/2020 7:56:58 AM"
"942",139582,"5/1/2014 12:00:00 AM","NatGas","$CDN/GJ",4.21,"8/25/2020 7:56:58 AM"
"943",139583,"6/1/2014 12:00:00 AM","NatGas","$CDN/GJ",4.17,"8/25/2020 7:56:58 AM"
"944",139584,"7/1/2014 12:00:00 AM","NatGas","$CDN/GJ",3.98,"8/25/2020 7:56:58 AM"
"945",139585,"8/1/2014 12:00:00 AM","NatGas","$CDN/GJ",3.63,"8/25/2020 7:56:58 AM"
"946",139586,"9/1/2014 12:00:00 AM","NatGas","$CDN/GJ",3.64,"8/25/2020 7:56:58 AM"
"947",139587,"10/1/2014 12:00:00 AM","NatGas","$CDN/GJ",3.57,"8/25/2020 7:56:58 AM"
"948",139588,"11/1/2014 12:00:00 AM","NatGas","$CDN/GJ",3.47,"8/25/2020 7:56:58 AM"
"949",139589,"12/1/2014 12:00:00 AM","NatGas","$CDN/GJ",3.39,"8/25/2020 7:56:58 AM"
"950",139590,"1/1/2015 12:00:00 AM","NatGas","$CDN/GJ",2.83,"8/25/2020 7:56:58 AM"
"951",139591,"2/1/2015 12:00:00 AM","NatGas","$CDN/GJ",2.51,"8/25/2020 7:56:58 AM"
"952",139592,"3/1/2015 12:00:00 AM","NatGas","$CDN/GJ",2.53,"8/25/2020 7:56:58 AM"
"953",139593,"4/1/2015 12:00:00 AM","NatGas","$CDN/GJ",2.3,"8/25/2020 7:56:58 AM"
"954",139594,"5/1/2015 12:00:00 AM","NatGas","$CDN/GJ",2.33,"8/25/2020 7:56:58 AM"
"955",139595,"6/1/2015 12:00:00 AM","NatGas","$CDN/GJ",2.36,"8/25/2020 7:56:58 AM"
"956",139596,"7/1/2015 12:00:00 AM","NatGas","$CDN/GJ",2.38,"8/25/2020 7:56:58 AM"
"957",139597,"8/1/2015 12:00:00 AM","NatGas","$CDN/GJ",2.56,"8/25/2020 7:56:58 AM"
"958",139598,"9/1/2015 12:00:00 AM","NatGas","$CDN/GJ",2.55,"8/25/2020 7:56:58 AM"
"959",139599,"10/1/2015 12:00:00 AM","NatGas","$CDN/GJ",2.4,"8/25/2020 7:56:58 AM"
"960",139600,"11/1/2015 12:00:00 AM","NatGas","$CDN/GJ",2.21,"8/25/2020 7:56:58 AM"
"961",139601,"12/1/2015 12:00:00 AM","NatGas","$CDN/GJ",2.12,"8/25/2020 7:56:58 AM"
"962",139602,"1/1/2016 12:00:00 AM","NatGas","$CDN/GJ",2.11,"8/25/2020 7:56:58 AM"
"963",139603,"2/1/2016 12:00:00 AM","NatGas","$CDN/GJ",1.82,"8/25/2020 7:56:58 AM"
"964",139604,"3/1/2016 12:00:00 AM","NatGas","$CDN/GJ",1.36,"8/25/2020 7:56:58 AM"
"965",139605,"4/1/2016 12:00:00 AM","NatGas","$CDN/GJ",1.11,"8/25/2020 7:56:58 AM"
"966",139606,"5/1/2016 12:00:00 AM","NatGas","$CDN/GJ",0.94,"8/25/2020 7:56:58 AM"
"967",139607,"6/1/2016 12:00:00 AM","NatGas","$CDN/GJ",1.23,"8/25/2020 7:56:58 AM"
"968",139608,"7/1/2016 12:00:00 AM","NatGas","$CDN/GJ",1.82,"8/25/2020 7:56:58 AM"
"969",139609,"8/1/2016 12:00:00 AM","NatGas","$CDN/GJ",1.82,"8/25/2020 7:56:58 AM"
"970",139610,"9/1/2016 12:00:00 AM","NatGas","$CDN/GJ",2.12,"8/25/2020 7:56:58 AM"
"971",139611,"10/1/2016 12:00:00 AM","NatGas","$CDN/GJ",2.41,"8/25/2020 7:56:58 AM"
"972",139612,"11/1/2016 12:00:00 AM","NatGas","$CDN/GJ",2.48,"8/25/2020 7:56:58 AM"
"973",139613,"12/1/2016 12:00:00 AM","NatGas","$CDN/GJ",2.75,"8/25/2020 7:56:58 AM"
"974",139614,"1/1/2017 12:00:00 AM","NatGas","$CDN/GJ",2.86,"8/25/2020 7:56:58 AM"
"975",139615,"2/1/2017 12:00:00 AM","NatGas","$CDN/GJ",2.39,"8/25/2020 7:56:58 AM"
"976",139616,"3/1/2017 12:00:00 AM","NatGas","$CDN/GJ",2.2,"8/25/2020 7:56:58 AM"
"977",139617,"4/1/2017 12:00:00 AM","NatGas","$CDN/GJ",2.34,"8/25/2020 7:56:58 AM"
"978",139618,"5/1/2017 12:00:00 AM","NatGas","$CDN/GJ",2.46,"8/25/2020 7:56:58 AM"
"979",139619,"6/1/2017 12:00:00 AM","NatGas","$CDN/GJ",2.39,"8/25/2020 7:56:58 AM"
"980",139620,"7/1/2017 12:00:00 AM","NatGas","$CDN/GJ",1.83,"8/25/2020 7:56:58 AM"
"981",139621,"8/1/2017 12:00:00 AM","NatGas","$CDN/GJ",1.72,"8/25/2020 7:56:58 AM"
"982",139622,"9/1/2017 12:00:00 AM","NatGas","$CDN/GJ",1.2,"8/25/2020 7:56:58 AM"
"983",139623,"10/1/2017 12:00:00 AM","NatGas","$CDN/GJ",1.11,"8/25/2020 7:56:58 AM"
"984",139624,"11/1/2017 12:00:00 AM","NatGas","$CDN/GJ",1.92,"8/25/2020 7:56:58 AM"
"985",139625,"12/1/2017 12:00:00 AM","NatGas","$CDN/GJ",1.82,"8/25/2020 7:56:58 AM"
"986",139626,"1/1/2018 12:00:00 AM","NatGas","$CDN/GJ",1.74,"8/25/2020 7:56:58 AM"
"987",139627,"2/1/2018 12:00:00 AM","NatGas","$CDN/GJ",1.76,"8/25/2020 7:56:58 AM"
"988",139628,"3/1/2018 12:00:00 AM","NatGas","$CDN/GJ",1.54,"8/25/2020 7:56:58 AM"
"989",139629,"4/1/2018 12:00:00 AM","NatGas","$CDN/GJ",1.26,"8/25/2020 7:56:58 AM"
"990",139630,"5/1/2018 12:00:00 AM","NatGas","$CDN/GJ",0.78,"8/25/2020 7:56:58 AM"
"991",139631,"6/1/2018 12:00:00 AM","NatGas","$CDN/GJ",0.75,"8/25/2020 7:56:58 AM"
"992",139632,"7/1/2018 12:00:00 AM","NatGas","$CDN/GJ",1.14,"8/25/2020 7:56:58 AM"
"993",139633,"8/1/2018 12:00:00 AM","NatGas","$CDN/GJ",0.94,"8/25/2020 7:56:58 AM"
"994",139634,"9/1/2018 12:00:00 AM","NatGas","$CDN/GJ",1.03,"8/25/2020 7:56:58 AM"
"995",139635,"10/1/2018 12:00:00 AM","NatGas","$CDN/GJ",1.21,"8/25/2020 7:56:58 AM"
"996",139636,"11/1/2018 12:00:00 AM","NatGas","$CDN/GJ",1.59,"8/25/2020 7:56:58 AM"
"997",139637,"12/1/2018 12:00:00 AM","NatGas","$CDN/GJ",1.69,"8/25/2020 7:56:58 AM"
"998",139638,"1/1/2019 12:00:00 AM","NatGas","$CDN/GJ",1.55,"8/25/2020 7:56:58 AM"
"999",139639,"2/1/2019 12:00:00 AM","NatGas","$CDN/GJ",2.1,"8/25/2020 7:56:58 AM"
"1000",139640,"3/1/2019 12:00:00 AM","NatGas","$CDN/GJ",1.99,"8/25/2020 7:56:58 AM"
"1001",139641,"4/1/2019 12:00:00 AM","NatGas","$CDN/GJ",0.91,"8/25/2020 7:56:58 AM"
"1002",139642,"5/1/2019 12:00:00 AM","NatGas","$CDN/GJ",1.22,"8/25/2020 7:56:58 AM"
"1003",139643,"6/1/2019 12:00:00 AM","NatGas","$CDN/GJ",0.55,"8/25/2020 7:56:58 AM"
"1004",139644,"7/1/2019 12:00:00 AM","NatGas","$CDN/GJ",0.87,"8/25/2020 7:56:58 AM"
"1005",139645,"8/1/2019 12:00:00 AM","NatGas","$CDN/GJ",0.82,"8/25/2020 7:56:58 AM"
"1006",139646,"9/1/2019 12:00:00 AM","NatGas","$CDN/GJ",0.76,"8/25/2020 7:56:58 AM"
"1007",139647,"10/1/2019 12:00:00 AM","NatGas","$CDN/GJ",1.63,"8/25/2020 7:56:58 AM"
"1008",139648,"11/1/2019 12:00:00 AM","NatGas","$CDN/GJ",2.19,"8/25/2020 7:56:58 AM"
"1009",139649,"12/1/2019 12:00:00 AM","NatGas","$CDN/GJ",2.22,"8/25/2020 7:56:58 AM"
"1010",139650,"1/1/2020 12:00:00 AM","NatGas","$CDN/GJ",2.06,"8/25/2020 7:56:58 AM"
"1011",139651,"2/1/2020 12:00:00 AM","NatGas","$CDN/GJ",1.79,"8/25/2020 7:56:58 AM"
"1012",139652,"3/1/2020 12:00:00 AM","WTI","$US/bbl",29.21,"8/25/2020 7:56:58 AM"
"1013",139653,"3/1/2020 12:00:00 AM","WCS","$US/bbl",12.84,"8/25/2020 7:56:58 AM"
"1014",139654,"4/1/2020 12:00:00 AM","WTI","$US/bbl",16.55,"8/25/2020 7:56:58 AM"
"1015",139655,"4/1/2020 12:00:00 AM","WCS","$US/bbl",3.5,"8/25/2020 7:56:58 AM"
"1016",139656,"3/1/2020 12:00:00 AM","NatGas","$CDN/GJ",1.6,"8/25/2020 7:56:58 AM"
"1017",139657,"4/1/2020 12:00:00 AM","NatGas","$CDN/GJ",1.56,"8/25/2020 7:56:58 AM"
"1018",139658,"5/1/2020 12:00:00 AM","WTI","$US/bbl",28.56,"8/25/2020 7:56:58 AM"
"1019",139659,"5/1/2020 12:00:00 AM","WCS","$US/bbl",11.67,"8/25/2020 7:56:58 AM"
"1020",139660,"6/1/2020 12:00:00 AM","WTI","$US/bbl",38.31,"8/25/2020 7:56:58 AM"
"1021",139661,"6/1/2020 12:00:00 AM","WCS","$US/bbl",33.97,"8/25/2020 7:56:58 AM"
"1022",139662,"5/1/2020 12:00:00 AM","NatGas","$CDN/GJ",1.66,"8/25/2020 7:56:58 AM"
"1023",139663,"7/1/2020 12:00:00 AM","WCS","$US/bbl",32.5,"8/25/2020 7:56:58 AM"
"1024",139664,"7/1/2020 12:00:00 AM","WTI","$US/bbl",40.71,"8/25/2020 7:56:58 AM"
"1025",139665,"6/1/2020 12:00:00 AM","NatGas","$CDN/GJ",1.65,"8/25/2020 7:56:58 AM"
