"","Id","When","Type","Alberta","ModifiedDate"
"1",75250,"1/1/2007 12:00:00 AM","Non-Conventional Oil",5604533.2,"8/21/2020 1:23:15 PM"
"2",75251,"1/1/2007 12:00:00 AM","Natural Gas",11802035900,"8/21/2020 1:23:15 PM"
"3",75252,"1/1/2007 12:00:00 AM","Conventional Oil",2707743.4,"8/21/2020 1:23:15 PM"
"4",75253,"2/1/2007 12:00:00 AM","Conventional Oil",2450594.2,"8/21/2020 1:23:15 PM"
"5",75254,"2/1/2007 12:00:00 AM","Non-Conventional Oil",5414892.8,"8/21/2020 1:23:15 PM"
"6",75255,"2/1/2007 12:00:00 AM","Natural Gas",10625649100,"8/21/2020 1:23:15 PM"
"7",75256,"3/1/2007 12:00:00 AM","Non-Conventional Oil",6082110.5,"8/21/2020 1:23:15 PM"
"8",75257,"3/1/2007 12:00:00 AM","Natural Gas",11857260000,"8/21/2020 1:23:15 PM"
"9",75258,"3/1/2007 12:00:00 AM","Conventional Oil",2703836.8,"8/21/2020 1:23:15 PM"
"10",75259,"4/1/2007 12:00:00 AM","Non-Conventional Oil",5463210.8,"8/21/2020 1:23:15 PM"
"11",75260,"4/1/2007 12:00:00 AM","Natural Gas",11494242300,"8/21/2020 1:23:15 PM"
"12",75261,"4/1/2007 12:00:00 AM","Conventional Oil",2567241.4,"8/21/2020 1:23:15 PM"
"13",75262,"5/1/2007 12:00:00 AM","Non-Conventional Oil",5460600.2,"8/21/2020 1:23:15 PM"
"14",75263,"5/1/2007 12:00:00 AM","Natural Gas",11691035100,"8/21/2020 1:23:15 PM"
"15",75264,"5/1/2007 12:00:00 AM","Conventional Oil",2614545.2,"8/21/2020 1:23:15 PM"
"16",75265,"6/1/2007 12:00:00 AM","Conventional Oil",2493203.4,"8/21/2020 1:23:15 PM"
"17",75266,"6/1/2007 12:00:00 AM","Non-Conventional Oil",5116667.3,"8/21/2020 1:23:15 PM"
"18",75267,"6/1/2007 12:00:00 AM","Natural Gas",10969959700,"8/21/2020 1:23:15 PM"
"19",75268,"7/1/2007 12:00:00 AM","Non-Conventional Oil",5897322.8,"8/21/2020 1:23:15 PM"
"20",75269,"7/1/2007 12:00:00 AM","Natural Gas",11288091400,"8/21/2020 1:23:15 PM"
"21",75270,"7/1/2007 12:00:00 AM","Conventional Oil",2587857.9,"8/21/2020 1:23:15 PM"
"22",75271,"8/1/2007 12:00:00 AM","Natural Gas",11454413900,"8/21/2020 1:23:15 PM"
"23",75272,"8/1/2007 12:00:00 AM","Conventional Oil",2625063.6,"8/21/2020 1:23:15 PM"
"24",75273,"8/1/2007 12:00:00 AM","Non-Conventional Oil",6563190.2,"8/21/2020 1:23:15 PM"
"25",75274,"9/1/2007 12:00:00 AM","Natural Gas",10837386100,"8/21/2020 1:23:15 PM"
"26",75275,"9/1/2007 12:00:00 AM","Conventional Oil",2542775.1,"8/21/2020 1:23:15 PM"
"27",75276,"9/1/2007 12:00:00 AM","Non-Conventional Oil",5958279.5,"8/21/2020 1:23:15 PM"
"28",75277,"10/1/2007 12:00:00 AM","Conventional Oil",2660162.3,"8/21/2020 1:23:15 PM"
"29",75278,"10/1/2007 12:00:00 AM","Natural Gas",11329483100,"8/21/2020 1:23:15 PM"
"30",75279,"10/1/2007 12:00:00 AM","Non-Conventional Oil",6261577.2,"8/21/2020 1:23:15 PM"
"31",75280,"11/1/2007 12:00:00 AM","Natural Gas",10838370800,"8/21/2020 1:23:15 PM"
"32",75281,"11/1/2007 12:00:00 AM","Non-Conventional Oil",5899203.4,"8/21/2020 1:23:15 PM"
"33",75282,"11/1/2007 12:00:00 AM","Conventional Oil",2582593.5,"8/21/2020 1:23:15 PM"
"34",75283,"12/1/2007 12:00:00 AM","Non-Conventional Oil",5368131.5,"8/21/2020 1:23:15 PM"
"35",75284,"12/1/2007 12:00:00 AM","Natural Gas",11183664700,"8/21/2020 1:23:15 PM"
"36",75285,"12/1/2007 12:00:00 AM","Conventional Oil",2653020.4,"8/21/2020 1:23:15 PM"
"37",75286,"1/1/2008 12:00:00 AM","Conventional Oil",2589269.4,"8/21/2020 1:23:15 PM"
"38",75287,"1/1/2008 12:00:00 AM","Natural Gas",10980935700,"8/21/2020 1:23:15 PM"
"39",75288,"1/1/2008 12:00:00 AM","Non-Conventional Oil",5891070,"8/21/2020 1:23:15 PM"
"40",75289,"2/1/2008 12:00:00 AM","Non-Conventional Oil",5334417.3,"8/21/2020 1:23:15 PM"
"41",75290,"2/1/2008 12:00:00 AM","Conventional Oil",2424163.9,"8/21/2020 1:23:15 PM"
"42",75291,"2/1/2008 12:00:00 AM","Natural Gas",10147513800,"8/21/2020 1:23:15 PM"
"43",75292,"3/1/2008 12:00:00 AM","Conventional Oil",2668296.6,"8/21/2020 1:23:15 PM"
"44",75293,"3/1/2008 12:00:00 AM","Natural Gas",11150199500,"8/21/2020 1:23:15 PM"
"45",75294,"3/1/2008 12:00:00 AM","Non-Conventional Oil",5844382.4,"8/21/2020 1:23:15 PM"
"46",75295,"4/1/2008 12:00:00 AM","Natural Gas",10919866200,"8/21/2020 1:23:15 PM"
"47",75296,"4/1/2008 12:00:00 AM","Conventional Oil",2539888.3,"8/21/2020 1:23:15 PM"
"48",75297,"4/1/2008 12:00:00 AM","Non-Conventional Oil",5363264,"8/21/2020 1:23:15 PM"
"49",75298,"5/1/2008 12:00:00 AM","Conventional Oil",2530247.2,"8/21/2020 1:23:15 PM"
"50",75299,"5/1/2008 12:00:00 AM","Non-Conventional Oil",5187830.4,"8/21/2020 1:23:15 PM"
"51",75300,"5/1/2008 12:00:00 AM","Natural Gas",10995861300,"8/21/2020 1:23:15 PM"
"52",75301,"6/1/2008 12:00:00 AM","Conventional Oil",2378587.6,"8/21/2020 1:23:15 PM"
"53",75302,"6/1/2008 12:00:00 AM","Non-Conventional Oil",5613894.4,"8/21/2020 1:23:15 PM"
"54",75303,"6/1/2008 12:00:00 AM","Natural Gas",10390330200,"8/21/2020 1:23:15 PM"
"55",75304,"7/1/2008 12:00:00 AM","Natural Gas",10952690100,"8/21/2020 1:23:15 PM"
"56",75305,"7/1/2008 12:00:00 AM","Conventional Oil",2526018.2,"8/21/2020 1:23:15 PM"
"57",75306,"7/1/2008 12:00:00 AM","Non-Conventional Oil",6236885.7,"8/21/2020 1:23:15 PM"
"58",75307,"8/1/2008 12:00:00 AM","Non-Conventional Oil",6355391.7,"8/21/2020 1:23:15 PM"
"59",75308,"8/1/2008 12:00:00 AM","Natural Gas",10860352600,"8/21/2020 1:23:15 PM"
"60",75309,"8/1/2008 12:00:00 AM","Conventional Oil",2538445.1,"8/21/2020 1:23:15 PM"
"61",75310,"9/1/2008 12:00:00 AM","Conventional Oil",2458040.1,"8/21/2020 1:23:15 PM"
"62",75311,"9/1/2008 12:00:00 AM","Natural Gas",10401685700,"8/21/2020 1:23:15 PM"
"63",75312,"9/1/2008 12:00:00 AM","Non-Conventional Oil",5779555.8,"8/21/2020 1:23:15 PM"
"64",75313,"10/1/2008 12:00:00 AM","Natural Gas",10722789700,"8/21/2020 1:23:15 PM"
"65",75314,"10/1/2008 12:00:00 AM","Conventional Oil",2555471.9,"8/21/2020 1:23:15 PM"
"66",75315,"10/1/2008 12:00:00 AM","Non-Conventional Oil",6021170.7,"8/21/2020 1:23:15 PM"
"67",75316,"11/1/2008 12:00:00 AM","Conventional Oil",2463236.5,"8/21/2020 1:23:15 PM"
"68",75317,"11/1/2008 12:00:00 AM","Non-Conventional Oil",6144194.3,"8/21/2020 1:23:15 PM"
"69",75318,"11/1/2008 12:00:00 AM","Natural Gas",10375347200,"8/21/2020 1:23:15 PM"
"70",75319,"12/1/2008 12:00:00 AM","Natural Gas",10337836500,"8/21/2020 1:23:15 PM"
"71",75320,"12/1/2008 12:00:00 AM","Conventional Oil",2462488.3,"8/21/2020 1:23:15 PM"
"72",75321,"12/1/2008 12:00:00 AM","Non-Conventional Oil",6259388.5,"8/21/2020 1:23:15 PM"
"73",75322,"1/1/2009 12:00:00 AM","Natural Gas",10364157300,"8/21/2020 1:23:15 PM"
"74",75323,"1/1/2009 12:00:00 AM","Conventional Oil",2427019.1,"8/21/2020 1:23:15 PM"
"75",75324,"1/1/2009 12:00:00 AM","Non-Conventional Oil",6188192.4,"8/21/2020 1:23:15 PM"
"76",75325,"2/1/2009 12:00:00 AM","Conventional Oil",2222681.9,"8/21/2020 1:23:15 PM"
"77",75326,"2/1/2009 12:00:00 AM","Non-Conventional Oil",5899431.6,"8/21/2020 1:23:15 PM"
"78",75327,"2/1/2009 12:00:00 AM","Natural Gas",9572810600,"8/21/2020 1:23:15 PM"
"79",75328,"3/1/2009 12:00:00 AM","Natural Gas",10485242000,"8/21/2020 1:23:15 PM"
"80",75329,"3/1/2009 12:00:00 AM","Conventional Oil",2413559.6,"8/21/2020 1:23:15 PM"
"81",75330,"3/1/2009 12:00:00 AM","Non-Conventional Oil",6214096,"8/21/2020 1:23:15 PM"
"82",75331,"4/1/2009 12:00:00 AM","Non-Conventional Oil",5631426.8,"8/21/2020 1:23:15 PM"
"83",75332,"4/1/2009 12:00:00 AM","Natural Gas",10344389600,"8/21/2020 1:23:15 PM"
"84",75333,"4/1/2009 12:00:00 AM","Conventional Oil",2311917.8,"8/21/2020 1:23:15 PM"
"85",75334,"5/1/2009 12:00:00 AM","Non-Conventional Oil",6180852.7,"8/21/2020 1:23:15 PM"
"86",75335,"5/1/2009 12:00:00 AM","Natural Gas",10300282300,"8/21/2020 1:23:15 PM"
"87",75336,"5/1/2009 12:00:00 AM","Conventional Oil",2299602.8,"8/21/2020 1:23:15 PM"
"88",75337,"6/1/2009 12:00:00 AM","Non-Conventional Oil",6488880.3,"8/21/2020 1:23:15 PM"
"89",75338,"6/1/2009 12:00:00 AM","Natural Gas",9932244200,"8/21/2020 1:23:15 PM"
"90",75339,"6/1/2009 12:00:00 AM","Conventional Oil",2219622,"8/21/2020 1:23:15 PM"
"91",75340,"7/1/2009 12:00:00 AM","Natural Gas",10157096800,"8/21/2020 1:23:15 PM"
"92",75341,"7/1/2009 12:00:00 AM","Conventional Oil",2308707.2,"8/21/2020 1:23:15 PM"
"93",75342,"7/1/2009 12:00:00 AM","Non-Conventional Oil",7067458,"8/21/2020 1:23:15 PM"
"94",75343,"8/1/2009 12:00:00 AM","Natural Gas",9984667000,"8/21/2020 1:23:15 PM"
"95",75344,"8/1/2009 12:00:00 AM","Conventional Oil",2319714.9,"8/21/2020 1:23:15 PM"
"96",75345,"8/1/2009 12:00:00 AM","Non-Conventional Oil",6849020.5,"8/21/2020 1:23:15 PM"
"97",75346,"9/1/2009 12:00:00 AM","Conventional Oil",2212676,"8/21/2020 1:23:15 PM"
"98",75347,"9/1/2009 12:00:00 AM","Non-Conventional Oil",6414893.1,"8/21/2020 1:23:15 PM"
"99",75348,"9/1/2009 12:00:00 AM","Natural Gas",9118634900,"8/21/2020 1:23:15 PM"
"100",75349,"10/1/2009 12:00:00 AM","Conventional Oil",2284811.5,"8/21/2020 1:23:15 PM"
"101",75350,"10/1/2009 12:00:00 AM","Non-Conventional Oil",6952096.3,"8/21/2020 1:23:15 PM"
"102",75351,"10/1/2009 12:00:00 AM","Natural Gas",9485261800,"8/21/2020 1:23:15 PM"
"103",75352,"11/1/2009 12:00:00 AM","Conventional Oil",2252494.5,"8/21/2020 1:23:15 PM"
"104",75353,"11/1/2009 12:00:00 AM","Non-Conventional Oil",7005668.5,"8/21/2020 1:23:15 PM"
"105",75354,"11/1/2009 12:00:00 AM","Natural Gas",9442642900,"8/21/2020 1:23:15 PM"
"106",75355,"12/1/2009 12:00:00 AM","Non-Conventional Oil",6560493.1,"8/21/2020 1:23:15 PM"
"107",75356,"12/1/2009 12:00:00 AM","Conventional Oil",2259351.5,"8/21/2020 1:23:15 PM"
"108",75357,"12/1/2009 12:00:00 AM","Natural Gas",9404811000,"8/21/2020 1:23:15 PM"
"109",75358,"1/1/2010 12:00:00 AM","Non-Conventional Oil",5968168.2,"8/21/2020 1:23:15 PM"
"110",75359,"1/1/2010 12:00:00 AM","Natural Gas",9587092300,"8/21/2020 1:23:15 PM"
"111",75360,"1/1/2010 12:00:00 AM","Conventional Oil",2278535.3,"8/21/2020 1:23:15 PM"
"112",75361,"2/1/2010 12:00:00 AM","Natural Gas",8787291700,"8/21/2020 1:23:15 PM"
"113",75362,"2/1/2010 12:00:00 AM","Conventional Oil",2108766.8,"8/21/2020 1:23:15 PM"
"114",75363,"2/1/2010 12:00:00 AM","Non-Conventional Oil",6238742.9,"8/21/2020 1:23:15 PM"
"115",75364,"3/1/2010 12:00:00 AM","Conventional Oil",2352116.8,"8/21/2020 1:23:15 PM"
"116",75365,"3/1/2010 12:00:00 AM","Non-Conventional Oil",6924355.2,"8/21/2020 1:23:15 PM"
"117",75366,"3/1/2010 12:00:00 AM","Natural Gas",9863017800,"8/21/2020 1:23:15 PM"
"118",75367,"4/1/2010 12:00:00 AM","Non-Conventional Oil",6700924.9,"8/21/2020 1:23:15 PM"
"119",75368,"4/1/2010 12:00:00 AM","Conventional Oil",2245983.6,"8/21/2020 1:23:15 PM"
"120",75369,"4/1/2010 12:00:00 AM","Natural Gas",9622388700,"8/21/2020 1:23:15 PM"
"121",75370,"5/1/2010 12:00:00 AM","Natural Gas",9790009400,"8/21/2020 1:23:15 PM"
"122",75371,"5/1/2010 12:00:00 AM","Non-Conventional Oil",7328029.1,"8/21/2020 1:23:15 PM"
"123",75372,"5/1/2010 12:00:00 AM","Conventional Oil",2304554.8,"8/21/2020 1:23:15 PM"
"124",75373,"6/1/2010 12:00:00 AM","Non-Conventional Oil",7340886.7,"8/21/2020 1:23:15 PM"
"125",75374,"6/1/2010 12:00:00 AM","Natural Gas",9112047000,"8/21/2020 1:23:15 PM"
"126",75375,"6/1/2010 12:00:00 AM","Conventional Oil",2192497.5,"8/21/2020 1:23:15 PM"
"127",75376,"7/1/2010 12:00:00 AM","Non-Conventional Oil",7571798.3,"8/21/2020 1:23:15 PM"
"128",75377,"7/1/2010 12:00:00 AM","Natural Gas",9584063800,"8/21/2020 1:23:15 PM"
"129",75378,"7/1/2010 12:00:00 AM","Conventional Oil",2286966.9,"8/21/2020 1:23:15 PM"
"130",75379,"8/1/2010 12:00:00 AM","Conventional Oil",2310148.6,"8/21/2020 1:23:15 PM"
"131",75380,"8/1/2010 12:00:00 AM","Natural Gas",9586635100,"8/21/2020 1:23:15 PM"
"132",75381,"8/1/2010 12:00:00 AM","Non-Conventional Oil",7486064.1,"8/21/2020 1:23:15 PM"
"133",75382,"9/1/2010 12:00:00 AM","Non-Conventional Oil",6638169.8,"8/21/2020 1:23:15 PM"
"134",75383,"9/1/2010 12:00:00 AM","Conventional Oil",2204683.1,"8/21/2020 1:23:15 PM"
"135",75384,"9/1/2010 12:00:00 AM","Natural Gas",8953293400,"8/21/2020 1:23:15 PM"
"136",75385,"10/1/2010 12:00:00 AM","Natural Gas",9294761500,"8/21/2020 1:23:15 PM"
"137",75386,"10/1/2010 12:00:00 AM","Non-Conventional Oil",7195056,"8/21/2020 1:23:15 PM"
"138",75387,"10/1/2010 12:00:00 AM","Conventional Oil",2333947,"8/21/2020 1:23:15 PM"
"139",75388,"11/1/2010 12:00:00 AM","Natural Gas",8801163600,"8/21/2020 1:23:15 PM"
"140",75389,"11/1/2010 12:00:00 AM","Conventional Oil",2306025,"8/21/2020 1:23:15 PM"
"141",75390,"11/1/2010 12:00:00 AM","Non-Conventional Oil",7759823,"8/21/2020 1:23:15 PM"
"142",75391,"12/1/2010 12:00:00 AM","Conventional Oil",2410320.1,"8/21/2020 1:23:15 PM"
"143",75392,"12/1/2010 12:00:00 AM","Non-Conventional Oil",8218928.7,"8/21/2020 1:23:15 PM"
"144",75393,"12/1/2010 12:00:00 AM","Natural Gas",9180499900,"8/21/2020 1:23:15 PM"
"145",75394,"1/1/2011 12:00:00 AM","Natural Gas",9074097300,"8/21/2020 1:23:15 PM"
"146",75395,"1/1/2011 12:00:00 AM","Conventional Oil",2380002.7,"8/21/2020 1:23:15 PM"
"147",75396,"1/1/2011 12:00:00 AM","Non-Conventional Oil",7744551.1,"8/21/2020 1:23:15 PM"
"148",75397,"2/1/2011 12:00:00 AM","Non-Conventional Oil",7148457,"8/21/2020 1:23:15 PM"
"149",75398,"2/1/2011 12:00:00 AM","Conventional Oil",2188150.2,"8/21/2020 1:23:15 PM"
"150",75399,"2/1/2011 12:00:00 AM","Natural Gas",8251698600,"8/21/2020 1:23:15 PM"
"151",75400,"3/1/2011 12:00:00 AM","Conventional Oil",2455478.1,"8/21/2020 1:23:15 PM"
"152",75401,"3/1/2011 12:00:00 AM","Non-Conventional Oil",7706970.7,"8/21/2020 1:23:15 PM"
"153",75402,"3/1/2011 12:00:00 AM","Natural Gas",9091712400,"8/21/2020 1:23:15 PM"
"154",75403,"4/1/2011 12:00:00 AM","Non-Conventional Oil",7445175.9,"8/21/2020 1:23:15 PM"
"155",75404,"4/1/2011 12:00:00 AM","Natural Gas",9104141800,"8/21/2020 1:23:15 PM"
"156",75405,"4/1/2011 12:00:00 AM","Conventional Oil",2395944.1,"8/21/2020 1:23:15 PM"
"157",75406,"5/1/2011 12:00:00 AM","Natural Gas",9051266800,"8/21/2020 1:23:15 PM"
"158",75407,"5/1/2011 12:00:00 AM","Conventional Oil",2298500.5,"8/21/2020 1:23:15 PM"
"159",75408,"5/1/2011 12:00:00 AM","Non-Conventional Oil",6595892.6,"8/21/2020 1:23:15 PM"
"160",75409,"6/1/2011 12:00:00 AM","Natural Gas",8796907500,"8/21/2020 1:23:15 PM"
"161",75410,"6/1/2011 12:00:00 AM","Conventional Oil",2219853.9,"8/21/2020 1:23:15 PM"
"162",75411,"6/1/2011 12:00:00 AM","Non-Conventional Oil",7248012.9,"8/21/2020 1:23:15 PM"
"163",75412,"7/1/2011 12:00:00 AM","Natural Gas",9156216300,"8/21/2020 1:23:15 PM"
"164",75413,"7/1/2011 12:00:00 AM","Non-Conventional Oil",8333780.3,"8/21/2020 1:23:15 PM"
"165",75414,"7/1/2011 12:00:00 AM","Conventional Oil",2344236.1,"8/21/2020 1:23:15 PM"
"166",75415,"8/1/2011 12:00:00 AM","Conventional Oil",2432271,"8/21/2020 1:23:15 PM"
"167",75416,"8/1/2011 12:00:00 AM","Natural Gas",9059126600,"8/21/2020 1:23:15 PM"
"168",75417,"8/1/2011 12:00:00 AM","Non-Conventional Oil",8773933.4,"8/21/2020 1:23:15 PM"
"169",75418,"9/1/2011 12:00:00 AM","Natural Gas",8632952800,"8/21/2020 1:23:15 PM"
"170",75419,"9/1/2011 12:00:00 AM","Non-Conventional Oil",8038588.3,"8/21/2020 1:23:15 PM"
"171",75420,"9/1/2011 12:00:00 AM","Conventional Oil",2437164.3,"8/21/2020 1:23:15 PM"
"172",75421,"10/1/2011 12:00:00 AM","Conventional Oil",2594440.2,"8/21/2020 1:23:15 PM"
"173",75422,"10/1/2011 12:00:00 AM","Non-Conventional Oil",8500593.3,"8/21/2020 1:23:15 PM"
"174",75423,"10/1/2011 12:00:00 AM","Natural Gas",8914243200,"8/21/2020 1:23:15 PM"
"175",75424,"11/1/2011 12:00:00 AM","Non-Conventional Oil",8015631.6,"8/21/2020 1:23:15 PM"
"176",75425,"11/1/2011 12:00:00 AM","Natural Gas",8859161600,"8/21/2020 1:23:15 PM"
"177",75426,"11/1/2011 12:00:00 AM","Conventional Oil",2597544.5,"8/21/2020 1:23:15 PM"
"178",75427,"12/1/2011 12:00:00 AM","Non-Conventional Oil",8699535.7,"8/21/2020 1:23:15 PM"
"179",75428,"12/1/2011 12:00:00 AM","Conventional Oil",2791461.7,"8/21/2020 1:23:15 PM"
"180",75429,"12/1/2011 12:00:00 AM","Natural Gas",9286980100,"8/21/2020 1:23:15 PM"
"181",75430,"1/1/2012 12:00:00 AM","Non-Conventional Oil",8781010.4,"8/21/2020 1:23:15 PM"
"182",75431,"1/1/2012 12:00:00 AM","Conventional Oil",2732441,"8/21/2020 1:23:15 PM"
"183",75432,"1/1/2012 12:00:00 AM","Natural Gas",8873359200,"8/21/2020 1:23:15 PM"
"184",75433,"2/1/2012 12:00:00 AM","Natural Gas",8348839900,"8/21/2020 1:23:15 PM"
"185",75434,"2/1/2012 12:00:00 AM","Conventional Oil",2619447.1,"8/21/2020 1:23:15 PM"
"186",75435,"2/1/2012 12:00:00 AM","Non-Conventional Oil",7956982.4,"8/21/2020 1:23:15 PM"
"187",75436,"3/1/2012 12:00:00 AM","Conventional Oil",2888108.6,"8/21/2020 1:23:15 PM"
"188",75437,"3/1/2012 12:00:00 AM","Natural Gas",8957755000,"8/21/2020 1:23:15 PM"
"189",75438,"3/1/2012 12:00:00 AM","Non-Conventional Oil",7949891.1,"8/21/2020 1:23:15 PM"
"190",75439,"4/1/2012 12:00:00 AM","Conventional Oil",2753463.4,"8/21/2020 1:23:15 PM"
"191",75440,"4/1/2012 12:00:00 AM","Natural Gas",8583941100,"8/21/2020 1:23:15 PM"
"192",75441,"4/1/2012 12:00:00 AM","Non-Conventional Oil",8197718.7,"8/21/2020 1:23:15 PM"
"193",75442,"5/1/2012 12:00:00 AM","Conventional Oil",2780625.7,"8/21/2020 1:23:15 PM"
"194",75443,"5/1/2012 12:00:00 AM","Non-Conventional Oil",8455655.8,"8/21/2020 1:23:15 PM"
"195",75444,"5/1/2012 12:00:00 AM","Natural Gas",8701638900,"8/21/2020 1:23:15 PM"
"196",75445,"6/1/2012 12:00:00 AM","Non-Conventional Oil",8342345.1,"8/21/2020 1:23:15 PM"
"197",75446,"6/1/2012 12:00:00 AM","Conventional Oil",2613764.1,"8/21/2020 1:23:15 PM"
"198",75447,"6/1/2012 12:00:00 AM","Natural Gas",8190368900,"8/21/2020 1:23:15 PM"
"199",75448,"7/1/2012 12:00:00 AM","Conventional Oil",2685879.5,"8/21/2020 1:23:15 PM"
"200",75449,"7/1/2012 12:00:00 AM","Natural Gas",8399085600,"8/21/2020 1:23:15 PM"
"201",75450,"7/1/2012 12:00:00 AM","Non-Conventional Oil",9327507.2,"8/21/2020 1:23:15 PM"
"202",75451,"8/1/2012 12:00:00 AM","Non-Conventional Oil",9228519.7,"8/21/2020 1:23:15 PM"
"203",75452,"8/1/2012 12:00:00 AM","Natural Gas",8344328600,"8/21/2020 1:23:15 PM"
"204",75453,"8/1/2012 12:00:00 AM","Conventional Oil",2715176.2,"8/21/2020 1:23:15 PM"
"205",75454,"9/1/2012 12:00:00 AM","Non-Conventional Oil",8539397,"8/21/2020 1:23:15 PM"
"206",75455,"9/1/2012 12:00:00 AM","Natural Gas",8029030100,"8/21/2020 1:23:15 PM"
"207",75456,"9/1/2012 12:00:00 AM","Conventional Oil",2667676.6,"8/21/2020 1:23:15 PM"
"208",75457,"10/1/2012 12:00:00 AM","Non-Conventional Oil",9044593.5,"8/21/2020 1:23:15 PM"
"209",75458,"10/1/2012 12:00:00 AM","Natural Gas",8446202900,"8/21/2020 1:23:15 PM"
"210",75459,"10/1/2012 12:00:00 AM","Conventional Oil",2851859.7,"8/21/2020 1:23:15 PM"
"211",75460,"11/1/2012 12:00:00 AM","Conventional Oil",2810820.2,"8/21/2020 1:23:15 PM"
"212",75461,"11/1/2012 12:00:00 AM","Natural Gas",8290892300,"8/21/2020 1:23:15 PM"
"213",75462,"11/1/2012 12:00:00 AM","Non-Conventional Oil",8820338.2,"8/21/2020 1:23:15 PM"
"214",75463,"12/1/2012 12:00:00 AM","Conventional Oil",2951518.5,"8/21/2020 1:23:15 PM"
"215",75464,"12/1/2012 12:00:00 AM","Non-Conventional Oil",9902794.6,"8/21/2020 1:23:15 PM"
"216",75465,"12/1/2012 12:00:00 AM","Natural Gas",8410643500,"8/21/2020 1:23:15 PM"
"217",75466,"1/1/2013 12:00:00 AM","Natural Gas",8740099100,"8/21/2020 1:23:15 PM"
"218",75467,"1/1/2013 12:00:00 AM","Conventional Oil",2915192,"8/21/2020 1:23:15 PM"
"219",75468,"1/1/2013 12:00:00 AM","Non-Conventional Oil",9550096,"8/21/2020 1:23:15 PM"
"220",75469,"2/1/2013 12:00:00 AM","Natural Gas",7962578700,"8/21/2020 1:23:15 PM"
"221",75470,"2/1/2013 12:00:00 AM","Conventional Oil",2715962.5,"8/21/2020 1:23:15 PM"
"222",75471,"2/1/2013 12:00:00 AM","Non-Conventional Oil",8597166.4,"8/21/2020 1:23:15 PM"
"223",75472,"3/1/2013 12:00:00 AM","Non-Conventional Oil",9670964.1,"8/21/2020 1:23:15 PM"
"224",75473,"3/1/2013 12:00:00 AM","Natural Gas",8526284300,"8/21/2020 1:23:15 PM"
"225",75474,"3/1/2013 12:00:00 AM","Conventional Oil",3020869.1,"8/21/2020 1:23:15 PM"
"226",75475,"4/1/2013 12:00:00 AM","Conventional Oil",2922439.8,"8/21/2020 1:23:15 PM"
"227",75476,"4/1/2013 12:00:00 AM","Non-Conventional Oil",8664912.2,"8/21/2020 1:23:15 PM"
"228",75477,"4/1/2013 12:00:00 AM","Natural Gas",8364788000,"8/21/2020 1:23:15 PM"
"229",75478,"5/1/2013 12:00:00 AM","Natural Gas",8526197000,"8/21/2020 1:23:15 PM"
"230",75479,"5/1/2013 12:00:00 AM","Non-Conventional Oil",7983656.4,"8/21/2020 1:23:15 PM"
"231",75480,"5/1/2013 12:00:00 AM","Conventional Oil",2955266.7,"8/21/2020 1:23:15 PM"
"232",75481,"6/1/2013 12:00:00 AM","Non-Conventional Oil",8635533.2,"8/21/2020 1:23:15 PM"
"233",75482,"6/1/2013 12:00:00 AM","Natural Gas",8083923000,"8/21/2020 1:23:15 PM"
"234",75483,"6/1/2013 12:00:00 AM","Conventional Oil",2790362.2,"8/21/2020 1:23:15 PM"
"235",75484,"7/1/2013 12:00:00 AM","Conventional Oil",2866765.6,"8/21/2020 1:23:15 PM"
"236",75485,"7/1/2013 12:00:00 AM","Non-Conventional Oil",9463548.1,"8/21/2020 1:23:15 PM"
"237",75486,"7/1/2013 12:00:00 AM","Natural Gas",8421280600,"8/21/2020 1:23:15 PM"
"238",75487,"8/1/2013 12:00:00 AM","Conventional Oil",2904370.2,"8/21/2020 1:23:15 PM"
"239",75488,"8/1/2013 12:00:00 AM","Natural Gas",8435552800,"8/21/2020 1:23:15 PM"
"240",75489,"8/1/2013 12:00:00 AM","Non-Conventional Oil",10341161.7,"8/21/2020 1:23:15 PM"
"241",75490,"9/1/2013 12:00:00 AM","Natural Gas",7980098100,"8/21/2020 1:23:15 PM"
"242",75491,"9/1/2013 12:00:00 AM","Conventional Oil",2790922.6,"8/21/2020 1:23:15 PM"
"243",75492,"9/1/2013 12:00:00 AM","Non-Conventional Oil",9431723.4,"8/21/2020 1:23:15 PM"
"244",75493,"10/1/2013 12:00:00 AM","Non-Conventional Oil",9978262.6,"8/21/2020 1:23:15 PM"
"245",75494,"10/1/2013 12:00:00 AM","Natural Gas",8453306300,"8/21/2020 1:23:15 PM"
"246",75495,"10/1/2013 12:00:00 AM","Conventional Oil",2944608.3,"8/21/2020 1:23:15 PM"
"247",75496,"11/1/2013 12:00:00 AM","Natural Gas",8178584100,"8/21/2020 1:23:15 PM"
"248",75497,"11/1/2013 12:00:00 AM","Non-Conventional Oil",10082113.1,"8/21/2020 1:23:15 PM"
"249",75498,"11/1/2013 12:00:00 AM","Conventional Oil",2876720.9,"8/21/2020 1:23:15 PM"
"250",75499,"12/1/2013 12:00:00 AM","Natural Gas",8461676700,"8/21/2020 1:23:15 PM"
"251",75500,"12/1/2013 12:00:00 AM","Conventional Oil",3013396.9,"8/21/2020 1:23:15 PM"
"252",75501,"12/1/2013 12:00:00 AM","Non-Conventional Oil",10607783.3,"8/21/2020 1:23:15 PM"
"253",75502,"1/1/2014 12:00:00 AM","Natural Gas",8572787800,"8/21/2020 1:23:15 PM"
"254",75503,"1/1/2014 12:00:00 AM","Non-Conventional Oil",10446214.4,"8/21/2020 1:23:15 PM"
"255",75504,"1/1/2014 12:00:00 AM","Conventional Oil",2994975.3,"8/21/2020 1:23:15 PM"
"256",75505,"2/1/2014 12:00:00 AM","Non-Conventional Oil",9331343.8,"8/21/2020 1:23:15 PM"
"257",75506,"2/1/2014 12:00:00 AM","Natural Gas",7660218400,"8/21/2020 1:23:15 PM"
"258",75507,"2/1/2014 12:00:00 AM","Conventional Oil",2727232.9,"8/21/2020 1:23:15 PM"
"259",75508,"3/1/2014 12:00:00 AM","Non-Conventional Oil",10693056.1,"8/21/2020 1:23:15 PM"
"260",75509,"3/1/2014 12:00:00 AM","Conventional Oil",3112810.9,"8/21/2020 1:23:15 PM"
"261",75510,"3/1/2014 12:00:00 AM","Natural Gas",8588898900,"8/21/2020 1:23:15 PM"
"262",75511,"4/1/2014 12:00:00 AM","Non-Conventional Oil",9891522.6,"8/21/2020 1:23:15 PM"
"263",75512,"4/1/2014 12:00:00 AM","Conventional Oil",3029087.6,"8/21/2020 1:23:15 PM"
"264",75513,"4/1/2014 12:00:00 AM","Natural Gas",8512610886,"8/21/2020 1:23:15 PM"
"265",75514,"5/1/2014 12:00:00 AM","Non-Conventional Oil",9961027.9,"8/21/2020 1:23:15 PM"
"266",75515,"5/1/2014 12:00:00 AM","Conventional Oil",3001481.2,"8/21/2020 1:23:15 PM"
"267",75516,"5/1/2014 12:00:00 AM","Natural Gas",8545923100,"8/21/2020 1:23:15 PM"
"268",75517,"6/1/2014 12:00:00 AM","Conventional Oil",2877738.5,"8/21/2020 1:23:15 PM"
"269",75518,"6/1/2014 12:00:00 AM","Natural Gas",8047224700,"8/21/2020 1:23:15 PM"
"270",75519,"6/1/2014 12:00:00 AM","Non-Conventional Oil",10180281.5,"8/21/2020 1:23:15 PM"
"271",75520,"7/1/2014 12:00:00 AM","Non-Conventional Oil",10735825.9,"8/21/2020 1:23:15 PM"
"272",75521,"7/1/2014 12:00:00 AM","Conventional Oil",2977729.8,"8/21/2020 1:23:15 PM"
"273",75522,"7/1/2014 12:00:00 AM","Natural Gas",8692806300,"8/21/2020 1:23:15 PM"
"274",75523,"8/1/2014 12:00:00 AM","Conventional Oil",3017995.3,"8/21/2020 1:23:15 PM"
"275",75524,"8/1/2014 12:00:00 AM","Non-Conventional Oil",10745034.3,"8/21/2020 1:23:15 PM"
"276",75525,"8/1/2014 12:00:00 AM","Natural Gas",8776658000,"8/21/2020 1:23:15 PM"
"277",75526,"9/1/2014 12:00:00 AM","Natural Gas",8184310800,"8/21/2020 1:23:15 PM"
"278",75527,"9/1/2014 12:00:00 AM","Non-Conventional Oil",10366186.3,"8/21/2020 1:23:15 PM"
"279",75528,"9/1/2014 12:00:00 AM","Conventional Oil",2880356.2,"8/21/2020 1:23:15 PM"
"280",75529,"10/1/2014 12:00:00 AM","Conventional Oil",3024697.1,"8/21/2020 1:23:15 PM"
"281",75530,"10/1/2014 12:00:00 AM","Non-Conventional Oil",11343763.9,"8/21/2020 1:23:15 PM"
"282",75531,"10/1/2014 12:00:00 AM","Natural Gas",9000472000,"8/21/2020 1:23:15 PM"
"283",75532,"11/1/2014 12:00:00 AM","Non-Conventional Oil",10648232.8,"8/21/2020 1:23:15 PM"
"284",75533,"11/1/2014 12:00:00 AM","Conventional Oil",2890350.8,"8/21/2020 1:23:15 PM"
"285",75534,"11/1/2014 12:00:00 AM","Natural Gas",8653529300,"8/21/2020 1:23:15 PM"
"286",75535,"12/1/2014 12:00:00 AM","Natural Gas",9153477100,"8/21/2020 1:23:15 PM"
"287",75536,"12/1/2014 12:00:00 AM","Non-Conventional Oil",11336684.6,"8/21/2020 1:23:15 PM"
"288",75537,"12/1/2014 12:00:00 AM","Conventional Oil",3045358.7,"8/21/2020 1:23:15 PM"
"289",75538,"1/1/2015 12:00:00 AM","Non-Conventional Oil",11628537.9,"8/21/2020 1:23:15 PM"
"290",75539,"1/1/2015 12:00:00 AM","Conventional Oil",2982698.3,"8/21/2020 1:23:15 PM"
"291",75540,"1/1/2015 12:00:00 AM","Natural Gas",9016730800,"8/21/2020 1:23:15 PM"
"292",75541,"2/1/2015 12:00:00 AM","Non-Conventional Oil",11011262,"8/21/2020 1:23:15 PM"
"293",75542,"2/1/2015 12:00:00 AM","Natural Gas",8247773500,"8/21/2020 1:23:15 PM"
"294",75543,"2/1/2015 12:00:00 AM","Conventional Oil",2681046.3,"8/21/2020 1:23:15 PM"
"295",75544,"3/1/2015 12:00:00 AM","Natural Gas",9090941400,"8/21/2020 1:23:15 PM"
"296",75545,"3/1/2015 12:00:00 AM","Conventional Oil",2889093,"8/21/2020 1:23:15 PM"
"297",75546,"3/1/2015 12:00:00 AM","Non-Conventional Oil",11959256.9,"8/21/2020 1:23:15 PM"
"298",75547,"4/1/2015 12:00:00 AM","Conventional Oil",2727872,"8/21/2020 1:23:15 PM"
"299",75548,"4/1/2015 12:00:00 AM","Non-Conventional Oil",10300090.7,"8/21/2020 1:23:15 PM"
"300",75549,"4/1/2015 12:00:00 AM","Natural Gas",8848310212,"8/21/2020 1:23:15 PM"
"301",75550,"5/1/2015 12:00:00 AM","Conventional Oil",2722692.4,"8/21/2020 1:23:15 PM"
"302",75551,"5/1/2015 12:00:00 AM","Natural Gas",8770126100,"8/21/2020 1:23:15 PM"
"303",75552,"5/1/2015 12:00:00 AM","Non-Conventional Oil",9738078.7,"8/21/2020 1:23:15 PM"
"304",75553,"6/1/2015 12:00:00 AM","Conventional Oil",2555805.5,"8/21/2020 1:23:15 PM"
"305",75554,"6/1/2015 12:00:00 AM","Non-Conventional Oil",10656352.1,"8/21/2020 1:23:15 PM"
"306",75555,"6/1/2015 12:00:00 AM","Natural Gas",8510411400,"8/21/2020 1:23:15 PM"
"307",75556,"7/1/2015 12:00:00 AM","Non-Conventional Oil",12674885.3,"8/21/2020 1:23:15 PM"
"308",75557,"7/1/2015 12:00:00 AM","Conventional Oil",2661151.8,"8/21/2020 1:23:15 PM"
"309",75558,"7/1/2015 12:00:00 AM","Natural Gas",8751321400,"8/21/2020 1:23:15 PM"
"310",75559,"8/1/2015 12:00:00 AM","Non-Conventional Oil",13232898,"8/21/2020 1:23:15 PM"
"311",75560,"8/1/2015 12:00:00 AM","Natural Gas",8602924900,"8/21/2020 1:23:15 PM"
"312",75561,"8/1/2015 12:00:00 AM","Conventional Oil",2618856,"8/21/2020 1:23:15 PM"
"313",75562,"9/1/2015 12:00:00 AM","Conventional Oil",2488144,"8/21/2020 1:23:15 PM"
"314",75563,"9/1/2015 12:00:00 AM","Natural Gas",8347117600,"8/21/2020 1:23:15 PM"
"315",75564,"9/1/2015 12:00:00 AM","Non-Conventional Oil",10543736.8,"8/21/2020 1:23:15 PM"
"316",75565,"10/1/2015 12:00:00 AM","Conventional Oil",2572278.3,"8/21/2020 1:23:15 PM"
"317",75566,"10/1/2015 12:00:00 AM","Non-Conventional Oil",11849586.4,"8/21/2020 1:23:15 PM"
"318",75567,"10/1/2015 12:00:00 AM","Natural Gas",8756993300,"8/21/2020 1:23:15 PM"
"319",75568,"11/1/2015 12:00:00 AM","Non-Conventional Oil",12005731,"8/21/2020 1:23:15 PM"
"320",75569,"11/1/2015 12:00:00 AM","Natural Gas",8656328600,"8/21/2020 1:23:15 PM"
"321",75570,"11/1/2015 12:00:00 AM","Conventional Oil",2495741.4,"8/21/2020 1:23:15 PM"
"322",75571,"12/1/2015 12:00:00 AM","Natural Gas",9134593000,"8/21/2020 1:23:15 PM"
"323",75572,"12/1/2015 12:00:00 AM","Conventional Oil",2552873,"8/21/2020 1:23:15 PM"
"324",75573,"12/1/2015 12:00:00 AM","Non-Conventional Oil",12612300.9,"8/21/2020 1:23:15 PM"
"325",75574,"1/1/2016 12:00:00 AM","Non-Conventional Oil",12488415.4,"8/21/2020 1:23:15 PM"
"326",75575,"1/1/2016 12:00:00 AM","Conventional Oil",2516116.9,"8/21/2020 1:23:15 PM"
"327",75576,"1/1/2016 12:00:00 AM","Natural Gas",9115988200,"8/21/2020 1:23:15 PM"
"328",75577,"2/1/2016 12:00:00 AM","Conventional Oil",2295291.3,"8/21/2020 1:23:15 PM"
"329",75578,"2/1/2016 12:00:00 AM","Non-Conventional Oil",11594999.9,"8/21/2020 1:23:15 PM"
"330",75579,"2/1/2016 12:00:00 AM","Natural Gas",8738144100,"8/21/2020 1:23:15 PM"
"331",75580,"3/1/2016 12:00:00 AM","Natural Gas",9237308700,"8/21/2020 1:23:15 PM"
"332",75581,"3/1/2016 12:00:00 AM","Non-Conventional Oil",12208942.7,"8/21/2020 1:23:15 PM"
"333",75582,"3/1/2016 12:00:00 AM","Conventional Oil",2537561.1,"8/21/2020 1:23:15 PM"
"334",75583,"4/1/2016 12:00:00 AM","Conventional Oil",2401173.7,"8/21/2020 1:23:15 PM"
"335",75584,"4/1/2016 12:00:00 AM","Non-Conventional Oil",10330178.2,"8/21/2020 1:23:15 PM"
"336",75585,"4/1/2016 12:00:00 AM","Natural Gas",8734040430,"8/21/2020 1:23:15 PM"
"337",75586,"5/1/2016 12:00:00 AM","Conventional Oil",2420363.6,"8/21/2020 1:23:15 PM"
"338",75587,"5/1/2016 12:00:00 AM","Non-Conventional Oil",7744318.7,"8/21/2020 1:23:15 PM"
"339",75588,"5/1/2016 12:00:00 AM","Natural Gas",8680566600,"8/21/2020 1:23:15 PM"
"340",75589,"6/1/2016 12:00:00 AM","Conventional Oil",2357896.7,"8/21/2020 1:23:15 PM"
"341",75590,"6/1/2016 12:00:00 AM","Natural Gas",8354547500,"8/21/2020 1:23:15 PM"
"342",75591,"6/1/2016 12:00:00 AM","Non-Conventional Oil",9177229.6,"8/21/2020 1:23:15 PM"
"343",75592,"7/1/2016 12:00:00 AM","Non-Conventional Oil",12137980,"8/21/2020 1:23:15 PM"
"344",75593,"7/1/2016 12:00:00 AM","Natural Gas",8775596400,"8/21/2020 1:23:15 PM"
"345",75594,"7/1/2016 12:00:00 AM","Conventional Oil",2423625.1,"8/21/2020 1:23:15 PM"
"346",75595,"8/1/2016 12:00:00 AM","Non-Conventional Oil",12767829.3,"8/21/2020 1:23:15 PM"
"347",75596,"8/1/2016 12:00:00 AM","Conventional Oil",2380641.2,"8/21/2020 1:23:15 PM"
"348",75597,"8/1/2016 12:00:00 AM","Natural Gas",8925258400,"8/21/2020 1:23:15 PM"
"349",75598,"9/1/2016 12:00:00 AM","Conventional Oil",2313272,"8/21/2020 1:23:15 PM"
"350",75599,"9/1/2016 12:00:00 AM","Non-Conventional Oil",12262825.9,"8/21/2020 1:23:15 PM"
"351",75600,"9/1/2016 12:00:00 AM","Natural Gas",8581672500,"8/21/2020 1:23:15 PM"
"352",75601,"10/1/2016 12:00:00 AM","Non-Conventional Oil",12989581.6,"8/21/2020 1:23:15 PM"
"353",75602,"10/1/2016 12:00:00 AM","Natural Gas",8727082000,"8/21/2020 1:23:15 PM"
"354",75603,"10/1/2016 12:00:00 AM","Conventional Oil",2312103.1,"8/21/2020 1:23:15 PM"
"355",75604,"11/1/2016 12:00:00 AM","Conventional Oil",2291035.3,"8/21/2020 1:23:15 PM"
"356",75605,"11/1/2016 12:00:00 AM","Non-Conventional Oil",13541955.7,"8/21/2020 1:23:15 PM"
"357",75606,"11/1/2016 12:00:00 AM","Natural Gas",8621788200,"8/21/2020 1:23:15 PM"
"358",75607,"12/1/2016 12:00:00 AM","Natural Gas",8924453700,"8/21/2020 1:23:15 PM"
"359",75608,"12/1/2016 12:00:00 AM","Conventional Oil",2372845.3,"8/21/2020 1:23:15 PM"
"360",75609,"12/1/2016 12:00:00 AM","Non-Conventional Oil",13230084.6,"8/21/2020 1:23:15 PM"
"361",75610,"1/1/2017 12:00:00 AM","Natural Gas",9083690900,"8/21/2020 1:23:15 PM"
"362",75611,"1/1/2017 12:00:00 AM","Non-Conventional Oil",13767925.9,"8/21/2020 1:23:15 PM"
"363",75612,"1/1/2017 12:00:00 AM","Conventional Oil",2392279.9,"8/21/2020 1:23:15 PM"
"364",75613,"2/1/2017 12:00:00 AM","Natural Gas",8197831400,"8/21/2020 1:23:15 PM"
"365",75614,"2/1/2017 12:00:00 AM","Conventional Oil",2192763.3,"8/21/2020 1:23:15 PM"
"366",75615,"2/1/2017 12:00:00 AM","Non-Conventional Oil",12602626.7,"8/21/2020 1:23:15 PM"
"367",75616,"3/1/2017 12:00:00 AM","Non-Conventional Oil",12797993.5,"8/21/2020 1:23:15 PM"
"368",75617,"3/1/2017 12:00:00 AM","Natural Gas",9278660300,"8/21/2020 1:23:15 PM"
"369",75618,"3/1/2017 12:00:00 AM","Conventional Oil",2457699.7,"8/21/2020 1:23:15 PM"
"370",75619,"4/1/2017 12:00:00 AM","Non-Conventional Oil",10882085.5,"8/21/2020 1:23:15 PM"
"371",75620,"4/1/2017 12:00:00 AM","Natural Gas",8999862900,"8/21/2020 1:23:15 PM"
"372",75621,"4/1/2017 12:00:00 AM","Conventional Oil",2393263.6,"8/21/2020 1:23:15 PM"
"373",75622,"5/1/2017 12:00:00 AM","Natural Gas",9039225300,"8/21/2020 1:23:15 PM"
"374",75623,"5/1/2017 12:00:00 AM","Non-Conventional Oil",11816106.7,"8/21/2020 1:23:15 PM"
"375",75624,"5/1/2017 12:00:00 AM","Conventional Oil",2463488.3,"8/21/2020 1:23:15 PM"
"376",75625,"6/1/2017 12:00:00 AM","Natural Gas",8838860700,"8/21/2020 1:23:15 PM"
"377",75626,"6/1/2017 12:00:00 AM","Conventional Oil",2391916.9,"8/21/2020 1:23:15 PM"
"378",75627,"6/1/2017 12:00:00 AM","Non-Conventional Oil",11900580.6,"8/21/2020 1:23:15 PM"
"379",75628,"7/1/2017 12:00:00 AM","Non-Conventional Oil",13274094.9,"8/21/2020 1:23:15 PM"
"380",75629,"7/1/2017 12:00:00 AM","Natural Gas",9262628300,"8/21/2020 1:23:15 PM"
"381",75630,"7/1/2017 12:00:00 AM","Conventional Oil",2492208,"8/21/2020 1:23:15 PM"
"382",75631,"8/1/2017 12:00:00 AM","Natural Gas",8968245300,"8/21/2020 1:23:15 PM"
"383",75632,"8/1/2017 12:00:00 AM","Non-Conventional Oil",14330562.3,"8/21/2020 1:23:15 PM"
"384",75633,"8/1/2017 12:00:00 AM","Conventional Oil",2455406.1,"8/21/2020 1:23:15 PM"
"385",75634,"9/1/2017 12:00:00 AM","Natural Gas",8870063200,"8/21/2020 1:23:15 PM"
"386",75635,"9/1/2017 12:00:00 AM","Conventional Oil",2475729.6,"8/21/2020 1:23:15 PM"
"387",75636,"9/1/2017 12:00:00 AM","Non-Conventional Oil",12870313.8,"8/21/2020 1:23:15 PM"
"388",75637,"10/1/2017 12:00:00 AM","Natural Gas",9143094400,"8/21/2020 1:23:15 PM"
"389",75638,"10/1/2017 12:00:00 AM","Conventional Oil",2598055,"8/21/2020 1:23:15 PM"
"390",75639,"10/1/2017 12:00:00 AM","Non-Conventional Oil",12728580.9,"8/21/2020 1:23:15 PM"
"391",75640,"11/1/2017 12:00:00 AM","Conventional Oil",2580596.9,"8/21/2020 1:23:15 PM"
"392",75641,"11/1/2017 12:00:00 AM","Natural Gas",9217832900,"8/21/2020 1:23:15 PM"
"393",75642,"11/1/2017 12:00:00 AM","Non-Conventional Oil",13698899.3,"8/21/2020 1:23:15 PM"
"394",75643,"12/1/2017 12:00:00 AM","Natural Gas",9544256300,"8/21/2020 1:23:15 PM"
"395",75644,"12/1/2017 12:00:00 AM","Conventional Oil",2675987.5,"8/21/2020 1:23:15 PM"
"396",75645,"12/1/2017 12:00:00 AM","Non-Conventional Oil",14505016,"8/21/2020 1:23:15 PM"
"397",75646,"1/1/2018 12:00:00 AM","Conventional Oil",2645574,"8/21/2020 1:23:15 PM"
"398",75647,"1/1/2018 12:00:00 AM","Non-Conventional Oil",13751022.9,"8/21/2020 1:23:15 PM"
"399",75648,"1/1/2018 12:00:00 AM","Natural Gas",9491330700,"8/21/2020 1:23:15 PM"
"400",75649,"2/1/2018 12:00:00 AM","Conventional Oil",2415498.4,"8/21/2020 1:23:15 PM"
"401",75650,"2/1/2018 12:00:00 AM","Natural Gas",8532434000,"8/21/2020 1:23:15 PM"
"402",75651,"2/1/2018 12:00:00 AM","Non-Conventional Oil",12879292.2,"8/21/2020 1:23:15 PM"
"403",75652,"3/1/2018 12:00:00 AM","Natural Gas",9505107100,"8/21/2020 1:23:15 PM"
"404",75653,"3/1/2018 12:00:00 AM","Non-Conventional Oil",14342122.6,"8/21/2020 1:23:15 PM"
"405",75654,"3/1/2018 12:00:00 AM","Conventional Oil",2745919,"8/21/2020 1:23:15 PM"
"406",75655,"4/1/2018 12:00:00 AM","Non-Conventional Oil",12349429.5,"8/21/2020 1:23:15 PM"
"407",75656,"4/1/2018 12:00:00 AM","Natural Gas",9064061100,"8/21/2020 1:23:15 PM"
"408",75657,"4/1/2018 12:00:00 AM","Conventional Oil",2743208.3,"8/21/2020 1:23:15 PM"
"409",75658,"5/1/2018 12:00:00 AM","Non-Conventional Oil",13811779.8,"8/21/2020 1:23:15 PM"
"410",75659,"5/1/2018 12:00:00 AM","Conventional Oil",2823943.9,"8/21/2020 1:23:15 PM"
"411",75660,"5/1/2018 12:00:00 AM","Natural Gas",9002809000,"8/21/2020 1:23:15 PM"
"412",75661,"6/1/2018 12:00:00 AM","Non-Conventional Oil",13465187.4,"8/21/2020 1:23:15 PM"
"413",75662,"6/1/2018 12:00:00 AM","Natural Gas",8641039600,"8/21/2020 1:23:15 PM"
"414",75663,"6/1/2018 12:00:00 AM","Conventional Oil",2706176.4,"8/21/2020 1:23:15 PM"
"415",75664,"7/1/2018 12:00:00 AM","Conventional Oil",2870091.1,"8/21/2020 1:23:15 PM"
"416",75665,"7/1/2018 12:00:00 AM","Natural Gas",9063169900,"8/21/2020 1:23:15 PM"
"417",75666,"7/1/2018 12:00:00 AM","Non-Conventional Oil",14319566.5,"8/21/2020 1:23:15 PM"
"418",75667,"8/1/2018 12:00:00 AM","Conventional Oil",2982474.3,"8/21/2020 1:23:15 PM"
"419",75668,"8/1/2018 12:00:00 AM","Non-Conventional Oil",15395848.9,"8/21/2020 1:23:15 PM"
"420",75669,"8/1/2018 12:00:00 AM","Natural Gas",9210779400,"8/21/2020 1:23:15 PM"
"421",75670,"9/1/2018 12:00:00 AM","Natural Gas",8782362900,"8/21/2020 1:23:15 PM"
"422",75671,"9/1/2018 12:00:00 AM","Non-Conventional Oil",13514191.1,"8/21/2020 1:23:15 PM"
"423",75672,"9/1/2018 12:00:00 AM","Conventional Oil",2885799.6,"8/21/2020 1:23:15 PM"
"424",75673,"10/1/2018 12:00:00 AM","Natural Gas",9136385700,"8/21/2020 1:23:15 PM"
"425",75674,"10/1/2018 12:00:00 AM","Conventional Oil",2991510.9,"8/21/2020 1:23:15 PM"
"426",75675,"10/1/2018 12:00:00 AM","Non-Conventional Oil",15062982.5,"8/21/2020 1:23:15 PM"
"427",75676,"11/1/2018 12:00:00 AM","Conventional Oil",2851147.9,"8/21/2020 1:23:15 PM"
"428",75677,"11/1/2018 12:00:00 AM","Non-Conventional Oil",14917863.1,"8/21/2020 1:23:15 PM"
"429",75678,"11/1/2018 12:00:00 AM","Natural Gas",8990459900,"8/21/2020 1:23:15 PM"
"430",75679,"12/1/2018 12:00:00 AM","Non-Conventional Oil",15225805.5,"8/21/2020 1:23:15 PM"
"431",75680,"12/1/2018 12:00:00 AM","Conventional Oil",2894827.4,"8/21/2020 1:23:15 PM"
"432",75681,"12/1/2018 12:00:00 AM","Natural Gas",9486306000,"8/21/2020 1:23:15 PM"
"433",75682,"1/1/2019 12:00:00 AM","Non-Conventional Oil",13966728,"8/21/2020 1:23:15 PM"
"434",75683,"1/1/2019 12:00:00 AM","Natural Gas",9253893800,"8/21/2020 1:23:15 PM"
"435",75684,"1/1/2019 12:00:00 AM","Conventional Oil",2835456,"8/21/2020 1:23:15 PM"
"436",75685,"2/1/2019 12:00:00 AM","Natural Gas",7981058100,"8/21/2020 1:23:15 PM"
"437",75686,"2/1/2019 12:00:00 AM","Non-Conventional Oil",12794304,"8/21/2020 1:23:15 PM"
"438",75687,"2/1/2019 12:00:00 AM","Conventional Oil",2503672.8,"8/21/2020 1:23:15 PM"
"439",75688,"3/1/2019 12:00:00 AM","Non-Conventional Oil",14251801.7,"8/21/2020 1:23:15 PM"
"440",75689,"3/1/2019 12:00:00 AM","Natural Gas",9223366400,"8/21/2020 1:23:15 PM"
"441",75690,"3/1/2019 12:00:00 AM","Conventional Oil",2858713.6,"8/21/2020 1:23:15 PM"
"442",75691,"4/1/2019 12:00:00 AM","Non-Conventional Oil",14154673.8,"8/21/2020 1:23:15 PM"
"443",75692,"4/1/2019 12:00:00 AM","Natural Gas",8877068800,"8/21/2020 1:23:15 PM"
"444",75693,"4/1/2019 12:00:00 AM","Conventional Oil",2814907.2,"8/21/2020 1:23:15 PM"
"445",75694,"5/1/2019 12:00:00 AM","Non-Conventional Oil",13843963.5,"8/21/2020 1:23:15 PM"
"446",75695,"5/1/2019 12:00:00 AM","Conventional Oil",2848100.5,"8/21/2020 1:23:15 PM"
"447",75696,"5/1/2019 12:00:00 AM","Natural Gas",8937726600,"8/21/2020 1:23:15 PM"
"448",75697,"6/1/2019 12:00:00 AM","Conventional Oil",2689754.1,"8/21/2020 1:23:15 PM"
"449",75698,"6/1/2019 12:00:00 AM","Natural Gas",8352580300,"8/21/2020 1:23:15 PM"
"450",75699,"6/1/2019 12:00:00 AM","Non-Conventional Oil",14196878.1,"8/21/2020 1:23:15 PM"
"451",75700,"7/1/2019 12:00:00 AM","Conventional Oil",2789658,"8/21/2020 1:23:15 PM"
"452",75701,"7/1/2019 12:00:00 AM","Non-Conventional Oil",14861765.4,"8/21/2020 1:23:15 PM"
"453",75702,"7/1/2019 12:00:00 AM","Natural Gas",8737534900,"8/21/2020 1:23:15 PM"
"454",75703,"8/1/2019 12:00:00 AM","Natural Gas",8702985600,"8/21/2020 1:23:15 PM"
"455",75704,"8/1/2019 12:00:00 AM","Non-Conventional Oil",14985923.8,"8/21/2020 1:23:15 PM"
"456",75705,"8/1/2019 12:00:00 AM","Conventional Oil",2817250.1,"8/21/2020 1:23:15 PM"
"457",75706,"9/1/2019 12:00:00 AM","Conventional Oil",2708799.9,"8/21/2020 1:23:15 PM"
"458",75707,"9/1/2019 12:00:00 AM","Natural Gas",8263800200,"8/21/2020 1:23:15 PM"
"459",75708,"9/1/2019 12:00:00 AM","Non-Conventional Oil",14039449.6,"8/21/2020 1:23:15 PM"
"460",75709,"10/1/2019 12:00:00 AM","Conventional Oil",2802447.1,"8/21/2020 1:23:15 PM"
"461",75710,"10/1/2019 12:00:00 AM","Natural Gas",8818772900,"8/21/2020 1:23:15 PM"
"462",75711,"10/1/2019 12:00:00 AM","Non-Conventional Oil",14242119,"8/21/2020 1:23:15 PM"
"463",75712,"11/1/2019 12:00:00 AM","Conventional Oil",2804337.8,"8/21/2020 1:23:15 PM"
"464",75713,"11/1/2019 12:00:00 AM","Non-Conventional Oil",14242021.6,"8/21/2020 1:23:15 PM"
"465",75714,"11/1/2019 12:00:00 AM","Natural Gas",8749348900,"8/21/2020 1:23:15 PM"
"466",75715,"12/1/2019 12:00:00 AM","Conventional Oil",2910404.8,"8/21/2020 1:23:15 PM"
"467",75716,"12/1/2019 12:00:00 AM","Natural Gas",9157734000,"8/21/2020 1:23:15 PM"
"468",75717,"12/1/2019 12:00:00 AM","Non-Conventional Oil",15504612.4,"8/21/2020 1:23:15 PM"
"469",75718,"1/1/2020 12:00:00 AM","Conventional Oil",2782871,"8/21/2020 1:23:15 PM"
"470",75719,"1/1/2020 12:00:00 AM","Non-Conventional Oil",14983601.1,"8/21/2020 1:23:15 PM"
"471",75720,"1/1/2020 12:00:00 AM","Natural Gas",8692327800,"8/21/2020 1:23:15 PM"
"472",75721,"2/1/2020 12:00:00 AM","Conventional Oil",2724764.4,"8/21/2020 1:23:15 PM"
"473",75722,"2/1/2020 12:00:00 AM","Natural Gas",8359921400,"8/21/2020 1:23:15 PM"
"474",75723,"2/1/2020 12:00:00 AM","Non-Conventional Oil",14135932,"8/21/2020 1:23:15 PM"
"475",75724,"3/1/2020 12:00:00 AM","Conventional Oil",2835731.6,"8/21/2020 1:23:15 PM"
"476",75725,"3/1/2020 12:00:00 AM","Natural Gas",8779060200,"8/21/2020 1:23:15 PM"
"477",75726,"3/1/2020 12:00:00 AM","Non-Conventional Oil",14837905.8,"8/21/2020 1:23:15 PM"
"478",75727,"4/1/2020 12:00:00 AM","Natural Gas",8314961900,"8/21/2020 1:23:15 PM"
"479",75728,"4/1/2020 12:00:00 AM","Non-Conventional Oil",12458925.4,"8/21/2020 1:23:15 PM"
"480",75729,"4/1/2020 12:00:00 AM","Conventional Oil",2306739.8,"8/21/2020 1:23:15 PM"
"481",75730,"5/1/2020 12:00:00 AM","Conventional Oil",1982695.1,"8/21/2020 1:23:15 PM"
"482",75731,"5/1/2020 12:00:00 AM","Natural Gas",8397966800,"8/21/2020 1:23:15 PM"
"483",75732,"5/1/2020 12:00:00 AM","Non-Conventional Oil",12270285.3,"8/21/2020 1:23:15 PM"
"484",75733,"6/1/2020 12:00:00 AM","Natural Gas",8048516199,"8/21/2020 1:23:15 PM"
"485",75734,"6/1/2020 12:00:00 AM","Conventional Oil",2164051.3,"8/21/2020 1:23:15 PM"
"486",75735,"6/1/2020 12:00:00 AM","Non-Conventional Oil",12660578,"8/21/2020 1:23:15 PM"
"487",75736,"1/1/2007 12:00:00 AM","Total",8312276.6,"8/21/2020 1:23:15 PM"
"488",75737,"2/1/2007 12:00:00 AM","Total",7865487,"8/21/2020 1:23:15 PM"
"489",75738,"3/1/2007 12:00:00 AM","Total",8785947.3,"8/21/2020 1:23:15 PM"
"490",75739,"4/1/2007 12:00:00 AM","Total",8030452.2,"8/21/2020 1:23:15 PM"
"491",75740,"5/1/2007 12:00:00 AM","Total",8075145.4,"8/21/2020 1:23:15 PM"
"492",75741,"6/1/2007 12:00:00 AM","Total",7609870.7,"8/21/2020 1:23:15 PM"
"493",75742,"7/1/2007 12:00:00 AM","Total",8485180.7,"8/21/2020 1:23:15 PM"
"494",75743,"8/1/2007 12:00:00 AM","Total",9188253.8,"8/21/2020 1:23:15 PM"
"495",75744,"9/1/2007 12:00:00 AM","Total",8501054.6,"8/21/2020 1:23:15 PM"
"496",75745,"10/1/2007 12:00:00 AM","Total",8921739.5,"8/21/2020 1:23:15 PM"
"497",75746,"11/1/2007 12:00:00 AM","Total",8481796.9,"8/21/2020 1:23:15 PM"
"498",75747,"12/1/2007 12:00:00 AM","Total",8021151.9,"8/21/2020 1:23:15 PM"
"499",75748,"1/1/2008 12:00:00 AM","Total",8480339.4,"8/21/2020 1:23:15 PM"
"500",75749,"2/1/2008 12:00:00 AM","Total",7758581.2,"8/21/2020 1:23:15 PM"
"501",75750,"3/1/2008 12:00:00 AM","Total",8512679,"8/21/2020 1:23:15 PM"
"502",75751,"4/1/2008 12:00:00 AM","Total",7903152.3,"8/21/2020 1:23:15 PM"
"503",75752,"5/1/2008 12:00:00 AM","Total",7718077.6,"8/21/2020 1:23:15 PM"
"504",75753,"6/1/2008 12:00:00 AM","Total",7992482,"8/21/2020 1:23:15 PM"
"505",75754,"7/1/2008 12:00:00 AM","Total",8762903.9,"8/21/2020 1:23:15 PM"
"506",75755,"8/1/2008 12:00:00 AM","Total",8893836.8,"8/21/2020 1:23:15 PM"
"507",75756,"9/1/2008 12:00:00 AM","Total",8237595.9,"8/21/2020 1:23:15 PM"
"508",75757,"10/1/2008 12:00:00 AM","Total",8576642.6,"8/21/2020 1:23:15 PM"
"509",75758,"11/1/2008 12:00:00 AM","Total",8607430.8,"8/21/2020 1:23:15 PM"
"510",75759,"12/1/2008 12:00:00 AM","Total",8721876.8,"8/21/2020 1:23:15 PM"
"511",75760,"1/1/2009 12:00:00 AM","Total",8615211.5,"8/21/2020 1:23:15 PM"
"512",75761,"2/1/2009 12:00:00 AM","Total",8122113.5,"8/21/2020 1:23:15 PM"
"513",75762,"3/1/2009 12:00:00 AM","Total",8627655.6,"8/21/2020 1:23:15 PM"
"514",75763,"4/1/2009 12:00:00 AM","Total",7943344.6,"8/21/2020 1:23:15 PM"
"515",75764,"5/1/2009 12:00:00 AM","Total",8480455.5,"8/21/2020 1:23:15 PM"
"516",75765,"6/1/2009 12:00:00 AM","Total",8708502.3,"8/21/2020 1:23:15 PM"
"517",75766,"7/1/2009 12:00:00 AM","Total",9376165.2,"8/21/2020 1:23:15 PM"
"518",75767,"8/1/2009 12:00:00 AM","Total",9168735.4,"8/21/2020 1:23:15 PM"
"519",75768,"9/1/2009 12:00:00 AM","Total",8627569.1,"8/21/2020 1:23:15 PM"
"520",75769,"10/1/2009 12:00:00 AM","Total",9236907.8,"8/21/2020 1:23:15 PM"
"521",75770,"11/1/2009 12:00:00 AM","Total",9258163,"8/21/2020 1:23:15 PM"
"522",75771,"12/1/2009 12:00:00 AM","Total",8819844.6,"8/21/2020 1:23:15 PM"
"523",75772,"1/1/2010 12:00:00 AM","Total",8246703.5,"8/21/2020 1:23:15 PM"
"524",75773,"2/1/2010 12:00:00 AM","Total",8347509.7,"8/21/2020 1:23:15 PM"
"525",75774,"3/1/2010 12:00:00 AM","Total",9276472,"8/21/2020 1:23:15 PM"
"526",75775,"4/1/2010 12:00:00 AM","Total",8946908.5,"8/21/2020 1:23:15 PM"
"527",75776,"5/1/2010 12:00:00 AM","Total",9632583.9,"8/21/2020 1:23:15 PM"
"528",75777,"6/1/2010 12:00:00 AM","Total",9533384.2,"8/21/2020 1:23:15 PM"
"529",75778,"7/1/2010 12:00:00 AM","Total",9858765.2,"8/21/2020 1:23:15 PM"
"530",75779,"8/1/2010 12:00:00 AM","Total",9796212.7,"8/21/2020 1:23:15 PM"
"531",75780,"9/1/2010 12:00:00 AM","Total",8842852.9,"8/21/2020 1:23:15 PM"
"532",75781,"10/1/2010 12:00:00 AM","Total",9529003,"8/21/2020 1:23:15 PM"
"533",75782,"11/1/2010 12:00:00 AM","Total",10065848,"8/21/2020 1:23:15 PM"
"534",75783,"12/1/2010 12:00:00 AM","Total",10629248.8,"8/21/2020 1:23:15 PM"
"535",75784,"1/1/2011 12:00:00 AM","Total",10124553.8,"8/21/2020 1:23:15 PM"
"536",75785,"2/1/2011 12:00:00 AM","Total",9336607.2,"8/21/2020 1:23:15 PM"
"537",75786,"3/1/2011 12:00:00 AM","Total",10162448.8,"8/21/2020 1:23:15 PM"
"538",75787,"4/1/2011 12:00:00 AM","Total",9841120,"8/21/2020 1:23:15 PM"
"539",75788,"5/1/2011 12:00:00 AM","Total",8894393.1,"8/21/2020 1:23:15 PM"
"540",75789,"6/1/2011 12:00:00 AM","Total",9467866.8,"8/21/2020 1:23:15 PM"
"541",75790,"7/1/2011 12:00:00 AM","Total",10678016.4,"8/21/2020 1:23:15 PM"
"542",75791,"8/1/2011 12:00:00 AM","Total",11206204.4,"8/21/2020 1:23:15 PM"
"543",75792,"9/1/2011 12:00:00 AM","Total",10475752.6,"8/21/2020 1:23:15 PM"
"544",75793,"10/1/2011 12:00:00 AM","Total",11095033.5,"8/21/2020 1:23:15 PM"
"545",75794,"11/1/2011 12:00:00 AM","Total",10613176.1,"8/21/2020 1:23:15 PM"
"546",75795,"12/1/2011 12:00:00 AM","Total",11490997.4,"8/21/2020 1:23:15 PM"
"547",75796,"1/1/2012 12:00:00 AM","Total",11513451.4,"8/21/2020 1:23:15 PM"
"548",75797,"2/1/2012 12:00:00 AM","Total",10576429.5,"8/21/2020 1:23:15 PM"
"549",75798,"3/1/2012 12:00:00 AM","Total",10837999.7,"8/21/2020 1:23:15 PM"
"550",75799,"4/1/2012 12:00:00 AM","Total",10951182.1,"8/21/2020 1:23:15 PM"
"551",75800,"5/1/2012 12:00:00 AM","Total",11236281.5,"8/21/2020 1:23:15 PM"
"552",75801,"6/1/2012 12:00:00 AM","Total",10956109.2,"8/21/2020 1:23:15 PM"
"553",75802,"7/1/2012 12:00:00 AM","Total",12013386.7,"8/21/2020 1:23:15 PM"
"554",75803,"8/1/2012 12:00:00 AM","Total",11943695.9,"8/21/2020 1:23:15 PM"
"555",75804,"9/1/2012 12:00:00 AM","Total",11207073.6,"8/21/2020 1:23:15 PM"
"556",75805,"10/1/2012 12:00:00 AM","Total",11896453.2,"8/21/2020 1:23:15 PM"
"557",75806,"11/1/2012 12:00:00 AM","Total",11631158.4,"8/21/2020 1:23:15 PM"
"558",75807,"12/1/2012 12:00:00 AM","Total",12854313.1,"8/21/2020 1:23:15 PM"
"559",75808,"1/1/2013 12:00:00 AM","Total",12465288,"8/21/2020 1:23:15 PM"
"560",75809,"2/1/2013 12:00:00 AM","Total",11313128.9,"8/21/2020 1:23:15 PM"
"561",75810,"3/1/2013 12:00:00 AM","Total",12691833.2,"8/21/2020 1:23:15 PM"
"562",75811,"4/1/2013 12:00:00 AM","Total",11587352,"8/21/2020 1:23:15 PM"
"563",75812,"5/1/2013 12:00:00 AM","Total",10938923.1,"8/21/2020 1:23:15 PM"
"564",75813,"6/1/2013 12:00:00 AM","Total",11425895.4,"8/21/2020 1:23:15 PM"
"565",75814,"7/1/2013 12:00:00 AM","Total",12330313.7,"8/21/2020 1:23:15 PM"
"566",75815,"8/1/2013 12:00:00 AM","Total",13245531.9,"8/21/2020 1:23:15 PM"
"567",75816,"9/1/2013 12:00:00 AM","Total",12222646,"8/21/2020 1:23:15 PM"
"568",75817,"10/1/2013 12:00:00 AM","Total",12922870.9,"8/21/2020 1:23:15 PM"
"569",75818,"11/1/2013 12:00:00 AM","Total",12958834,"8/21/2020 1:23:15 PM"
"570",75819,"12/1/2013 12:00:00 AM","Total",13621180.2,"8/21/2020 1:23:15 PM"
"571",75820,"1/1/2014 12:00:00 AM","Total",13441189.7,"8/21/2020 1:23:15 PM"
"572",75821,"2/1/2014 12:00:00 AM","Total",12058576.7,"8/21/2020 1:23:15 PM"
"573",75822,"3/1/2014 12:00:00 AM","Total",13805867,"8/21/2020 1:23:15 PM"
"574",75823,"4/1/2014 12:00:00 AM","Total",12920610.2,"8/21/2020 1:23:15 PM"
"575",75824,"5/1/2014 12:00:00 AM","Total",12962509.1,"8/21/2020 1:23:15 PM"
"576",75825,"6/1/2014 12:00:00 AM","Total",13058020,"8/21/2020 1:23:15 PM"
"577",75826,"7/1/2014 12:00:00 AM","Total",13713555.7,"8/21/2020 1:23:15 PM"
"578",75827,"8/1/2014 12:00:00 AM","Total",13763029.6,"8/21/2020 1:23:15 PM"
"579",75828,"9/1/2014 12:00:00 AM","Total",13246542.5,"8/21/2020 1:23:15 PM"
"580",75829,"10/1/2014 12:00:00 AM","Total",14368461,"8/21/2020 1:23:15 PM"
"581",75830,"11/1/2014 12:00:00 AM","Total",13538583.6,"8/21/2020 1:23:15 PM"
"582",75831,"12/1/2014 12:00:00 AM","Total",14382043.3,"8/21/2020 1:23:15 PM"
"583",75832,"1/1/2015 12:00:00 AM","Total",14611236.2,"8/21/2020 1:23:15 PM"
"584",75833,"2/1/2015 12:00:00 AM","Total",13692308.3,"8/21/2020 1:23:15 PM"
"585",75834,"3/1/2015 12:00:00 AM","Total",14848349.9,"8/21/2020 1:23:15 PM"
"586",75835,"4/1/2015 12:00:00 AM","Total",13027962.7,"8/21/2020 1:23:15 PM"
"587",75836,"5/1/2015 12:00:00 AM","Total",12460771.1,"8/21/2020 1:23:15 PM"
"588",75837,"6/1/2015 12:00:00 AM","Total",13212157.6,"8/21/2020 1:23:15 PM"
"589",75838,"7/1/2015 12:00:00 AM","Total",15336037.1,"8/21/2020 1:23:15 PM"
"590",75839,"8/1/2015 12:00:00 AM","Total",15851754,"8/21/2020 1:23:15 PM"
"591",75840,"9/1/2015 12:00:00 AM","Total",13031880.8,"8/21/2020 1:23:15 PM"
"592",75841,"10/1/2015 12:00:00 AM","Total",14421864.7,"8/21/2020 1:23:15 PM"
"593",75842,"11/1/2015 12:00:00 AM","Total",14501472.4,"8/21/2020 1:23:15 PM"
"594",75843,"12/1/2015 12:00:00 AM","Total",15165173.9,"8/21/2020 1:23:15 PM"
"595",75844,"1/1/2016 12:00:00 AM","Total",15004532.3,"8/21/2020 1:23:15 PM"
"596",75845,"2/1/2016 12:00:00 AM","Total",13890291.2,"8/21/2020 1:23:15 PM"
"597",75846,"3/1/2016 12:00:00 AM","Total",14746503.8,"8/21/2020 1:23:15 PM"
"598",75847,"4/1/2016 12:00:00 AM","Total",12731351.9,"8/21/2020 1:23:15 PM"
"599",75848,"5/1/2016 12:00:00 AM","Total",10164682.3,"8/21/2020 1:23:15 PM"
"600",75849,"6/1/2016 12:00:00 AM","Total",11535126.3,"8/21/2020 1:23:15 PM"
"601",75850,"7/1/2016 12:00:00 AM","Total",14561605.1,"8/21/2020 1:23:15 PM"
"602",75851,"8/1/2016 12:00:00 AM","Total",15148470.5,"8/21/2020 1:23:15 PM"
"603",75852,"9/1/2016 12:00:00 AM","Total",14576097.9,"8/21/2020 1:23:15 PM"
"604",75853,"10/1/2016 12:00:00 AM","Total",15301684.7,"8/21/2020 1:23:15 PM"
"605",75854,"11/1/2016 12:00:00 AM","Total",15832991,"8/21/2020 1:23:15 PM"
"606",75855,"12/1/2016 12:00:00 AM","Total",15602929.9,"8/21/2020 1:23:15 PM"
"607",75856,"1/1/2017 12:00:00 AM","Total",16160205.8,"8/21/2020 1:23:15 PM"
"608",75857,"2/1/2017 12:00:00 AM","Total",14795390,"8/21/2020 1:23:15 PM"
"609",75858,"3/1/2017 12:00:00 AM","Total",15255693.2,"8/21/2020 1:23:15 PM"
"610",75859,"4/1/2017 12:00:00 AM","Total",13275349.1,"8/21/2020 1:23:15 PM"
"611",75860,"5/1/2017 12:00:00 AM","Total",14279595,"8/21/2020 1:23:15 PM"
"612",75861,"6/1/2017 12:00:00 AM","Total",14292497.5,"8/21/2020 1:23:15 PM"
"613",75862,"7/1/2017 12:00:00 AM","Total",15766302.9,"8/21/2020 1:23:15 PM"
"614",75863,"8/1/2017 12:00:00 AM","Total",16785968.4,"8/21/2020 1:23:15 PM"
"615",75864,"9/1/2017 12:00:00 AM","Total",15346043.4,"8/21/2020 1:23:15 PM"
"616",75865,"10/1/2017 12:00:00 AM","Total",15326635.9,"8/21/2020 1:23:15 PM"
"617",75866,"11/1/2017 12:00:00 AM","Total",16279496.2,"8/21/2020 1:23:15 PM"
"618",75867,"12/1/2017 12:00:00 AM","Total",17181003.5,"8/21/2020 1:23:15 PM"
"619",75868,"1/1/2018 12:00:00 AM","Total",16396596.9,"8/21/2020 1:23:15 PM"
"620",75869,"2/1/2018 12:00:00 AM","Total",15294790.6,"8/21/2020 1:23:15 PM"
"621",75870,"3/1/2018 12:00:00 AM","Total",17088041.6,"8/21/2020 1:23:15 PM"
"622",75871,"4/1/2018 12:00:00 AM","Total",15092637.8,"8/21/2020 1:23:15 PM"
"623",75872,"5/1/2018 12:00:00 AM","Total",16635723.7,"8/21/2020 1:23:15 PM"
"624",75873,"6/1/2018 12:00:00 AM","Total",16171363.8,"8/21/2020 1:23:15 PM"
"625",75874,"7/1/2018 12:00:00 AM","Total",17189657.6,"8/21/2020 1:23:15 PM"
"626",75875,"8/1/2018 12:00:00 AM","Total",18378323.2,"8/21/2020 1:23:15 PM"
"627",75876,"9/1/2018 12:00:00 AM","Total",16399990.7,"8/21/2020 1:23:15 PM"
"628",75877,"10/1/2018 12:00:00 AM","Total",18054493.4,"8/21/2020 1:23:15 PM"
"629",75878,"11/1/2018 12:00:00 AM","Total",17769011,"8/21/2020 1:23:15 PM"
"630",75879,"12/1/2018 12:00:00 AM","Total",18120632.9,"8/21/2020 1:23:15 PM"
"631",75880,"1/1/2019 12:00:00 AM","Total",16802184,"8/21/2020 1:23:15 PM"
"632",75881,"2/1/2019 12:00:00 AM","Total",15297976.8,"8/21/2020 1:23:15 PM"
"633",75882,"3/1/2019 12:00:00 AM","Total",17110515.3,"8/21/2020 1:23:15 PM"
"634",75883,"4/1/2019 12:00:00 AM","Total",16969581,"8/21/2020 1:23:15 PM"
"635",75884,"5/1/2019 12:00:00 AM","Total",16692064,"8/21/2020 1:23:15 PM"
"636",75885,"6/1/2019 12:00:00 AM","Total",16886632.2,"8/21/2020 1:23:15 PM"
"637",75886,"7/1/2019 12:00:00 AM","Total",17651423.4,"8/21/2020 1:23:15 PM"
"638",75887,"8/1/2019 12:00:00 AM","Total",17803173.9,"8/21/2020 1:23:15 PM"
"639",75888,"9/1/2019 12:00:00 AM","Total",16748249.5,"8/21/2020 1:23:15 PM"
"640",75889,"10/1/2019 12:00:00 AM","Total",17044566.1,"8/21/2020 1:23:15 PM"
"641",75890,"11/1/2019 12:00:00 AM","Total",17046359.4,"8/21/2020 1:23:15 PM"
"642",75891,"12/1/2019 12:00:00 AM","Total",18415017.2,"8/21/2020 1:23:15 PM"
"643",75892,"1/1/2020 12:00:00 AM","Total",17766472.1,"8/21/2020 1:23:15 PM"
"644",75893,"2/1/2020 12:00:00 AM","Total",16860696.4,"8/21/2020 1:23:15 PM"
"645",75894,"3/1/2020 12:00:00 AM","Total",17673637.4,"8/21/2020 1:23:15 PM"
"646",75895,"4/1/2020 12:00:00 AM","Total",14765665.2,"8/21/2020 1:23:15 PM"
"647",75896,"5/1/2020 12:00:00 AM","Total",14252980.4,"8/21/2020 1:23:15 PM"
"648",75897,"6/1/2020 12:00:00 AM","Total",14824629.3,"8/21/2020 1:23:15 PM"
