"","Id","When","DataType","NAICS","Alberta","BritishColumbia","Canada","Manitoba","NewBrunswick","NewfoundlandAndLabrador","NovaScotia","Ontario","PrinceEdwardIsland","Quebec","Saskatchewan","ModifiedDate"
"1",42421,"1/1/1993 12:00:00 AM","Seasonally adjusted","Wholesale trade",1380853000,2070529000,16916924000,470245000,212658000,156355000,331785000,8151788000,22317000,3646562000,454249000,"8/19/2020 9:20:07 AM"
"2",42422,"2/1/1993 12:00:00 AM","Seasonally adjusted","Wholesale trade",1390189000,2107835000,16826720000,463827000,223054000,151758000,334207000,8074654000,30913000,3576479000,458014000,"8/19/2020 9:20:07 AM"
"3",42423,"3/1/1993 12:00:00 AM","Seasonally adjusted","Wholesale trade",1372203000,2141192000,16305593000,460853000,210248000,143038000,314744000,7537757000,27646000,3645861000,434636000,"8/19/2020 9:20:07 AM"
"4",42424,"4/1/1993 12:00:00 AM","Seasonally adjusted","Wholesale trade",1393970000,2154750000,16630940000,474414000,211376000,149877000,319196000,7784882000,26515000,3669444000,427338000,"8/19/2020 9:20:07 AM"
"5",42425,"5/1/1993 12:00:00 AM","Seasonally adjusted","Wholesale trade",1425189000,2128171000,16808164000,483551000,209724000,150382000,323653000,7904128000,25886000,3679147000,460022000,"8/19/2020 9:20:07 AM"
"6",42426,"6/1/1993 12:00:00 AM","Seasonally adjusted","Wholesale trade",1450352000,2080688000,16907614000,453802000,198127000,145879000,338111000,8026085000,23673000,3723901000,448741000,"8/19/2020 9:20:07 AM"
"7",42427,"7/1/1993 12:00:00 AM","Seasonally adjusted","Wholesale trade",1457102000,2151477000,17974875000,494569000,213624000,150594000,337142000,8737969000,24753000,3852943000,537559000,"8/19/2020 9:20:07 AM"
"8",42428,"8/1/1993 12:00:00 AM","Seasonally adjusted","Wholesale trade",1465183000,2184657000,17653900000,462171000,216215000,151751000,340501000,8426012000,25772000,3880358000,482062000,"8/19/2020 9:20:07 AM"
"9",42429,"9/1/1993 12:00:00 AM","Seasonally adjusted","Wholesale trade",1458697000,2281368000,17769222000,464522000,216191000,156114000,350984000,8363825000,25951000,3942253000,489040000,"8/19/2020 9:20:07 AM"
"10",42430,"10/1/1993 12:00:00 AM","Seasonally adjusted","Wholesale trade",1465849000,2418067000,18344272000,464676000,216563000,156377000,340719000,8746835000,28801000,3981429000,503413000,"8/19/2020 9:20:07 AM"
"11",42431,"11/1/1993 12:00:00 AM","Seasonally adjusted","Wholesale trade",1539664000,2346698000,18411341000,476411000,215917000,158023000,338108000,8768747000,29996000,3994649000,522510000,"8/19/2020 9:20:07 AM"
"12",42432,"12/1/1993 12:00:00 AM","Seasonally adjusted","Wholesale trade",1649326000,2376093000,18795376000,491652000,209545000,156807000,350098000,9093973000,30124000,3872157000,546461000,"8/19/2020 9:20:07 AM"
"13",42433,"1/1/1994 12:00:00 AM","Seasonally adjusted","Wholesale trade",1611137000,2334428000,18697329000,487142000,219765000,169922000,369438000,9059669000,31474000,3884656000,509540000,"8/19/2020 9:20:07 AM"
"14",42434,"2/1/1994 12:00:00 AM","Seasonally adjusted","Wholesale trade",1564139000,2325269000,18583230000,473570000,205132000,154608000,349769000,9137313000,32901000,3816139000,502772000,"8/19/2020 9:20:07 AM"
"15",42435,"3/1/1994 12:00:00 AM","Seasonally adjusted","Wholesale trade",1738789000,2319671000,19231102000,520842000,208801000,149770000,347576000,9496922000,30621000,3864037000,536874000,"8/19/2020 9:20:07 AM"
"16",42436,"4/1/1994 12:00:00 AM","Seasonally adjusted","Wholesale trade",1734556000,2350770000,19362812000,520111000,216225000,151321000,357710000,9503544000,32975000,3952246000,525728000,"8/19/2020 9:20:07 AM"
"17",42437,"5/1/1994 12:00:00 AM","Seasonally adjusted","Wholesale trade",1693184000,2383598000,19496068000,513193000,232138000,149886000,356425000,9649255000,29660000,3953125000,518068000,"8/19/2020 9:20:07 AM"
"18",42438,"6/1/1994 12:00:00 AM","Seasonally adjusted","Wholesale trade",1724969000,2433215000,19688735000,517091000,225479000,152361000,351886000,9796946000,28613000,3906946000,533097000,"8/19/2020 9:20:07 AM"
"19",42439,"7/1/1994 12:00:00 AM","Seasonally adjusted","Wholesale trade",1733650000,2407126000,19770522000,527249000,215663000,148029000,348051000,9847597000,30021000,3950001000,544881000,"8/19/2020 9:20:07 AM"
"20",42440,"8/1/1994 12:00:00 AM","Seasonally adjusted","Wholesale trade",1741901000,2385071000,20019020000,535270000,227530000,148930000,358310000,10050404000,28380000,3962730000,563323000,"8/19/2020 9:20:07 AM"
"21",42441,"9/1/1994 12:00:00 AM","Seasonally adjusted","Wholesale trade",1757634000,2389956000,20134626000,532071000,230598000,148304000,362530000,10052943000,30875000,4000604000,614313000,"8/19/2020 9:20:07 AM"
"22",42442,"10/1/1994 12:00:00 AM","Seasonally adjusted","Wholesale trade",1777350000,2375796000,20250354000,538739000,229330000,151459000,363254000,10178633000,29764000,4027778000,562488000,"8/19/2020 9:20:07 AM"
"23",42443,"11/1/1994 12:00:00 AM","Seasonally adjusted","Wholesale trade",1809427000,2378893000,20498231000,532516000,242645000,148801000,360614000,10299346000,29245000,4096931000,584772000,"8/19/2020 9:20:07 AM"
"24",42444,"12/1/1994 12:00:00 AM","Seasonally adjusted","Wholesale trade",1758293000,2410963000,20777657000,532345000,243369000,155849000,375264000,10374441000,34390000,4279899000,597343000,"8/19/2020 9:20:07 AM"
"25",42445,"1/1/1995 12:00:00 AM","Seasonally adjusted","Wholesale trade",1851683000,2483904000,21238154000,543761000,255048000,148610000,352366000,10808348000,29397000,4119506000,629399000,"8/19/2020 9:20:07 AM"
"26",42446,"2/1/1995 12:00:00 AM","Seasonally adjusted","Wholesale trade",1788236000,2466423000,20992510000,571032000,259742000,156445000,360263000,10497880000,26314000,4167994000,682847000,"8/19/2020 9:20:07 AM"
"27",42447,"3/1/1995 12:00:00 AM","Seasonally adjusted","Wholesale trade",1791923000,2480542000,21059806000,544008000,273223000,159907000,372320000,10528161000,29992000,4188389000,674881000,"8/19/2020 9:20:07 AM"
"28",42448,"4/1/1995 12:00:00 AM","Seasonally adjusted","Wholesale trade",1777887000,2419894000,21025708000,547882000,258914000,157368000,374455000,10691062000,29353000,4094076000,657964000,"8/19/2020 9:20:07 AM"
"29",42449,"5/1/1995 12:00:00 AM","Seasonally adjusted","Wholesale trade",1747114000,2460166000,20901063000,544859000,262723000,154672000,376240000,10614637000,32737000,4065158000,623417000,"8/19/2020 9:20:07 AM"
"30",42450,"6/1/1995 12:00:00 AM","Seasonally adjusted","Wholesale trade",1764252000,2470023000,21006174000,563967000,268439000,157047000,367638000,10659713000,33093000,4107649000,593553000,"8/19/2020 9:20:07 AM"
"31",42451,"7/1/1995 12:00:00 AM","Seasonally adjusted","Wholesale trade",1790616000,2581550000,21165499000,548878000,267313000,161594000,400536000,10683796000,30614000,4087558000,592891000,"8/19/2020 9:20:07 AM"
"32",42452,"8/1/1995 12:00:00 AM","Seasonally adjusted","Wholesale trade",1826289000,2450845000,21154236000,564318000,267128000,160963000,397096000,10718936000,32424000,4093955000,621594000,"8/19/2020 9:20:07 AM"
"33",42453,"9/1/1995 12:00:00 AM","Seasonally adjusted","Wholesale trade",1855025000,2451874000,21153359000,558297000,266970000,156014000,396787000,10594760000,31552000,4178201000,643400000,"8/19/2020 9:20:07 AM"
"34",42454,"10/1/1995 12:00:00 AM","Seasonally adjusted","Wholesale trade",1862626000,2441010000,20962788000,581018000,268348000,157429000,398648000,10499196000,31588000,4037412000,664437000,"8/19/2020 9:20:07 AM"
"35",42455,"11/1/1995 12:00:00 AM","Seasonally adjusted","Wholesale trade",1820294000,2482884000,21361274000,588914000,265059000,158117000,409729000,10843921000,33141000,4089441000,649329000,"8/19/2020 9:20:07 AM"
"36",42456,"12/1/1995 12:00:00 AM","Seasonally adjusted","Wholesale trade",1824672000,2427319000,21227390000,577780000,281941000,160758000,381823000,10821088000,33326000,4045759000,653516000,"8/19/2020 9:20:07 AM"
"37",42457,"1/1/1996 12:00:00 AM","Seasonally adjusted","Wholesale trade",1827361000,2498197000,21744518000,648381000,269506000,151221000,369254000,11158983000,33831000,4124540000,643670000,"8/19/2020 9:20:07 AM"
"38",42458,"2/1/1996 12:00:00 AM","Seasonally adjusted","Wholesale trade",1854722000,2513911000,21950889000,594333000,279255000,154471000,409442000,11267677000,31414000,4204498000,618762000,"8/19/2020 9:20:07 AM"
"39",42459,"3/1/1996 12:00:00 AM","Seasonally adjusted","Wholesale trade",1968785000,2557703000,22546347000,651222000,282095000,151874000,418938000,11436470000,32725000,4407766000,618926000,"8/19/2020 9:20:07 AM"
"40",42460,"4/1/1996 12:00:00 AM","Seasonally adjusted","Wholesale trade",1923715000,2571610000,22560832000,602341000,273046000,154314000,442931000,11646468000,33163000,4268651000,625223000,"8/19/2020 9:20:07 AM"
"41",42461,"5/1/1996 12:00:00 AM","Seasonally adjusted","Wholesale trade",1984030000,2559210000,22594325000,585992000,271451000,152566000,389204000,11742830000,31392000,4.239e+09,620712000,"8/19/2020 9:20:07 AM"
"42",42462,"6/1/1996 12:00:00 AM","Seasonally adjusted","Wholesale trade",2025329000,2614819000,23072442000,638279000,267884000,149150000,401461000,11898879000,33128000,4352684000,673601000,"8/19/2020 9:20:07 AM"
"43",42463,"7/1/1996 12:00:00 AM","Seasonally adjusted","Wholesale trade",1999935000,2558064000,22872782000,632984000,263602000,146205000,398227000,11904685000,31411000,4238205000,681805000,"8/19/2020 9:20:07 AM"
"44",42464,"8/1/1996 12:00:00 AM","Seasonally adjusted","Wholesale trade",2106792000,2674357000,23324683000,634127000,271302000,149078000,417494000,11944156000,34099000,4369474000,703110000,"8/19/2020 9:20:07 AM"
"45",42465,"9/1/1996 12:00:00 AM","Seasonally adjusted","Wholesale trade",2114925000,2656793000,23683485000,650188000,273905000,151551000,408131000,12258597000,32662000,4388618000,728785000,"8/19/2020 9:20:07 AM"
"46",42466,"10/1/1996 12:00:00 AM","Seasonally adjusted","Wholesale trade",2138196000,2661750000,23439587000,643251000,280342000,148284000,417146000,11951700000,32985000,4454834000,692686000,"8/19/2020 9:20:07 AM"
"47",42467,"11/1/1996 12:00:00 AM","Seasonally adjusted","Wholesale trade",2180057000,2612564000,23866084000,670132000,285499000,150178000,422979000,12349505000,33272000,4376292000,766919000,"8/19/2020 9:20:07 AM"
"48",42468,"12/1/1996 12:00:00 AM","Seasonally adjusted","Wholesale trade",2151244000,2574134000,23965737000,688482000,293037000,144290000,395888000,12403806000,32558000,4521544000,742213000,"8/19/2020 9:20:07 AM"
"49",42469,"1/1/1997 12:00:00 AM","Seasonally adjusted","Wholesale trade",2275598000,2728591000,24459881000,681870000,288709000,154214000,454742000,12576708000,32878000,4578279000,669207000,"8/19/2020 9:20:07 AM"
"50",42470,"2/1/1997 12:00:00 AM","Seasonally adjusted","Wholesale trade",2370237000,2960137000,25172702000,710156000,289818000,149215000,468639000,12807548000,32947000,4620938000,743915000,"8/19/2020 9:20:07 AM"
"51",42471,"3/1/1997 12:00:00 AM","Seasonally adjusted","Wholesale trade",2379929000,2734755000,25088752000,685952000,290536000,152568000,446466000,12990580000,32364000,4613289000,741790000,"8/19/2020 9:20:07 AM"
"52",42472,"4/1/1997 12:00:00 AM","Seasonally adjusted","Wholesale trade",2415149000,2827582000,25485358000,663238000,300280000,150686000,445998000,13147968000,31606000,4740102000,743082000,"8/19/2020 9:20:07 AM"
"53",42473,"5/1/1997 12:00:00 AM","Seasonally adjusted","Wholesale trade",2464915000,2714116000,25544871000,707083000,295626000,149902000,408546000,13167011000,28714000,4813321000,776876000,"8/19/2020 9:20:07 AM"
"54",42474,"6/1/1997 12:00:00 AM","Seasonally adjusted","Wholesale trade",2465296000,2648008000,26063087000,716913000,296217000,161005000,465916000,13638105000,30417000,4805832000,817400000,"8/19/2020 9:20:07 AM"
"55",42475,"7/1/1997 12:00:00 AM","Seasonally adjusted","Wholesale trade",2538722000,2724599000,26280222000,696331000,305369000,165985000,474759000,13713121000,31510000,4867236000,745623000,"8/19/2020 9:20:07 AM"
"56",42476,"8/1/1997 12:00:00 AM","Seasonally adjusted","Wholesale trade",2525772000,2766006000,26543176000,718043000,311748000,158531000,449703000,13997635000,29098000,4800316000,768064000,"8/19/2020 9:20:07 AM"
"57",42477,"9/1/1997 12:00:00 AM","Seasonally adjusted","Wholesale trade",2620570000,2682743000,26763284000,658898000,318160000,159923000,466100000,14167917000,29057000,4886397000,753679000,"8/19/2020 9:20:07 AM"
"58",42478,"10/1/1997 12:00:00 AM","Seasonally adjusted","Wholesale trade",2642589000,2754703000,27512591000,719110000,327671000,162104000,484849000,14462708000,30654000,5117194000,790182000,"8/19/2020 9:20:07 AM"
"59",42479,"11/1/1997 12:00:00 AM","Seasonally adjusted","Wholesale trade",2638471000,2774718000,27316358000,763736000,324377000,150095000,480165000,14438408000,28207000,4950868000,745865000,"8/19/2020 9:20:07 AM"
"60",42480,"12/1/1997 12:00:00 AM","Seasonally adjusted","Wholesale trade",2731746000,2792254000,27277576000,685493000,320913000,167400000,422269000,14345212000,29526000,4919678000,843911000,"8/19/2020 9:20:07 AM"
"61",42481,"1/1/1998 12:00:00 AM","Seasonally adjusted","Wholesale trade",2587961000,2702960000,26239586000,660800000,329788000,155839000,434483000,13699762000,29193000,4806878000,815190000,"8/19/2020 9:20:07 AM"
"62",42482,"2/1/1998 12:00:00 AM","Seasonally adjusted","Wholesale trade",2472525000,2766606000,26990837000,664613000,323254000,159988000,432232000,14414777000,32109000,4929015000,779822000,"8/19/2020 9:20:07 AM"
"63",42483,"3/1/1998 12:00:00 AM","Seasonally adjusted","Wholesale trade",2515762000,2719302000,26846286000,656799000,325420000,161239000,441152000,14249153000,33083000,4917659000,809391000,"8/19/2020 9:20:07 AM"
"64",42484,"4/1/1998 12:00:00 AM","Seasonally adjusted","Wholesale trade",2599940000,2678795000,27300926000,683746000,331175000,167621000,435231000,14440929000,32386000,5081291000,831178000,"8/19/2020 9:20:07 AM"
"65",42485,"5/1/1998 12:00:00 AM","Seasonally adjusted","Wholesale trade",2570778000,2731092000,27474717000,720522000,324708000,160493000,465097000,14604717000,35304000,4974739000,866844000,"8/19/2020 9:20:07 AM"
"66",42486,"6/1/1998 12:00:00 AM","Seasonally adjusted","Wholesale trade",2473815000,2651181000,26628379000,642841000,345609000,152978000,461189000,14034432000,34078000,5039707000,772259000,"8/19/2020 9:20:07 AM"
"67",42487,"7/1/1998 12:00:00 AM","Seasonally adjusted","Wholesale trade",2439380000,2620129000,26330252000,664902000,328172000,141370000,427701000,13849101000,37025000,4958036000,846775000,"8/19/2020 9:20:07 AM"
"68",42488,"8/1/1998 12:00:00 AM","Seasonally adjusted","Wholesale trade",2416433000,2616608000,26480552000,633378000,322738000,135027000,443500000,14109012000,32958000,5018555000,735109000,"8/19/2020 9:20:07 AM"
"69",42489,"9/1/1998 12:00:00 AM","Seasonally adjusted","Wholesale trade",2340152000,2621773000,26631017000,652036000,317706000,153755000,443190000,14315921000,30099000,5045393000,693908000,"8/19/2020 9:20:07 AM"
"70",42490,"10/1/1998 12:00:00 AM","Seasonally adjusted","Wholesale trade",2323736000,2632621000,27335062000,642627000,311980000,159779000,448669000,15000042000,32516000,5075374000,690405000,"8/19/2020 9:20:07 AM"
"71",42491,"11/1/1998 12:00:00 AM","Seasonally adjusted","Wholesale trade",2327783000,2625551000,27080042000,632502000,305915000,162896000,471394000,14649794000,34958000,5137868000,714073000,"8/19/2020 9:20:07 AM"
"72",42492,"12/1/1998 12:00:00 AM","Seasonally adjusted","Wholesale trade",2307138000,2615961000,27251172000,641257000,307411000,162570000,482087000,14919542000,33509000,5074737000,687626000,"8/19/2020 9:20:07 AM"
"73",42493,"1/1/1999 12:00:00 AM","Seasonally adjusted","Wholesale trade",2367532000,2605663000,27846121000,658107000,338304000,173216000,491269000,15109973000,34797000,5340503000,706043000,"8/19/2020 9:20:07 AM"
"74",42494,"2/1/1999 12:00:00 AM","Seasonally adjusted","Wholesale trade",2361083000,2592493000,28286947000,661150000,342086000,172119000,492057000,15414356000,33561000,5423581000,778181000,"8/19/2020 9:20:07 AM"
"75",42495,"3/1/1999 12:00:00 AM","Seasonally adjusted","Wholesale trade",2352058000,2626660000,28059604000,678974000,354131000,173273000,493942000,15194392000,32878000,5422020000,709999000,"8/19/2020 9:20:07 AM"
"76",42496,"4/1/1999 12:00:00 AM","Seasonally adjusted","Wholesale trade",2411049000,2612447000,28398538000,689416000,354667000,174819000,522505000,15377028000,32547000,5484418000,718900000,"8/19/2020 9:20:07 AM"
"77",42497,"5/1/1999 12:00:00 AM","Seasonally adjusted","Wholesale trade",2407009000,2724999000,28665196000,662018000,356062000,182785000,523268000,15524596000,32929000,5518104000,711770000,"8/19/2020 9:20:07 AM"
"78",42498,"6/1/1999 12:00:00 AM","Seasonally adjusted","Wholesale trade",2488420000,2755412000,28652057000,678130000,356900000,183967000,507856000,15410846000,31732000,5442314000,774611000,"8/19/2020 9:20:07 AM"
"79",42499,"7/1/1999 12:00:00 AM","Seasonally adjusted","Wholesale trade",2441485000,2818008000,28919332000,668230000,359147000,178872000,501649000,15619298000,32161000,5520878000,760027000,"8/19/2020 9:20:07 AM"
"80",42500,"8/1/1999 12:00:00 AM","Seasonally adjusted","Wholesale trade",2474107000,2820269000,29449751000,697057000,366427000,187023000,501758000,15971806000,36453000,5648551000,725587000,"8/19/2020 9:20:07 AM"
"81",42501,"9/1/1999 12:00:00 AM","Seasonally adjusted","Wholesale trade",2533668000,2891125000,29568602000,674595000,365017000,182358000,508990000,15898226000,35231000,5.678e+09,776395000,"8/19/2020 9:20:07 AM"
"82",42502,"10/1/1999 12:00:00 AM","Seasonally adjusted","Wholesale trade",2569645000,2891104000,30003443000,676718000,373811000,176195000,499536000,16326577000,32766000,5664367000,770385000,"8/19/2020 9:20:07 AM"
"83",42503,"11/1/1999 12:00:00 AM","Seasonally adjusted","Wholesale trade",2610845000,2870508000,30561640000,689748000,383841000,177362000,487205000,16860778000,32615000,5674112000,755014000,"8/19/2020 9:20:07 AM"
"84",42504,"12/1/1999 12:00:00 AM","Seasonally adjusted","Wholesale trade",2699777000,2890059000,30395428000,686220000,404837000,180524000,514134000,16506090000,35258000,5708501000,748955000,"8/19/2020 9:20:07 AM"
"85",42505,"1/1/2000 12:00:00 AM","Seasonally adjusted","Wholesale trade",2699307000,2872138000,30349216000,691193000,384793000,190727000,490024000,16467181000,34445000,5702975000,796794000,"8/19/2020 9:20:07 AM"
"86",42506,"2/1/2000 12:00:00 AM","Seasonally adjusted","Wholesale trade",2678671000,2787343000,30195810000,682616000,363258000,187443000,538722000,16570272000,37078000,5508941000,813668000,"8/19/2020 9:20:07 AM"
"87",42507,"3/1/2000 12:00:00 AM","Seasonally adjusted","Wholesale trade",2738604000,2864765000,30670068000,668435000,371368000,183760000,529480000,16725625000,37545000,5733315000,794785000,"8/19/2020 9:20:07 AM"
"88",42508,"4/1/2000 12:00:00 AM","Seasonally adjusted","Wholesale trade",2758255000,2891458000,30826602000,656451000,378723000,193536000,530663000,16834801000,37716000,5726143000,796575000,"8/19/2020 9:20:07 AM"
"89",42509,"5/1/2000 12:00:00 AM","Seasonally adjusted","Wholesale trade",2741222000,2837569000,30975985000,659412000,391012000,190535000,521373000,17011389000,34938000,5782900000,780981000,"8/19/2020 9:20:07 AM"
"90",42510,"6/1/2000 12:00:00 AM","Seasonally adjusted","Wholesale trade",2745407000,2808473000,31016416000,633609000,381218000,187826000,514626000,17064698000,34859000,5859583000,766271000,"8/19/2020 9:20:07 AM"
"91",42511,"7/1/2000 12:00:00 AM","Seasonally adjusted","Wholesale trade",2889903000,2836909000,31306416000,656827000,386134000,182561000,516326000,17014366000,36597000,5967267000,797919000,"8/19/2020 9:20:07 AM"
"92",42512,"8/1/2000 12:00:00 AM","Seasonally adjusted","Wholesale trade",2759229000,2801550000,30697010000,670877000,378036000,181271000,508746000,16667467000,36731000,5881161000,788325000,"8/19/2020 9:20:07 AM"
"93",42513,"9/1/2000 12:00:00 AM","Seasonally adjusted","Wholesale trade",2794830000,2802414000,30979419000,690890000,387423000,189893000,484873000,16920048000,36005000,5890011000,763152000,"8/19/2020 9:20:07 AM"
"94",42514,"10/1/2000 12:00:00 AM","Seasonally adjusted","Wholesale trade",2813741000,2807947000,31306365000,688477000,375541000,185212000,513380000,17096678000,34841000,5971655000,796033000,"8/19/2020 9:20:07 AM"
"95",42515,"11/1/2000 12:00:00 AM","Seasonally adjusted","Wholesale trade",2833422000,2817228000,31059814000,688524000,372312000,190514000,513734000,16816250000,35770000,5991404000,777549000,"8/19/2020 9:20:07 AM"
"96",42516,"12/1/2000 12:00:00 AM","Seasonally adjusted","Wholesale trade",2802266000,2902507000,31411642000,702208000,383184000,189177000,515521000,17054997000,35793000,6051121000,750886000,"8/19/2020 9:20:07 AM"
"97",42517,"1/1/2001 12:00:00 AM","Seasonally adjusted","Wholesale trade",2832295000,2820261000,31455523000,719139000,372065000,199425000,506621000,17055707000,36109000,6094757000,794204000,"8/19/2020 9:20:07 AM"
"98",42518,"2/1/2001 12:00:00 AM","Seasonally adjusted","Wholesale trade",2894993000,2824201000,31096224000,706554000,393658000,188632000,501088000,16701281000,33735000,6036762000,782957000,"8/19/2020 9:20:07 AM"
"99",42519,"3/1/2001 12:00:00 AM","Seasonally adjusted","Wholesale trade",2833019000,2800106000,30825605000,707217000,348807000,183705000,491956000,16786260000,31842000,5866740000,751535000,"8/19/2020 9:20:07 AM"
"100",42520,"4/1/2001 12:00:00 AM","Seasonally adjusted","Wholesale trade",2874854000,2827968000,31047847000,674138000,382256000,169029000,504547000,16756166000,34781000,5957449000,840284000,"8/19/2020 9:20:07 AM"
"101",42521,"5/1/2001 12:00:00 AM","Seasonally adjusted","Wholesale trade",2943135000,2843540000,31022005000,674180000,387519000,174718000,511552000,16426263000,37355000,6051806000,944276000,"8/19/2020 9:20:07 AM"
"102",42522,"6/1/2001 12:00:00 AM","Seasonally adjusted","Wholesale trade",3061266000,2922231000,32103414000,717066000,404701000,174655000,524786000,17318876000,38959000,6055320000,860650000,"8/19/2020 9:20:07 AM"
"103",42523,"7/1/2001 12:00:00 AM","Seasonally adjusted","Wholesale trade",3096801000,2943372000,32293202000,737246000,406124000,179956000,534407000,17415322000,40237000,6040088000,873739000,"8/19/2020 9:20:07 AM"
"104",42524,"8/1/2001 12:00:00 AM","Seasonally adjusted","Wholesale trade",3059859000,2871633000,32271342000,745260000,396114000,182061000,546703000,17417988000,37346000,6094602000,896769000,"8/19/2020 9:20:07 AM"
"105",42525,"9/1/2001 12:00:00 AM","Seasonally adjusted","Wholesale trade",2980137000,2873747000,32105590000,728397000,415130000,178706000,538826000,17467072000,36307000,6009620000,854093000,"8/19/2020 9:20:07 AM"
"106",42526,"10/1/2001 12:00:00 AM","Seasonally adjusted","Wholesale trade",3001558000,2881987000,31315005000,724072000,378928000,180732000,512274000,16667843000,33094000,6114442000,794579000,"8/19/2020 9:20:07 AM"
"107",42527,"11/1/2001 12:00:00 AM","Seasonally adjusted","Wholesale trade",2937988000,2729529000,31225805000,748003000,351586000,188339000,517837000,16809604000,35894000,6035811000,846269000,"8/19/2020 9:20:07 AM"
"108",42528,"12/1/2001 12:00:00 AM","Seasonally adjusted","Wholesale trade",3055139000,2839463000,31738243000,757641000,364910000,176733000,539444000,16838837000,37162000,6155131000,940389000,"8/19/2020 9:20:07 AM"
"109",42529,"1/1/2002 12:00:00 AM","Seasonally adjusted","Wholesale trade",3066792000,2908789000,32661826000,732278000,361545000,179400000,521481000,17656245000,40046000,6286768000,880136000,"8/19/2020 9:20:07 AM"
"110",42530,"2/1/2002 12:00:00 AM","Seasonally adjusted","Wholesale trade",2980274000,2926891000,32957604000,732726000,367985000,185039000,530882000,17760898000,37157000,6508648000,863883000,"8/19/2020 9:20:07 AM"
"111",42531,"3/1/2002 12:00:00 AM","Seasonally adjusted","Wholesale trade",3004502000,2948720000,32973299000,720567000,375968000,184107000,539174000,17801874000,36383000,6426379000,913085000,"8/19/2020 9:20:07 AM"
"112",42532,"4/1/2002 12:00:00 AM","Seasonally adjusted","Wholesale trade",2984399000,3004224000,33406855000,754697000,392732000,188278000,530912000,18105941000,36838000,6488646000,895309000,"8/19/2020 9:20:07 AM"
"113",42533,"5/1/2002 12:00:00 AM","Seasonally adjusted","Wholesale trade",2977575000,3036615000,33836873000,766027000,384209000,183574000,547540000,18478672000,33438000,6531986000,869293000,"8/19/2020 9:20:07 AM"
"114",42534,"6/1/2002 12:00:00 AM","Seasonally adjusted","Wholesale trade",3018131000,3107765000,33437377000,791476000,387439000,185463000,546434000,17862917000,35116000,6565868000,900868000,"8/19/2020 9:20:07 AM"
"115",42535,"7/1/2002 12:00:00 AM","Seasonally adjusted","Wholesale trade",3030897000,3042808000,33959456000,805383000,382364000,190528000,549533000,18431580000,35901000,6547126000,901240000,"8/19/2020 9:20:07 AM"
"116",42536,"8/1/2002 12:00:00 AM","Seasonally adjusted","Wholesale trade",3112986000,3148909000,34508048000,787541000,385576000,186388000,530063000,18835012000,35978000,6504849000,918911000,"8/19/2020 9:20:07 AM"
"117",42537,"9/1/2002 12:00:00 AM","Seasonally adjusted","Wholesale trade",3138503000,3128550000,34397391000,830581000,373167000,185853000,511828000,18673362000,37508000,6548224000,937784000,"8/19/2020 9:20:07 AM"
"118",42538,"10/1/2002 12:00:00 AM","Seasonally adjusted","Wholesale trade",3120227000,3139325000,34638352000,837969000,393211000,188919000,545125000,18981674000,38185000,6523410000,846013000,"8/19/2020 9:20:07 AM"
"119",42539,"11/1/2002 12:00:00 AM","Seasonally adjusted","Wholesale trade",3168855000,3190713000,35148415000,813793000,400843000,176557000,564597000,19288359000,41320000,6572328000,901204000,"8/19/2020 9:20:07 AM"
"120",42540,"12/1/2002 12:00:00 AM","Seasonally adjusted","Wholesale trade",3384204000,3196111000,34796488000,825831000,400816000,179585000,570711000,18532630000,39427000,6659460000,984653000,"8/19/2020 9:20:07 AM"
"121",42541,"1/1/2003 12:00:00 AM","Seasonally adjusted","Wholesale trade",3261277000,3305872000,35245260000,855443000,397739000,182625000,560227000,19026893000,38545000,6600976000,990600000,"8/19/2020 9:20:07 AM"
"122",42542,"2/1/2003 12:00:00 AM","Seasonally adjusted","Wholesale trade",3283909000,3294254000,35318433000,852554000,392427000,181338000,555697000,19180319000,40661000,6542616000,970929000,"8/19/2020 9:20:07 AM"
"123",42543,"3/1/2003 12:00:00 AM","Seasonally adjusted","Wholesale trade",3238066000,3319656000,34884244000,875567000,378066000,182889000,552866000,18826048000,40289000,6488546000,954131000,"8/19/2020 9:20:07 AM"
"124",42544,"4/1/2003 12:00:00 AM","Seasonally adjusted","Wholesale trade",3137217000,3048457000,34113164000,817788000,367995000,179907000,538624000,18486116000,42230000,6574459000,886930000,"8/19/2020 9:20:07 AM"
"125",42545,"5/1/2003 12:00:00 AM","Seasonally adjusted","Wholesale trade",3270892000,3083596000,33917731000,886618000,375176000,172072000,571877000,18089625000,39893000,6452544000,950959000,"8/19/2020 9:20:07 AM"
"126",42546,"6/1/2003 12:00:00 AM","Seasonally adjusted","Wholesale trade",3313644000,3060895000,34220418000,838370000,365336000,180454000,596796000,18443518000,41021000,6438115000,919574000,"8/19/2020 9:20:07 AM"
"127",42547,"7/1/2003 12:00:00 AM","Seasonally adjusted","Wholesale trade",3322047000,3045990000,34437494000,838817000,390530000,187551000,546890000,18602047000,44149000,6526662000,904614000,"8/19/2020 9:20:07 AM"
"128",42548,"8/1/2003 12:00:00 AM","Seasonally adjusted","Wholesale trade",3296124000,3048017000,32608125000,815166000,371009000,195011000,551127000,16896308000,43925000,6508621000,854956000,"8/19/2020 9:20:07 AM"
"129",42549,"9/1/2003 12:00:00 AM","Seasonally adjusted","Wholesale trade",3335104000,3133615000,34846077000,779755000,366746000,186281000,543109000,18860395000,41868000,6723590000,844089000,"8/19/2020 9:20:07 AM"
"130",42550,"10/1/2003 12:00:00 AM","Seasonally adjusted","Wholesale trade",3437376000,3151560000,34896961000,780989000,382806000,186302000,559527000,18915620000,43072000,6544400000,860683000,"8/19/2020 9:20:07 AM"
"131",42551,"11/1/2003 12:00:00 AM","Seasonally adjusted","Wholesale trade",3468697000,3288571000,35401432000,803497000,370684000,188612000,551526000,19204737000,40238000,6563331000,888656000,"8/19/2020 9:20:07 AM"
"132",42552,"12/1/2003 12:00:00 AM","Seasonally adjusted","Wholesale trade",3602609000,3384996000,35708116000,788697000,369283000,188500000,559971000,19105493000,41113000,6738933000,886353000,"8/19/2020 9:20:07 AM"
"133",42553,"1/1/2004 12:00:00 AM","Seasonally adjusted","Wholesale trade",3412457000,3174702000,35239195000,768672000,374931000,186889000,523556000,19057133000,42103000,6784620000,875878000,"8/19/2020 9:20:07 AM"
"134",42554,"2/1/2004 12:00:00 AM","Seasonally adjusted","Wholesale trade",3443478000,3223125000,35409520000,812621000,376613000,183186000,528474000,19208788000,42238000,6771747000,776673000,"8/19/2020 9:20:07 AM"
"135",42555,"3/1/2004 12:00:00 AM","Seasonally adjusted","Wholesale trade",3500841000,3310907000,36120878000,826851000,387901000,191634000,526136000,19480899000,45507000,6950583000,860912000,"8/19/2020 9:20:07 AM"
"136",42556,"4/1/2004 12:00:00 AM","Seasonally adjusted","Wholesale trade",3608476000,3456989000,36427303000,811218000,365694000,185964000,520229000,19674690000,49204000,6838256000,875462000,"8/19/2020 9:20:07 AM"
"137",42557,"5/1/2004 12:00:00 AM","Seasonally adjusted","Wholesale trade",3710335000,3554589000,37037779000,779778000,393438000,186905000,538708000,19944916000,51182000,6955702000,880909000,"8/19/2020 9:20:07 AM"
"138",42558,"6/1/2004 12:00:00 AM","Seasonally adjusted","Wholesale trade",3764735000,3560353000,37579090000,859413000,396507000,189822000,548147000,20191003000,52003000,6995971000,977214000,"8/19/2020 9:20:07 AM"
"139",42559,"7/1/2004 12:00:00 AM","Seasonally adjusted","Wholesale trade",3661595000,3671905000,36459973000,858006000,392675000,192228000,550405000,19112930000,54141000,7010039000,911089000,"8/19/2020 9:20:07 AM"
"140",42560,"8/1/2004 12:00:00 AM","Seasonally adjusted","Wholesale trade",3864443000,3611171000,37563504000,861607000,393661000,189026000,541783000,19976985000,52736000,7088987000,932093000,"8/19/2020 9:20:07 AM"
"141",42561,"9/1/2004 12:00:00 AM","Seasonally adjusted","Wholesale trade",3883582000,3648444000,37651699000,863092000,397507000,186091000,521966000,19988078000,52400000,7127036000,939740000,"8/19/2020 9:20:07 AM"
"142",42562,"10/1/2004 12:00:00 AM","Seasonally adjusted","Wholesale trade",3889919000,3592671000,37513738000,799763000,398708000,190261000,538386000,19908461000,52050000,7147381000,942410000,"8/19/2020 9:20:07 AM"
"143",42563,"11/1/2004 12:00:00 AM","Seasonally adjusted","Wholesale trade",4025225000,3601696000,38021113000,914241000,399182000,198118000,548412000,19984769000,50447000,7292775000,948170000,"8/19/2020 9:20:07 AM"
"144",42564,"12/1/2004 12:00:00 AM","Seasonally adjusted","Wholesale trade",3998893000,3612761000,37986524000,880375000,390665000,197065000,546182000,20052585000,48572000,7260932000,951013000,"8/19/2020 9:20:07 AM"
"145",42565,"1/1/2005 12:00:00 AM","Seasonally adjusted","Wholesale trade",3973536000,3460341000,38071922000,919936000,398004000,190312000,525093000,20174329000,47141000,7406761000,920347000,"8/19/2020 9:20:07 AM"
"146",42566,"2/1/2005 12:00:00 AM","Seasonally adjusted","Wholesale trade",4069916000,3663569000,38583598000,921340000,420792000,198333000,540876000,20282393000,50100000,7363887000,1011016000,"8/19/2020 9:20:07 AM"
"147",42567,"3/1/2005 12:00:00 AM","Seasonally adjusted","Wholesale trade",4152447000,3618314000,37999231000,912111000,392040000,190155000,527584000,19971041000,49684000,7216904000,924059000,"8/19/2020 9:20:07 AM"
"148",42568,"4/1/2005 12:00:00 AM","Seasonally adjusted","Wholesale trade",4280266000,3717798000,38388917000,918455000,387342000,203575000,540436000,20011153000,48158000,7224996000,1010356000,"8/19/2020 9:20:07 AM"
"149",42569,"5/1/2005 12:00:00 AM","Seasonally adjusted","Wholesale trade",4289936000,3738602000,38636028000,912142000,403816000,201356000,556280000,20118897000,51078000,7265712000,1045644000,"8/19/2020 9:20:07 AM"
"150",42570,"6/1/2005 12:00:00 AM","Seasonally adjusted","Wholesale trade",4332618000,3803462000,39293752000,922797000,422723000,205628000,563931000,20384291000,53270000,7483438000,1068597000,"8/19/2020 9:20:07 AM"
"151",42571,"7/1/2005 12:00:00 AM","Seasonally adjusted","Wholesale trade",4256935000,3657320000,37763855000,888089000,405760000,191596000,552964000,19394115000,50576000,7297335000,1016489000,"8/19/2020 9:20:07 AM"
"152",42572,"8/1/2005 12:00:00 AM","Seasonally adjusted","Wholesale trade",4329255000,3806566000,39065452000,881472000,381283000,193214000,546721000,20528811000,51505000,7338894000,949527000,"8/19/2020 9:20:07 AM"
"153",42573,"9/1/2005 12:00:00 AM","Seasonally adjusted","Wholesale trade",4456497000,3880288000,39778093000,903956000,406367000,201813000,567191000,20747769000,35477000,7518327000,1001430000,"8/19/2020 9:20:07 AM"
"154",42574,"10/1/2005 12:00:00 AM","Seasonally adjusted","Wholesale trade",4538908000,3813527000,40523897000,925406000,396187000,204687000,555967000,21226830000,34970000,7708772000,1057339000,"8/19/2020 9:20:07 AM"
"155",42575,"11/1/2005 12:00:00 AM","Seasonally adjusted","Wholesale trade",4597821000,3890634000,40323404000,931657000,402559000,201074000,563557000,20889921000,36180000,7698409000,1051564000,"8/19/2020 9:20:07 AM"
"156",42576,"12/1/2005 12:00:00 AM","Seasonally adjusted","Wholesale trade",4621198000,3971924000,40185148000,940556000,402505000,202168000,570433000,20835911000,37116000,7545874000,1019615000,"8/19/2020 9:20:07 AM"
"157",42577,"1/1/2006 12:00:00 AM","Seasonally adjusted","Wholesale trade",4711459000,4040688000,40604596000,903599000,398202000,208080000,595697000,21174421000,37184000,7574770000,916805000,"8/19/2020 9:20:07 AM"
"158",42578,"2/1/2006 12:00:00 AM","Seasonally adjusted","Wholesale trade",4776810000,3978641000,40484557000,909754000,398973000,203607000,555050000,21127491000,36879000,7489596000,966268000,"8/19/2020 9:20:07 AM"
"159",42579,"3/1/2006 12:00:00 AM","Seasonally adjusted","Wholesale trade",4778051000,4031050000,40454567000,900109000,407947000,194258000,513718000,21115706000,32947000,7449493000,971491000,"8/19/2020 9:20:07 AM"
"160",42580,"4/1/2006 12:00:00 AM","Seasonally adjusted","Wholesale trade",4848506000,3979646000,40897902000,949921000,402931000,212502000,556056000,21262173000,34210000,7603186000,989919000,"8/19/2020 9:20:07 AM"
"161",42581,"5/1/2006 12:00:00 AM","Seasonally adjusted","Wholesale trade",4906460000,4056271000,41178773000,995699000,404755000,212987000,546684000,21259669000,44142000,7650503000,1043848000,"8/19/2020 9:20:07 AM"
"162",42582,"6/1/2006 12:00:00 AM","Seasonally adjusted","Wholesale trade",4945793000,3955682000,40701952000,1020424000,406360000,207447000,531520000,20762658000,36629000,7743871000,1030634000,"8/19/2020 9:20:07 AM"
"163",42583,"7/1/2006 12:00:00 AM","Seasonally adjusted","Wholesale trade",4884395000,4035700000,40871608000,998304000,398469000,209736000,576556000,20924455000,37236000,7705205000,1040598000,"8/19/2020 9:20:07 AM"
"164",42584,"8/1/2006 12:00:00 AM","Seasonally adjusted","Wholesale trade",4870892000,4249321000,41333090000,1049703000,399159000,218638000,544056000,21128838000,37487000,7.68e+09,1093827000,"8/19/2020 9:20:07 AM"
"165",42585,"9/1/2006 12:00:00 AM","Seasonally adjusted","Wholesale trade",4853206000,4071815000,40850600000,1080173000,405276000,209681000,542075000,20983747000,37414000,7506244000,1096202000,"8/19/2020 9:20:07 AM"
"166",42586,"10/1/2006 12:00:00 AM","Seasonally adjusted","Wholesale trade",4802897000,4156067000,40660985000,1065031000,410667000,222691000,538778000,20702448000,35380000,7611075000,1054630000,"8/19/2020 9:20:07 AM"
"167",42587,"11/1/2006 12:00:00 AM","Seasonally adjusted","Wholesale trade",4913457000,4074537000,41056458000,1064331000,412035000,224341000,533685000,20902061000,38371000,7771030000,1084851000,"8/19/2020 9:20:07 AM"
"168",42588,"12/1/2006 12:00:00 AM","Seasonally adjusted","Wholesale trade",4953769000,4187442000,42971810000,1128208000,420140000,230765000,542323000,22345557000,41608000,7908943000,1163915000,"8/19/2020 9:20:07 AM"
"169",42589,"1/1/2007 12:00:00 AM","Seasonally adjusted","Wholesale trade",5051718000,4296958000,42241621000,1089838000,422083000,230141000,558575000,21606059000,42565000,7809206000,1078034000,"8/19/2020 9:20:07 AM"
"170",42590,"2/1/2007 12:00:00 AM","Seasonally adjusted","Wholesale trade",4983033000,4361624000,43363561000,1095635000,429271000,223237000,553073000,22455072000,41856000,8037988000,1124788000,"8/19/2020 9:20:07 AM"
"171",42591,"3/1/2007 12:00:00 AM","Seasonally adjusted","Wholesale trade",5069760000,4349247000,43861297000,1121838000,415694000,235623000,563819000,22565907000,39969000,8222108000,1209846000,"8/19/2020 9:20:07 AM"
"172",42592,"4/1/2007 12:00:00 AM","Seasonally adjusted","Wholesale trade",4860431000,4283324000,43290988000,1155511000,422900000,226751000,567493000,22270902000,41860000,8135230000,1261227000,"8/19/2020 9:20:07 AM"
"173",42593,"5/1/2007 12:00:00 AM","Seasonally adjusted","Wholesale trade",4824258000,4320795000,43389946000,1228217000,425360000,238011000,552786000,22234914000,41960000,8235899000,1211470000,"8/19/2020 9:20:07 AM"
"174",42594,"6/1/2007 12:00:00 AM","Seasonally adjusted","Wholesale trade",5071597000,4457189000,43325125000,1152110000,426961000,250536000,552934000,21980827000,40792000,8106011000,1217809000,"8/19/2020 9:20:07 AM"
"175",42595,"7/1/2007 12:00:00 AM","Seasonally adjusted","Wholesale trade",5071382000,4455541000,43026364000,1055617000,417155000,254534000,556054000,21847268000,37671000,8037724000,1218561000,"8/19/2020 9:20:07 AM"
"176",42596,"8/1/2007 12:00:00 AM","Seasonally adjusted","Wholesale trade",5047498000,4313269000,43070526000,1133479000,425211000,246878000,571050000,21946181000,38684000,8159679000,1111961000,"8/19/2020 9:20:07 AM"
"177",42597,"9/1/2007 12:00:00 AM","Seasonally adjusted","Wholesale trade",5080557000,4342990000,43165139000,1141781000,415619000,251075000,554261000,21747434000,41141000,8214558000,1303883000,"8/19/2020 9:20:07 AM"
"178",42598,"10/1/2007 12:00:00 AM","Seasonally adjusted","Wholesale trade",5126587000,4327274000,43515386000,1203470000,413779000,225925000,559214000,22088155000,37766000,8083129000,1360110000,"8/19/2020 9:20:07 AM"
"179",42599,"11/1/2007 12:00:00 AM","Seasonally adjusted","Wholesale trade",5111099000,4323512000,43502137000,1159810000,422692000,231675000,584502000,22182948000,38499000,7996921000,1386640000,"8/19/2020 9:20:07 AM"
"180",42600,"12/1/2007 12:00:00 AM","Seasonally adjusted","Wholesale trade",5048215000,4225906000,42329048000,1121546000,430774000,227867000,554555000,21347892000,35779000,7928168000,1336697000,"8/19/2020 9:20:07 AM"
"181",42601,"1/1/2008 12:00:00 AM","Seasonally adjusted","Wholesale trade",5035254000,4186238000,42850125000,1187777000,420943000,231478000,565882000,21621099000,37431000,8134350000,1361448000,"8/19/2020 9:20:07 AM"
"182",42602,"2/1/2008 12:00:00 AM","Seasonally adjusted","Wholesale trade",5118721000,4197548000,42780256000,1181948000,418319000,244385000,561753000,21430878000,37484000,8190013000,1327448000,"8/19/2020 9:20:07 AM"
"183",42603,"3/1/2008 12:00:00 AM","Seasonally adjusted","Wholesale trade",5226556000,4192983000,42959866000,1144855000,410401000,230964000,555033000,21369303000,36596000,8135957000,1588123000,"8/19/2020 9:20:07 AM"
"184",42604,"4/1/2008 12:00:00 AM","Seasonally adjusted","Wholesale trade",5439759000,4384100000,43970877000,1160305000,422724000,237258000,570477000,21760587000,39063000,8259744000,1624689000,"8/19/2020 9:20:07 AM"
"185",42605,"5/1/2008 12:00:00 AM","Seasonally adjusted","Wholesale trade",5741353000,4361076000,45526583000,1220756000,440608000,252832000,606773000,22460331000,41000000,8516091000,1816129000,"8/19/2020 9:20:07 AM"
"186",42606,"6/1/2008 12:00:00 AM","Seasonally adjusted","Wholesale trade",5548043000,4312218000,45579915000,1198061000,436930000,270532000,598989000,22607535000,39285000,8622088000,1868456000,"8/19/2020 9:20:07 AM"
"187",42607,"7/1/2008 12:00:00 AM","Seasonally adjusted","Wholesale trade",5604130000,4261008000,46063191000,1194232000,445918000,269571000,583812000,23038099000,39289000,8523897000,2022036000,"8/19/2020 9:20:07 AM"
"188",42608,"8/1/2008 12:00:00 AM","Seasonally adjusted","Wholesale trade",5869482000,4463498000,45811870000,1197856000,453733000,279324000,599190000,22220849000,39542000,8638455000,1979700000,"8/19/2020 9:20:07 AM"
"189",42609,"9/1/2008 12:00:00 AM","Seasonally adjusted","Wholesale trade",5764679000,4375518000,45932917000,1155679000,475140000,287161000,602553000,22449645000,40522000,8842171000,1866562000,"8/19/2020 9:20:07 AM"
"190",42610,"10/1/2008 12:00:00 AM","Seasonally adjusted","Wholesale trade",5834598000,4294137000,45178400000,1140643000,456585000,281635000,605763000,21821231000,41214000,8747688000,1888023000,"8/19/2020 9:20:07 AM"
"191",42611,"11/1/2008 12:00:00 AM","Seasonally adjusted","Wholesale trade",5609581000,4264161000,44077073000,1135104000,447310000,273157000,595681000,21527176000,44291000,8309119000,1808217000,"8/19/2020 9:20:07 AM"
"192",42612,"12/1/2008 12:00:00 AM","Seasonally adjusted","Wholesale trade",5303557000,3952848000,42544024000,1106623000,437601000,262996000,566379000,21186532000,38647000,8171785000,1450051000,"8/19/2020 9:20:07 AM"
"193",42613,"1/1/2009 12:00:00 AM","Seasonally adjusted","Wholesale trade",5263548000,3857232000,40695199000,1180087000,444982000,254330000,571981000,19338429000,37260000,8147444000,1521667000,"8/19/2020 9:20:07 AM"
"194",42614,"2/1/2009 12:00:00 AM","Seasonally adjusted","Wholesale trade",4976730000,3795010000,40501231000,1157100000,440230000,267513000,579106000,19597253000,36385000,8185337000,1384432000,"8/19/2020 9:20:07 AM"
"195",42615,"3/1/2009 12:00:00 AM","Seasonally adjusted","Wholesale trade",4797777000,3675346000,40316776000,1155797000,456876000,253565000,565264000,19884704000,38454000,8110185000,1324678000,"8/19/2020 9:20:07 AM"
"196",42616,"4/1/2009 12:00:00 AM","Seasonally adjusted","Wholesale trade",4841023000,3818907000,40401688000,1109785000,452456000,260990000,556811000,19771201000,39896000,8158657000,1330482000,"8/19/2020 9:20:07 AM"
"197",42617,"5/1/2009 12:00:00 AM","Seasonally adjusted","Wholesale trade",4528597000,3769964000,40277335000,1146001000,442536000,262556000,564421000,20036009000,36031000,8078836000,1351982000,"8/19/2020 9:20:07 AM"
"198",42618,"6/1/2009 12:00:00 AM","Seasonally adjusted","Wholesale trade",4611513000,3950650000,40786236000,1141699000,459913000,254632000,583966000,20304254000,37133000,8037120000,1346049000,"8/19/2020 9:20:07 AM"
"199",42619,"7/1/2009 12:00:00 AM","Seasonally adjusted","Wholesale trade",4479234000,3937880000,41962502000,1157052000,447408000,264490000,592234000,21454669000,37885000,8266973000,1267847000,"8/19/2020 9:20:07 AM"
"200",42620,"8/1/2009 12:00:00 AM","Seasonally adjusted","Wholesale trade",4493364000,3920086000,41622451000,1141045000,452669000,254406000,597725000,21050550000,38157000,8249211000,1370817000,"8/19/2020 9:20:07 AM"
"201",42621,"9/1/2009 12:00:00 AM","Seasonally adjusted","Wholesale trade",4442049000,3837668000,41683535000,1124223000,467737000,254890000,613051000,21284980000,38446000,8223790000,1341625000,"8/19/2020 9:20:07 AM"
"202",42622,"10/1/2009 12:00:00 AM","Seasonally adjusted","Wholesale trade",4358443000,3898771000,41922694000,1059202000,467497000,275914000,594836000,21705066000,37985000,8217859000,1250481000,"8/19/2020 9:20:07 AM"
"203",42623,"11/1/2009 12:00:00 AM","Seasonally adjusted","Wholesale trade",4439232000,3989095000,43075342000,1084967000,466272000,275670000,589741000,22639281000,36461000,8222831000,1273169000,"8/19/2020 9:20:07 AM"
"204",42624,"12/1/2009 12:00:00 AM","Seasonally adjusted","Wholesale trade",4575756000,4035602000,43347865000,1087859000,461649000,283765000,602720000,22690758000,33761000,8234524000,1279310000,"8/19/2020 9:20:07 AM"
"205",42625,"1/1/2010 12:00:00 AM","Seasonally adjusted","Wholesale trade",4678030000,4207501000,43635229000,1099225000,481320000,280339000,619572000,22232400000,38765000,8499096000,1438690000,"8/19/2020 9:20:07 AM"
"206",42626,"2/1/2010 12:00:00 AM","Seasonally adjusted","Wholesale trade",4785791000,4069903000,43450069000,1091581000,480778000,277539000,643578000,22063785000,40852000,8443127000,1493988000,"8/19/2020 9:20:07 AM"
"207",42627,"3/1/2010 12:00:00 AM","Seasonally adjusted","Wholesale trade",4910965000,4099484000,43621946000,1153623000,485954000,286428000,655272000,21935778000,43031000,8462533000,1534729000,"8/19/2020 9:20:07 AM"
"208",42628,"4/1/2010 12:00:00 AM","Seasonally adjusted","Wholesale trade",4926668000,4088995000,43780169000,1192094000,492196000,291227000,661196000,22036533000,43936000,8471231000,1514226000,"8/19/2020 9:20:07 AM"
"209",42629,"5/1/2010 12:00:00 AM","Seasonally adjusted","Wholesale trade",4871979000,4187336000,43587521000,1096700000,491187000,286610000,662729000,22056549000,41433000,8524099000,1306485000,"8/19/2020 9:20:07 AM"
"210",42630,"6/1/2010 12:00:00 AM","Seasonally adjusted","Wholesale trade",4927023000,4096568000,43702274000,1095714000,481192000,280270000,642258000,22257846000,39906000,8506404000,1298490000,"8/19/2020 9:20:07 AM"
"211",42631,"7/1/2010 12:00:00 AM","Seasonally adjusted","Wholesale trade",5016044000,4111047000,43297871000,1125535000,496929000,276836000,630490000,21838250000,37417000,8342664000,1354770000,"8/19/2020 9:20:07 AM"
"212",42632,"8/1/2010 12:00:00 AM","Seasonally adjusted","Wholesale trade",5166008000,4148756000,44005656000,1149970000,488267000,288005000,619947000,22219803000,40016000,8374992000,1446285000,"8/19/2020 9:20:07 AM"
"213",42633,"9/1/2010 12:00:00 AM","Seasonally adjusted","Wholesale trade",5232409000,4251659000,44456298000,1164606000,487083000,302741000,619407000,22420845000,44100000,8384107000,1473591000,"8/19/2020 9:20:07 AM"
"214",42634,"10/1/2010 12:00:00 AM","Seasonally adjusted","Wholesale trade",5266950000,4226295000,44487584000,1192060000,491065000,283045000,633806000,22433192000,39824000,8416264000,1438813000,"8/19/2020 9:20:07 AM"
"215",42635,"11/1/2010 12:00:00 AM","Seasonally adjusted","Wholesale trade",5309403000,4188848000,44889419000,1202990000,465465000,298344000,635419000,22470460000,48317000,8615777000,1589965000,"8/19/2020 9:20:07 AM"
"216",42636,"12/1/2010 12:00:00 AM","Seasonally adjusted","Wholesale trade",5341190000,4211146000,45356226000,1167396000,489084000,297297000,636069000,22707910000,45425000,8754253000,1642380000,"8/19/2020 9:20:07 AM"
"217",42637,"1/1/2011 12:00:00 AM","Seasonally adjusted","Wholesale trade",5370935000,4284065000,46410592000,1193497000,493852000,313285000,641096000,23223292000,46135000,8982957000,1794341000,"8/19/2020 9:20:07 AM"
"218",42638,"2/1/2011 12:00:00 AM","Seasonally adjusted","Wholesale trade",5371516000,4156811000,45524547000,1204373000,500798000,301975000,625247000,22951308000,44466000,8622730000,1676659000,"8/19/2020 9:20:07 AM"
"219",42639,"3/1/2011 12:00:00 AM","Seasonally adjusted","Wholesale trade",5536980000,4237714000,46082100000,1180396000,495384000,326622000,647329000,23074595000,44704000,8683590000,1787844000,"8/19/2020 9:20:07 AM"
"220",42640,"4/1/2011 12:00:00 AM","Seasonally adjusted","Wholesale trade",5398832000,4100453000,45776492000,1156950000,500900000,345773000,638318000,23073830000,47374000,8839267000,1600630000,"8/19/2020 9:20:07 AM"
"221",42641,"5/1/2011 12:00:00 AM","Seasonally adjusted","Wholesale trade",5584739000,4247890000,46121900000,1191930000,484785000,312454000,611665000,23064664000,47022000,8847876000,1663321000,"8/19/2020 9:20:07 AM"
"222",42642,"6/1/2011 12:00:00 AM","Seasonally adjusted","Wholesale trade",5755280000,4262089000,46344428000,1256654000,491753000,343826000,650145000,22851575000,47165000,8844409000,1770845000,"8/19/2020 9:20:07 AM"
"223",42643,"7/1/2011 12:00:00 AM","Seasonally adjusted","Wholesale trade",5773534000,4237715000,47155858000,1284342000,505656000,328046000,639138000,23617734000,47514000,8901250000,1759811000,"8/19/2020 9:20:07 AM"
"224",42644,"8/1/2011 12:00:00 AM","Seasonally adjusted","Wholesale trade",5852842000,4229460000,47120909000,1290969000,496870000,336155000,659207000,23483236000,48591000,8925272000,1729480000,"8/19/2020 9:20:07 AM"
"225",42645,"9/1/2011 12:00:00 AM","Seasonally adjusted","Wholesale trade",6030748000,4382176000,47802415000,1279428000,480209000,312282000,667600000,23583258000,47570000,9062813000,1891425000,"8/19/2020 9:20:07 AM"
"226",42646,"10/1/2011 12:00:00 AM","Seasonally adjusted","Wholesale trade",6209085000,4404569000,48224684000,1362312000,481093000,332348000,674824000,23634482000,50438000,9047909000,1956649000,"8/19/2020 9:20:07 AM"
"227",42647,"11/1/2011 12:00:00 AM","Seasonally adjusted","Wholesale trade",6.192e+09,4395899000,47841712000,1299541000,490585000,338620000,677196000,23437658000,49556000,8974256000,1908722000,"8/19/2020 9:20:07 AM"
"228",42648,"12/1/2011 12:00:00 AM","Seasonally adjusted","Wholesale trade",6246992000,4397990000,48659435000,1351327000,500068000,345784000,695269000,23930976000,48448000,9187201000,1882477000,"8/19/2020 9:20:07 AM"
"229",42649,"1/1/2012 12:00:00 AM","Seasonally adjusted","Wholesale trade",6254286000,4329302000,48097896000,1260467000,502898000,334093000,695953000,23919897000,48379000,8950858000,1725271000,"8/19/2020 9:20:07 AM"
"230",42650,"2/1/2012 12:00:00 AM","Seasonally adjusted","Wholesale trade",6232368000,4446887000,48620269000,1276776000,503710000,355138000,698358000,24166465000,46629000,8952645000,1865241000,"8/19/2020 9:20:07 AM"
"231",42651,"3/1/2012 12:00:00 AM","Seasonally adjusted","Wholesale trade",6333302000,4405646000,49215636000,1326337000,505254000,354302000,718513000,24493107000,48101000,9243985000,1708870000,"8/19/2020 9:20:07 AM"
"232",42652,"4/1/2012 12:00:00 AM","Seasonally adjusted","Wholesale trade",6430863000,4403278000,49273782000,1407856000,502671000,333939000,706281000,24053481000,45456000,9318054000,1996275000,"8/19/2020 9:20:07 AM"
"233",42653,"5/1/2012 12:00:00 AM","Seasonally adjusted","Wholesale trade",6507167000,4502818000,49011670000,1310855000,513382000,350128000,695232000,23681436000,43440000,9406185000,1909285000,"8/19/2020 9:20:07 AM"
"234",42654,"6/1/2012 12:00:00 AM","Seasonally adjusted","Wholesale trade",6334609000,4513929000,49587092000,1328907000,487316000,322649000,695443000,24261439000,50480000,9573733000,1938556000,"8/19/2020 9:20:07 AM"
"235",42655,"7/1/2012 12:00:00 AM","Seasonally adjusted","Wholesale trade",6445840000,4547042000,49250535000,1280448000,479235000,331876000,720167000,23776686000,50078000,9554071000,1982708000,"8/19/2020 9:20:07 AM"
"236",42656,"8/1/2012 12:00:00 AM","Seasonally adjusted","Wholesale trade",6415748000,4548619000,49086941000,1291302000,486658000,336623000,718633000,23773759000,50254000,9495699000,1893860000,"8/19/2020 9:20:07 AM"
"237",42657,"9/1/2012 12:00:00 AM","Seasonally adjusted","Wholesale trade",6435434000,4550167000,48629597000,1339385000,491115000,313748000,711506000,23555273000,47300000,9356409000,1756944000,"8/19/2020 9:20:07 AM"
"238",42658,"10/1/2012 12:00:00 AM","Seasonally adjusted","Wholesale trade",6421800000,4628590000,48780192000,1327616000,501352000,347259000,706625000,23586467000,48814000,9377849000,1750644000,"8/19/2020 9:20:07 AM"
"239",42659,"11/1/2012 12:00:00 AM","Seasonally adjusted","Wholesale trade",6498794000,4627533000,49272054000,1412845000,490355000,343742000,709790000,24004817000,47583000,9328613000,1723023000,"8/19/2020 9:20:07 AM"
"240",42660,"12/1/2012 12:00:00 AM","Seasonally adjusted","Wholesale trade",6475639000,4630156000,49023905000,1326203000,493829000,350904000,687229000,23802877000,50781000,9353519000,1773550000,"8/19/2020 9:20:07 AM"
"241",42661,"1/1/2013 12:00:00 AM","Seasonally adjusted","Wholesale trade",6444564000,4730289000,49375579000,1331867000,496680000,374773000,706963000,23706412000,50121000,9502495000,1953502000,"8/19/2020 9:20:07 AM"
"242",42662,"2/1/2013 12:00:00 AM","Seasonally adjusted","Wholesale trade",6584553000,4758335000,49522103000,1320083000,493390000,383233000,713715000,23500283000,54757000,9590586000,2047133000,"8/19/2020 9:20:07 AM"
"243",42663,"3/1/2013 12:00:00 AM","Seasonally adjusted","Wholesale trade",6376180000,4752919000,49677436000,1256121000,493620000,362036000,712040000,23937931000,51952000,9516752000,2139942000,"8/19/2020 9:20:07 AM"
"244",42664,"4/1/2013 12:00:00 AM","Seasonally adjusted","Wholesale trade",6403591000,4707341000,49346762000,1194730000,500329000,358984000,694293000,23774129000,52404000,9451980000,2131358000,"8/19/2020 9:20:07 AM"
"245",42665,"5/1/2013 12:00:00 AM","Seasonally adjusted","Wholesale trade",6527520000,4694523000,49778704000,1319287000,495025000,385352000,705503000,23950854000,50825000,9449221000,2127927000,"8/19/2020 9:20:07 AM"
"246",42666,"6/1/2013 12:00:00 AM","Seasonally adjusted","Wholesale trade",6326025000,4593123000,48709194000,1312380000,496534000,377057000,704887000,23426495000,50115000,9222213000,2123600000,"8/19/2020 9:20:07 AM"
"247",42667,"7/1/2013 12:00:00 AM","Seasonally adjusted","Wholesale trade",6624920000,4772922000,49712576000,1342967000,504336000,382935000,701109000,23813338000,50962000,9391065000,2042976000,"8/19/2020 9:20:07 AM"
"248",42668,"8/1/2013 12:00:00 AM","Seasonally adjusted","Wholesale trade",6534349000,4891855000,49898731000,1330569000,504786000,368909000,696448000,24075179000,52882000,9461459000,1875362000,"8/19/2020 9:20:07 AM"
"249",42669,"9/1/2013 12:00:00 AM","Seasonally adjusted","Wholesale trade",6567759000,4758355000,49997147000,1334043000,499491000,397515000,716617000,24192801000,55949000,9450869000,1943165000,"8/19/2020 9:20:07 AM"
"250",42670,"10/1/2013 12:00:00 AM","Seasonally adjusted","Wholesale trade",6737334000,4814248000,50499583000,1302763000,499997000,371601000,715256000,24430720000,55812000,9551938000,1948674000,"8/19/2020 9:20:07 AM"
"251",42671,"11/1/2013 12:00:00 AM","Seasonally adjusted","Wholesale trade",6612764000,4834085000,50509383000,1330589000,495284000,305012000,687837000,24673059000,55881000,9490071000,1954619000,"8/19/2020 9:20:07 AM"
"252",42672,"12/1/2013 12:00:00 AM","Seasonally adjusted","Wholesale trade",6562933000,4839405000,50020548000,1365581000,504592000,407847000,694611000,24276619000,58323000,9418776000,1807300000,"8/19/2020 9:20:07 AM"
"253",42673,"1/1/2014 12:00:00 AM","Seasonally adjusted","Wholesale trade",6681515000,4865551000,50184932000,1311256000,498841000,410083000,714095000,24149635000,56311000,9397510000,2023462000,"8/19/2020 9:20:07 AM"
"254",42674,"2/1/2014 12:00:00 AM","Seasonally adjusted","Wholesale trade",6807290000,4834427000,51341689000,1345048000,506601000,397850000,713689000,25049048000,62600000,9522698000,2013289000,"8/19/2020 9:20:07 AM"
"255",42675,"3/1/2014 12:00:00 AM","Seasonally adjusted","Wholesale trade",6891451000,4928354000,51356479000,1400013000,518313000,428424000,701037000,24676187000,54797000,9564606000,2102493000,"8/19/2020 9:20:07 AM"
"256",42676,"4/1/2014 12:00:00 AM","Seasonally adjusted","Wholesale trade",6988380000,5094378000,51556167000,1390032000,506286000,421253000,711941000,24825428000,58223000,9491080000,1998442000,"8/19/2020 9:20:07 AM"
"257",42677,"5/1/2014 12:00:00 AM","Seasonally adjusted","Wholesale trade",7090200000,5243650000,52873888000,1382554000,515311000,394560000,731821000,25678929000,52703000,9621558000,2086890000,"8/19/2020 9:20:07 AM"
"258",42678,"6/1/2014 12:00:00 AM","Seasonally adjusted","Wholesale trade",7064576000,5124533000,52956208000,1465778000,542937000,418329000,726369000,25704834000,57061000,9579352000,2205744000,"8/19/2020 9:20:07 AM"
"259",42679,"7/1/2014 12:00:00 AM","Seasonally adjusted","Wholesale trade",7081007000,5130883000,52709606000,1474990000,530970000,370887000,736037000,25639134000,57365000,9535271000,2085027000,"8/19/2020 9:20:07 AM"
"260",42680,"8/1/2014 12:00:00 AM","Seasonally adjusted","Wholesale trade",7116544000,5028698000,52993630000,1429998000,523887000,432963000,758001000,26020843000,55819000,9572464000,1981346000,"8/19/2020 9:20:07 AM"
"261",42681,"9/1/2014 12:00:00 AM","Seasonally adjusted","Wholesale trade",7183964000,5212747000,54370263000,1425189000,536400000,450595000,732930000,26609736000,56852000,9887174000,2206146000,"8/19/2020 9:20:07 AM"
"262",42682,"10/1/2014 12:00:00 AM","Seasonally adjusted","Wholesale trade",7225694000,5156337000,53889679000,1482290000,530268000,457785000,737916000,26171747000,56747000,9716041000,2283919000,"8/19/2020 9:20:07 AM"
"263",42683,"11/1/2014 12:00:00 AM","Seasonally adjusted","Wholesale trade",7115969000,5143071000,53257681000,1447320000,524479000,408071000,769792000,25832302000,60176000,9668148000,2227131000,"8/19/2020 9:20:07 AM"
"264",42684,"12/1/2014 12:00:00 AM","Seasonally adjusted","Wholesale trade",7149255000,5335032000,55454367000,1462291000,523134000,411634000,781903000,27524063000,57170000,9829925000,2314366000,"8/19/2020 9:20:07 AM"
"265",42685,"1/1/2015 12:00:00 AM","Seasonally adjusted","Wholesale trade",6947240000,5134762000,53312436000,1372808000,537307000,412115000,740338000,25888962000,60542000,9803765000,2341482000,"8/19/2020 9:20:07 AM"
"266",42686,"2/1/2015 12:00:00 AM","Seasonally adjusted","Wholesale trade",6840616000,5324349000,53742733000,1438720000,541405000,425749000,739445000,26026364000,59624000,9850593000,2433589000,"8/19/2020 9:20:07 AM"
"267",42687,"3/1/2015 12:00:00 AM","Seasonally adjusted","Wholesale trade",6794958000,5322485000,54083752000,1418209000,543661000,428910000,703374000,26552604000,61821000,9756237000,2435897000,"8/19/2020 9:20:07 AM"
"268",42688,"4/1/2015 12:00:00 AM","Seasonally adjusted","Wholesale trade",6877857000,5255136000,55001599000,1468121000,525814000,427016000,759561000,27354063000,57876000,9829303000,2375682000,"8/19/2020 9:20:07 AM"
"269",42689,"5/1/2015 12:00:00 AM","Seasonally adjusted","Wholesale trade",6565875000,5254600000,54244539000,1421401000,496053000,381919000,723644000,27265253000,52054000,9689926000,2320329000,"8/19/2020 9:20:07 AM"
"270",42690,"6/1/2015 12:00:00 AM","Seasonally adjusted","Wholesale trade",6588680000,5275080000,54775703000,1392576000,540121000,434940000,788297000,27317206000,59542000,10008183000,2300587000,"8/19/2020 9:20:07 AM"
"271",42691,"7/1/2015 12:00:00 AM","Seasonally adjusted","Wholesale trade",6472286000,5330407000,54837836000,1424550000,545778000,375596000,764863000,27758014000,60211000,9864733000,2174798000,"8/19/2020 9:20:07 AM"
"272",42692,"8/1/2015 12:00:00 AM","Seasonally adjusted","Wholesale trade",6427551000,5395147000,54843037000,1477623000,532912000,440017000,761634000,27590072000,54024000,9883934000,2216553000,"8/19/2020 9:20:07 AM"
"273",42693,"9/1/2015 12:00:00 AM","Seasonally adjusted","Wholesale trade",6406145000,5420386000,55003035000,1475177000,536395000,444721000,796993000,27510228000,58588000,10025183000,2257364000,"8/19/2020 9:20:07 AM"
"274",42694,"10/1/2015 12:00:00 AM","Seasonally adjusted","Wholesale trade",6281772000,5282527000,54792529000,1462901000,536870000,454177000,794036000,27585078000,54356000,9913457000,2356165000,"8/19/2020 9:20:07 AM"
"275",42695,"11/1/2015 12:00:00 AM","Seasonally adjusted","Wholesale trade",6317612000,5458279000,55845387000,1450693000,531200000,447421000,799219000,28285961000,58842000,10118518000,2307898000,"8/19/2020 9:20:07 AM"
"276",42696,"12/1/2015 12:00:00 AM","Seasonally adjusted","Wholesale trade",6357134000,5511987000,57481438000,1402280000,557152000,404768000,829760000,29515755000,60255000,10418947000,2354456000,"8/19/2020 9:20:07 AM"
"277",42697,"1/1/2016 12:00:00 AM","Seasonally adjusted","Wholesale trade",6252534000,5701774000,56544987000,1512828000,525122000,309131000,787504000,29060699000,63073000,10093167000,2168664000,"8/19/2020 9:20:07 AM"
"278",42698,"2/1/2016 12:00:00 AM","Seasonally adjusted","Wholesale trade",5940431000,5598936000,55359587000,1502977000,520341000,324475000,791641000,28690337000,57039000,9804871000,2066208000,"8/19/2020 9:20:07 AM"
"279",42699,"3/1/2016 12:00:00 AM","Seasonally adjusted","Wholesale trade",5929270000,5341031000,54415547000,1504100000,515022000,337850000,768507000,28137595000,60345000,9756685000,1973954000,"8/19/2020 9:20:07 AM"
"280",42700,"4/1/2016 12:00:00 AM","Seasonally adjusted","Wholesale trade",5907613000,5678385000,55195396000,1486256000,529937000,389638000,743082000,28505561000,57865000,9718775000,2104801000,"8/19/2020 9:20:07 AM"
"281",42701,"5/1/2016 12:00:00 AM","Seasonally adjusted","Wholesale trade",5692020000,5640564000,55505590000,1512459000,521014000,375298000,734273000,28873969000,58039000,9897085000,2129967000,"8/19/2020 9:20:07 AM"
"282",42702,"6/1/2016 12:00:00 AM","Seasonally adjusted","Wholesale trade",5913498000,5691969000,56212285000,1464903000,518587000,359344000,718209000,29278455000,59111000,10020800000,2110480000,"8/19/2020 9:20:07 AM"
"283",42703,"7/1/2016 12:00:00 AM","Seasonally adjusted","Wholesale trade",5730132000,5638818000,56298884000,1453224000,519557000,381709000,768385000,29450838000,61269000,10050785000,2167007000,"8/19/2020 9:20:07 AM"
"284",42704,"8/1/2016 12:00:00 AM","Seasonally adjusted","Wholesale trade",5920293000,5659225000,56373277000,1455565000,533444000,367710000,820950000,29418773000,64094000,9852883000,2205616000,"8/19/2020 9:20:07 AM"
"285",42705,"9/1/2016 12:00:00 AM","Seasonally adjusted","Wholesale trade",5779707000,5655916000,56341983000,1477893000,515490000,374159000,765763000,29643623000,64044000,9816509000,2181497000,"8/19/2020 9:20:07 AM"
"286",42706,"10/1/2016 12:00:00 AM","Seasonally adjusted","Wholesale trade",5841049000,5900407000,56916607000,1434388000,503460000,367290000,790139000,29900841000,63323000,10044240000,1997281000,"8/19/2020 9:20:07 AM"
"287",42707,"11/1/2016 12:00:00 AM","Seasonally adjusted","Wholesale trade",5903212000,6027120000,57011128000,1501978000,504825000,503232000,755601000,29394098000,59608000,10012838000,2264901000,"8/19/2020 9:20:07 AM"
"288",42708,"12/1/2016 12:00:00 AM","Seasonally adjusted","Wholesale trade",6101235000,6096808000,58314269000,1507199000,529546000,362563000,783160000,29809683000,65432000,10590065000,2383752000,"8/19/2020 9:20:07 AM"
"289",42709,"1/1/2017 12:00:00 AM","Seasonally adjusted","Wholesale trade",6106266000,6037766000,58436066000,1535680000,519062000,352809000,858528000,30583537000,59511000,10248119000,2087894000,"8/19/2020 9:20:07 AM"
"290",42710,"2/1/2017 12:00:00 AM","Seasonally adjusted","Wholesale trade",6189518000,5956178000,58318069000,1528355000,506368000,353255000,779119000,30315630000,51506000,10473667000,2084878000,"8/19/2020 9:20:07 AM"
"291",42711,"3/1/2017 12:00:00 AM","Seasonally adjusted","Wholesale trade",6394686000,6045770000,59415162000,1542464000,508096000,447005000,795616000,30689853000,63783000,10708333000,2145780000,"8/19/2020 9:20:07 AM"
"292",42712,"4/1/2017 12:00:00 AM","Seasonally adjusted","Wholesale trade",6391778000,6022504000,59803117000,1604119000,529536000,318218000,827120000,31004101000,63332000,10710699000,2249794000,"8/19/2020 9:20:07 AM"
"293",42713,"5/1/2017 12:00:00 AM","Seasonally adjusted","Wholesale trade",6732199000,6061203000,60424640000,1667865000,547261000,366977000,872301000,31119907000,76911000,10689756000,2203486000,"8/19/2020 9:20:07 AM"
"294",42714,"6/1/2017 12:00:00 AM","Seasonally adjusted","Wholesale trade",6497828000,6207155000,60378924000,1604583000,597865000,382750000,833240000,31311321000,79165000,10702033000,2102903000,"8/19/2020 9:20:07 AM"
"295",42715,"7/1/2017 12:00:00 AM","Seasonally adjusted","Wholesale trade",6661948000,6258852000,60637187000,1592195000,572943000,394188000,806168000,31329668000,63981000,10669622000,2201175000,"8/19/2020 9:20:07 AM"
"296",42716,"8/1/2017 12:00:00 AM","Seasonally adjusted","Wholesale trade",6475787000,6329548000,60854959000,1566233000,545657000,377729000,793814000,31525224000,66087000,10907846000,2158784000,"8/19/2020 9:20:07 AM"
"297",42717,"9/1/2017 12:00:00 AM","Seasonally adjusted","Wholesale trade",6623286000,6178945000,60601190000,1551130000,533825000,353368000,792494000,31541702000,65908000,10836891000,2020859000,"8/19/2020 9:20:07 AM"
"298",42718,"10/1/2017 12:00:00 AM","Seasonally adjusted","Wholesale trade",6727664000,6256004000,61597911000,1626459000,545816000,360933000,815216000,31697797000,73636000,11126452000,2301848000,"8/19/2020 9:20:07 AM"
"299",42719,"11/1/2017 12:00:00 AM","Seasonally adjusted","Wholesale trade",6683763000,6281417000,62407052000,1602186000,561739000,352300000,830507000,32626229000,66238000,11117222000,2193496000,"8/19/2020 9:20:07 AM"
"300",42720,"12/1/2017 12:00:00 AM","Seasonally adjusted","Wholesale trade",6670718000,6405113000,62115868000,1535040000,539875000,363638000,812487000,32387694000,66512000,11106736000,2160019000,"8/19/2020 9:20:07 AM"
"301",42721,"1/1/2018 12:00:00 AM","Seasonally adjusted","Wholesale trade",6747700000,6408764000,61650252000,1590414000,526830000,365942000,816991000,31833476000,64415000,11144726000,2077215000,"8/19/2020 9:20:07 AM"
"302",42722,"2/1/2018 12:00:00 AM","Seasonally adjusted","Wholesale trade",6754145000,6347579000,61216412000,1583882000,538611000,350913000,864603000,31489203000,71866000,11109609000,2025944000,"8/19/2020 9:20:07 AM"
"303",42723,"3/1/2018 12:00:00 AM","Seasonally adjusted","Wholesale trade",6729856000,6478118000,62358813000,1563819000,523156000,339705000,851135000,32447023000,68732000,11189467000,2081427000,"8/19/2020 9:20:07 AM"
"304",42724,"4/1/2018 12:00:00 AM","Seasonally adjusted","Wholesale trade",6753768000,6519232000,62193681000,1572874000,523603000,367806000,871640000,32114459000,79374000,11229123000,2073322000,"8/19/2020 9:20:07 AM"
"305",42725,"5/1/2018 12:00:00 AM","Seasonally adjusted","Wholesale trade",7330498000,6685165000,63502546000,1640869000,533449000,390103000,899264000,32035875000,88424000,11429765000,2384212000,"8/19/2020 9:20:07 AM"
"306",42726,"6/1/2018 12:00:00 AM","Seasonally adjusted","Wholesale trade",6776502000,6634045000,62740071000,1550260000,504389000,363159000,856771000,32389189000,76559000,11261830000,2239638000,"8/19/2020 9:20:07 AM"
"307",42727,"7/1/2018 12:00:00 AM","Seasonally adjusted","Wholesale trade",6923946000,6650297000,62775131000,1558596000,511220000,352335000,857308000,31913016000,75885000,11619030000,2227242000,"8/19/2020 9:20:07 AM"
"308",42728,"8/1/2018 12:00:00 AM","Seasonally adjusted","Wholesale trade",6955349000,6582244000,62887508000,1584024000,590412000,359789000,849681000,31941798000,78759000,11597675000,2260666000,"8/19/2020 9:20:07 AM"
"309",42729,"9/1/2018 12:00:00 AM","Seasonally adjusted","Wholesale trade",6799390000,6548190000,62502193000,1670360000,546526000,350292000,830844000,31902794000,73837000,11435321000,2239353000,"8/19/2020 9:20:07 AM"
"310",42730,"10/1/2018 12:00:00 AM","Seasonally adjusted","Wholesale trade",6718082000,6608281000,63335434000,1622435000,587774000,354278000,821171000,32484805000,78866000,11714572000,2250504000,"8/19/2020 9:20:07 AM"
"311",42731,"11/1/2018 12:00:00 AM","Seasonally adjusted","Wholesale trade",6821711000,6345767000,62864898000,1619888000,567469000,344548000,859962000,32200459000,77405000,11622392000,2324528000,"8/19/2020 9:20:07 AM"
"312",42732,"12/1/2018 12:00:00 AM","Seasonally adjusted","Wholesale trade",6829594000,6449568000,62866129000,1666616000,549193000,374476000,888741000,32201086000,77416000,11370104000,2383153000,"8/19/2020 9:20:07 AM"
"313",42733,"1/1/2019 12:00:00 AM","Seasonally adjusted","Wholesale trade",6742851000,6443488000,62482110000,1609170000,621828000,367574000,897732000,32107605000,79654000,11416957000,2117339000,"8/19/2020 9:20:07 AM"
"314",42734,"2/1/2019 12:00:00 AM","Seasonally adjusted","Wholesale trade",6382934000,6145622000,62330984000,1515741000,563274000,362911000,875095000,32527445000,84157000,11373984000,2428254000,"8/19/2020 9:20:07 AM"
"315",42735,"3/1/2019 12:00:00 AM","Seasonally adjusted","Wholesale trade",6757891000,6397788000,63405344000,1635320000,592009000,354786000,912912000,32610424000,82245000,11666779000,2313983000,"8/19/2020 9:20:07 AM"
"316",42736,"4/1/2019 12:00:00 AM","Seasonally adjusted","Wholesale trade",7478721000,6509703000,64439709000,1544782000,577152000,349113000,875069000,32742800000,79299000,11995787000,2200133000,"8/19/2020 9:20:07 AM"
"317",42737,"5/1/2019 12:00:00 AM","Seasonally adjusted","Wholesale trade",6836786000,6381427000,63727321000,1524251000,584258000,362272000,889579000,32760788000,87899000,12002052000,2223178000,"8/19/2020 9:20:07 AM"
"318",42738,"6/1/2019 12:00:00 AM","Seasonally adjusted","Wholesale trade",6860371000,6335671000,63601452000,1505632000,620814000,366837000,996813000,32643170000,88889000,11921656000,2199372000,"8/19/2020 9:20:07 AM"
"319",42739,"7/1/2019 12:00:00 AM","Seasonally adjusted","Wholesale trade",6708965000,6385258000,64541220000,1523110000,614970000,342454000,901566000,33590855000,89922000,12065771000,2244456000,"8/19/2020 9:20:07 AM"
"320",42740,"8/1/2019 12:00:00 AM","Seasonally adjusted","Wholesale trade",6650481000,6308864000,63535418000,1523823000,586983000,327882000,903845000,33059924000,88822000,11799938000,2207478000,"8/19/2020 9:20:07 AM"
"321",42741,"9/1/2019 12:00:00 AM","Seasonally adjusted","Wholesale trade",6824567000,6533339000,64304836000,1498850000,595127000,351225000,929004000,33119987000,90148000,12044867000,2239805000,"8/19/2020 9:20:07 AM"
"322",42742,"10/1/2019 12:00:00 AM","Seasonally adjusted","Wholesale trade",6678422000,6240484000,63429273000,1503845000,586224000,342507000,808284000,33266601000,87719000,11725804000,2110895000,"8/19/2020 9:20:07 AM"
"323",42743,"11/1/2019 12:00:00 AM","Seasonally adjusted","Wholesale trade",6470379000,6212091000,62571761000,1497079000,571655000,358106000,894994000,32628478000,91693000,11748466000,2029205000,"8/19/2020 9:20:07 AM"
"324",42744,"12/1/2019 12:00:00 AM","Seasonally adjusted","Wholesale trade",6523468000,6236426000,63442156000,1543016000,587000000,344949000,898530000,33044767000,90666000,12056601000,2037544000,"8/19/2020 9:20:07 AM"
"325",42745,"1/1/2020 12:00:00 AM","Seasonally adjusted","Wholesale trade",6406979000,6155570000,64009892000,1522305000,610973000,328556000,956737000,33444583000,98582000,12257483000,2155662000,"8/19/2020 9:20:07 AM"
"326",42746,"2/1/2020 12:00:00 AM","Seasonally adjusted","Wholesale trade",6588319000,6299915000,64569012000,1523461000,592393000,337692000,865412000,34016432000,85750000,12156591000,2034721000,"8/19/2020 9:20:07 AM"
"327",42747,"3/1/2020 12:00:00 AM","Seasonally adjusted","Wholesale trade",6538415000,6123971000,63069958000,1552972000,586759000,330950000,874348000,32761257000,108084000,11921893000,2200968000,"8/19/2020 9:20:07 AM"
"328",42748,"4/1/2020 12:00:00 AM","Seasonally adjusted","Wholesale trade",6494273000,5149119000,49462197000,1423049000,470382000,263917000,678175000,22947776000,86511000,9584172000,2304662000,"8/19/2020 9:20:07 AM"
"329",42749,"5/1/2020 12:00:00 AM","Seasonally adjusted","Wholesale trade",6021086000,5388107000,52355597000,1480116000,505012000,297820000,786206000,24952653000,66016000,10684451000,2115663000,"8/19/2020 9:20:07 AM"
"330",42750,"6/1/2020 12:00:00 AM","Seasonally adjusted","Wholesale trade",6452675000,5925500000,62056030000,1556344000,593954000,299799000,925491000,31907220000,81219000,11970068000,2283037000,"8/19/2020 9:20:07 AM"
